Tabela_CEST|ITEM|CEST|NCM/SH|DESCRICAO|Legislacao|Vigencia_inicial|Vigencia_final|Aliq_Interna|MVA_Original|MVA_Original_S/Fid|MVA_S/Fid_Aliq_4%|MVA_S/Fid_Aliq_7%|MVA_S/Fid_Aliq_12%|MVA_Original_C/Fid|MVA_C/Fid_Aliq_4%|MVA_C/Fid_Aliq_7%|MVA_C/Fid_Aliq_12%|Funcep|Pauta_Fiscal|MVA_Aliq_4%|MVA_Aliq_7%|MVA_Aliq_12%|Funcep_Bebidas_Gaseificada|MVA_Original_deriv_Petr|MVA_deriv_Petr_Aliq_4%|MVA_deriv_Petr_Aliq_7%|MVA_deriv_Petr_Aliq_12%|MVA_Original_N_deriv_Petr|MVA_N_deriv_Petr_Aliq_4%|MVA_N_deriv_Petr_Aliq_7%|MVA_N_deriv_Petr_Aliq_12%|MVA_Original_Outros_Prod|MVA_Outros_Prod_Aliq_4%|MVA_Outros_Prod_Aliq_7%|MVA_Outros_Prod_Aliq_12%|Funcep_Consumo_maior_100Kw/h|Lista|UF_Signataria|Exterior_UF_nao_Signat.|Ato_Cotepe|Origem_Arquivo|Nome_Aba_Planilha
01|1.0|01.001.00|38151210|Catalisadores em colmeia cerâmica ou metálica para conversão catalítica de gases de escape de veículos e outros catalisadores|DECRETO ICMS/PB Nº 39.158|2019-05-07 00:00:00||0.18|0.00|0.7178|1.011082926829268|0.9482365853658534|0.843492682926829|0.3656|0.5987512195121949|0.5487902439024386|0.4655219512195119|0.00||0.00|0.00|0.00|0.00|0.00|0.00|0.00|0.00|0.00|0.00|0.00|0.00|0.00|0.00|0.00|0.00|0.00|||||Anexo_5_Autopeças (1).xlsx|AutoPecas
01|1.0|01.001.00|38151290|Catalisadores em colmeia cerâmica ou metálica para conversão catalítica de gases de escape de veículos e outros catalisadores|DECRETO ICMS/PB Nº 39.158|2019-05-07 00:00:00||0.18|0.00|0.7178|1.011082926829268|0.9482365853658534|0.843492682926829|0.3656|0.5987512195121949|0.5487902439024386|0.4655219512195119|0.00||0.00|0.00|0.00|0.00|0.00|0.00|0.00|0.00|0.00|0.00|0.00|0.00|0.00|0.00|0.00|0.00|0.00|||||Anexo_5_Autopeças (1).xlsx|AutoPecas
01|2.0|01.002.00|3917|Tubos e seus acessórios (por exemplo, juntas, cotovelos, flanges, uniões), de plásticos|DECRETO ICMS/PB Nº 39.158|2019-05-07 00:00:00||0.18|0.00|0.7178|1.011082926829268|0.9482365853658534|0.843492682926829|0.3656|0.5987512195121949|0.5487902439024386|0.4655219512195119|0.00||0.00|0.00|0.00|0.00|0.00|0.00|0.00|0.00|0.00|0.00|0.00|0.00|0.00|0.00|0.00|0.00|0.00|||||Anexo_5_Autopeças (1).xlsx|AutoPecas
01|3.0|01.003.00|39181000|Protetores de caçamba|DECRETO ICMS/PB Nº 39.158|2019-05-07 00:00:00||0.18|0.00|0.7178|1.011082926829268|0.9482365853658534|0.843492682926829|0.3656|0.5987512195121949|0.5487902439024386|0.4655219512195119|0.00||0.00|0.00|0.00|0.00|0.00|0.00|0.00|0.00|0.00|0.00|0.00|0.00|0.00|0.00|0.00|0.00|0.00|||||Anexo_5_Autopeças (1).xlsx|AutoPecas
01|4.0|01.004.00|39233000|Reservatórios de óleo|DECRETO ICMS/PB Nº 39.158|2019-05-07 00:00:00||0.18|0.00|0.7178|1.011082926829268|0.9482365853658534|0.843492682926829|0.3656|0.5987512195121949|0.5487902439024386|0.4655219512195119|0.00||0.00|0.00|0.00|0.00|0.00|0.00|0.00|0.00|0.00|0.00|0.00|0.00|0.00|0.00|0.00|0.00|0.00|||||Anexo_5_Autopeças (1).xlsx|AutoPecas
01|5.0|01.005.00|39263000|Frisos, decalques, molduras e acabamentos|DECRETO ICMS/PB Nº 39.158|2019-05-07 00:00:00||0.18|0.00|0.7178|1.011082926829268|0.9482365853658534|0.843492682926829|0.3656|0.5987512195121949|0.5487902439024386|0.4655219512195119|0.00||0.00|0.00|0.00|0.00|0.00|0.00|0.00|0.00|0.00|0.00|0.00|0.00|0.00|0.00|0.00|0.00|0.00|||||Anexo_5_Autopeças (1).xlsx|AutoPecas
01|6.0|01.006.00|40103|Correias de transmissão de borracha vulcanizada, de matérias têxteis, mesmo impregnadas, revestidas ou recobertas, de plástico, ou estratificadas com plástico ou reforçadas com metal ou com outras matérias|DECRETO ICMS/PB Nº 39.158|2019-05-07 00:00:00||0.18|0.00|0.7178|1.011082926829268|0.9482365853658534|0.843492682926829|0.3656|0.5987512195121949|0.5487902439024386|0.4655219512195119|0.00||0.00|0.00|0.00|0.00|0.00|0.00|0.00|0.00|0.00|0.00|0.00|0.00|0.00|0.00|0.00|0.00|0.00|||||Anexo_5_Autopeças (1).xlsx|AutoPecas
01|6.0|01.006.00|59100000|Correias de transmissão de borracha vulcanizada, de matérias têxteis, mesmo impregnadas, revestidas ou recobertas, de plástico, ou estratificadas com plástico ou reforçadas com metal ou com outras matérias|DECRETO ICMS/PB Nº 39.158|2019-05-07 00:00:00||0.18|0.00|0.7178|1.011082926829268|0.9482365853658534|0.843492682926829|0.3656|0.5987512195121949|0.5487902439024386|0.4655219512195119|0.00||0.00|0.00|0.00|0.00|0.00|0.00|0.00|0.00|0.00|0.00|0.00|0.00|0.00|0.00|0.00|0.00|0.00|||||Anexo_5_Autopeças (1).xlsx|AutoPecas
01|7.0|01.007.00|40169300|Juntas, gaxetas e outros elementos com função semelhante de vedação|DECRETO ICMS/PB Nº 39.158|2019-05-07 00:00:00||0.18|0.00|0.7178|1.011082926829268|0.9482365853658534|0.843492682926829|0.3656|0.5987512195121949|0.5487902439024386|0.4655219512195119|0.00||0.00|0.00|0.00|0.00|0.00|0.00|0.00|0.00|0.00|0.00|0.00|0.00|0.00|0.00|0.00|0.00|0.00|||||Anexo_5_Autopeças (1).xlsx|AutoPecas
01|7.0|01.007.00|4823909|Juntas, gaxetas e outros elementos com função semelhante de vedação|DECRETO ICMS/PB Nº 39.158|2019-05-07 00:00:00||0.18|0.00|0.7178|1.011082926829268|0.9482365853658534|0.843492682926829|0.3656|0.5987512195121949|0.5487902439024386|0.4655219512195119|0.00||0.00|0.00|0.00|0.00|0.00|0.00|0.00|0.00|0.00|0.00|0.00|0.00|0.00|0.00|0.00|0.00|0.00|||||Anexo_5_Autopeças (1).xlsx|AutoPecas
01|8.0|01.008.00|40161010|Partes de veículos automóveis, tratores e máquinas autopropulsadas|DECRETO ICMS/PB Nº 39.158|2019-05-07 00:00:00||0.18|0.00|0.7178|1.011082926829268|0.9482365853658534|0.843492682926829|0.3656|0.5987512195121949|0.5487902439024386|0.4655219512195119|0.00||0.00|0.00|0.00|0.00|0.00|0.00|0.00|0.00|0.00|0.00|0.00|0.00|0.00|0.00|0.00|0.00|0.00|||||Anexo_5_Autopeças (1).xlsx|AutoPecas
01|9.0|01.009.00|40169990|Tapetes, revestimentos, mesmo confeccionados, batentes, buchas e coxins|DECRETO ICMS/PB Nº 39.158|2019-05-07 00:00:00||0.18|0.00|0.7178|1.011082926829268|0.9482365853658534|0.843492682926829|0.3656|0.5987512195121949|0.5487902439024386|0.4655219512195119|0.00||0.00|0.00|0.00|0.00|0.00|0.00|0.00|0.00|0.00|0.00|0.00|0.00|0.00|0.00|0.00|0.00|0.00|||||Anexo_5_Autopeças (1).xlsx|AutoPecas
01|9.0|01.009.00|57050000|Tapetes, revestimentos, mesmo confeccionados, batentes, buchas e coxins|DECRETO ICMS/PB Nº 39.158|2019-05-07 00:00:00||0.18|0.00|0.7178|1.011082926829268|0.9482365853658534|0.843492682926829|0.3656|0.5987512195121949|0.5487902439024386|0.4655219512195119|0.00||0.00|0.00|0.00|0.00|0.00|0.00|0.00|0.00|0.00|0.00|0.00|0.00|0.00|0.00|0.00|0.00|0.00|||||Anexo_5_Autopeças (1).xlsx|AutoPecas
01|10.0|01.010.00|59039000|Tecidos impregnados, revestidos, recobertos ou estratificados, com plástico|DECRETO ICMS/PB Nº 39.158|2019-05-07 00:00:00||0.18|0.00|0.7178|1.011082926829268|0.9482365853658534|0.843492682926829|0.3656|0.5987512195121949|0.5487902439024386|0.4655219512195119|0.00||0.00|0.00|0.00|0.00|0.00|0.00|0.00|0.00|0.00|0.00|0.00|0.00|0.00|0.00|0.00|0.00|0.00|||||Anexo_5_Autopeças (1).xlsx|AutoPecas
01|11.0|01.011.00|59090000|Mangueiras e tubos semelhantes, de matérias têxteis, mesmo com reforço ou acessórios de outras matérias|DECRETO ICMS/PB Nº 39.158|2019-05-07 00:00:00||0.18|0.00|0.7178|1.011082926829268|0.9482365853658534|0.843492682926829|0.3656|0.5987512195121949|0.5487902439024386|0.4655219512195119|0.00||0.00|0.00|0.00|0.00|0.00|0.00|0.00|0.00|0.00|0.00|0.00|0.00|0.00|0.00|0.00|0.00|0.00|||||Anexo_5_Autopeças (1).xlsx|AutoPecas
01|12.0|01.012.00|63061|Encerados e toldos|DECRETO ICMS/PB Nº 39.158|2019-05-07 00:00:00||0.18|0.00|0.7178|1.011082926829268|0.9482365853658534|0.843492682926829|0.3656|0.5987512195121949|0.5487902439024386|0.4655219512195119|0.00||0.00|0.00|0.00|0.00|0.00|0.00|0.00|0.00|0.00|0.00|0.00|0.00|0.00|0.00|0.00|0.00|0.00|||||Anexo_5_Autopeças (1).xlsx|AutoPecas
01|13.0|01.013.00|65061000|Capacetes e artefatos de uso semelhante, de proteção, para uso em motocicletas, incluídos ciclomotores|DECRETO ICMS/PB Nº 39.158|2019-05-07 00:00:00||0.18|0.00|0.7178|1.011082926829268|0.9482365853658534|0.843492682926829|0.3656|0.5987512195121949|0.5487902439024386|0.4655219512195119|0.00||0.00|0.00|0.00|0.00|0.00|0.00|0.00|0.00|0.00|0.00|0.00|0.00|0.00|0.00|0.00|0.00|0.00|||||Anexo_5_Autopeças (1).xlsx|AutoPecas
01|14.0|01.014.00|6813|Guarnições de fricção (por exemplo, placas, rolos, tiras, segmentos, discos, anéis, pastilhas), não montadas, para freios, embreagens ou qualquer outro mecanismo de fricção, à base de amianto, de outras substâncias minerais ou de celulose, mesmo combinadas com têxteis ou outras matérias|DECRETO ICMS/PB Nº 39.158|2019-05-07 00:00:00||0.18|0.00|0.7178|1.011082926829268|0.9482365853658534|0.843492682926829|0.3656|0.5987512195121949|0.5487902439024386|0.4655219512195119|0.00||0.00|0.00|0.00|0.00|0.00|0.00|0.00|0.00|0.00|0.00|0.00|0.00|0.00|0.00|0.00|0.00|0.00|||||Anexo_5_Autopeças (1).xlsx|AutoPecas
01|15.0|01.015.00|70071100|Vidros de dimensões e formatos que permitam aplicação automotiva|DECRETO ICMS/PB Nº 39.158|2019-05-07 00:00:00||0.18|0.00|0.7178|1.011082926829268|0.9482365853658534|0.843492682926829|0.3656|0.5987512195121949|0.5487902439024386|0.4655219512195119|0.00||0.00|0.00|0.00|0.00|0.00|0.00|0.00|0.00|0.00|0.00|0.00|0.00|0.00|0.00|0.00|0.00|0.00|||||Anexo_5_Autopeças (1).xlsx|AutoPecas
01|15.0|01.015.00|70072100|Vidros de dimensões e formatos que permitam aplicação automotiva|DECRETO ICMS/PB Nº 39.158|2019-05-07 00:00:00||0.18|0.00|0.7178|1.011082926829268|0.9482365853658534|0.843492682926829|0.3656|0.5987512195121949|0.5487902439024386|0.4655219512195119|0.00||0.00|0.00|0.00|0.00|0.00|0.00|0.00|0.00|0.00|0.00|0.00|0.00|0.00|0.00|0.00|0.00|0.00|||||Anexo_5_Autopeças (1).xlsx|AutoPecas
01|16.0|01.016.00|70091000|Espelhos retrovisores|DECRETO ICMS/PB Nº 39.158|2019-05-07 00:00:00||0.18|0.00|0.7178|1.011082926829268|0.9482365853658534|0.843492682926829|0.3656|0.5987512195121949|0.5487902439024386|0.4655219512195119|0.00||0.00|0.00|0.00|0.00|0.00|0.00|0.00|0.00|0.00|0.00|0.00|0.00|0.00|0.00|0.00|0.00|0.00|||||Anexo_5_Autopeças (1).xlsx|AutoPecas
01|17.0|01.017.00|70140000|Lentes de faróis, lanternas e outros utensílios|DECRETO ICMS/PB Nº 39.158|2019-05-07 00:00:00||0.18|0.00|0.7178|1.011082926829268|0.9482365853658534|0.843492682926829|0.3656|0.5987512195121949|0.5487902439024386|0.4655219512195119|0.00||0.00|0.00|0.00|0.00|0.00|0.00|0.00|0.00|0.00|0.00|0.00|0.00|0.00|0.00|0.00|0.00|0.00|||||Anexo_5_Autopeças (1).xlsx|AutoPecas
01|18.0|01.018.00|73110000|Cilindro de aço para GNV (gás natural veicular)|DECRETO ICMS/PB Nº 39.158|2019-05-07 00:00:00||0.18|0.00|0.7178|1.011082926829268|0.9482365853658534|0.843492682926829|0.3656|0.5987512195121949|0.5487902439024386|0.4655219512195119|0.00||0.00|0.00|0.00|0.00|0.00|0.00|0.00|0.00|0.00|0.00|0.00|0.00|0.00|0.00|0.00|0.00|0.00|||||Anexo_5_Autopeças (1).xlsx|AutoPecas
01|19.0|01.019.00|73110000|Recipientes para gases comprimidos ou liquefeitos, de ferro fundido, ferro ou aço, exceto o descrito no item 18.0|DECRETO ICMS/PB Nº 39.158|2019-05-07 00:00:00||0.18|0.00|0.7178|1.011082926829268|0.9482365853658534|0.843492682926829|0.3656|0.5987512195121949|0.5487902439024386|0.4655219512195119|0.00||0.00|0.00|0.00|0.00|0.00|0.00|0.00|0.00|0.00|0.00|0.00|0.00|0.00|0.00|0.00|0.00|0.00|||||Anexo_5_Autopeças (1).xlsx|AutoPecas
01|20.0|01.020.00|7320|Molas e folhas de molas, de ferro ou aço|DECRETO ICMS/PB Nº 39.158|2019-05-07 00:00:00||0.18|0.00|0.7178|1.011082926829268|0.9482365853658534|0.843492682926829|0.3656|0.5987512195121949|0.5487902439024386|0.4655219512195119|0.00||0.00|0.00|0.00|0.00|0.00|0.00|0.00|0.00|0.00|0.00|0.00|0.00|0.00|0.00|0.00|0.00|0.00|||||Anexo_5_Autopeças (1).xlsx|AutoPecas
01|21.0|01.021.00|7325|Obras moldadas, de ferro fundido, ferro ou aço, exceto as do código 7325.91.00|DECRETO ICMS/PB Nº 39.158|2019-05-07 00:00:00||0.18|0.00|0.7178|1.011082926829268|0.9482365853658534|0.843492682926829|0.3656|0.5987512195121949|0.5487902439024386|0.4655219512195119|0.00||0.00|0.00|0.00|0.00|0.00|0.00|0.00|0.00|0.00|0.00|0.00|0.00|0.00|0.00|0.00|0.00|0.00|||||Anexo_5_Autopeças (1).xlsx|AutoPecas
01|22.0|01.022.00|780600|Peso de chumbo para balanceamento de roda|DECRETO ICMS/PB Nº 39.158|2019-05-07 00:00:00||0.18|0.00|0.7178|1.011082926829268|0.9482365853658534|0.843492682926829|0.3656|0.5987512195121949|0.5487902439024386|0.4655219512195119|0.00||0.00|0.00|0.00|0.00|0.00|0.00|0.00|0.00|0.00|0.00|0.00|0.00|0.00|0.00|0.00|0.00|0.00|||||Anexo_5_Autopeças (1).xlsx|AutoPecas
01|23.0|01.023.00|80070090|Peso para balanceamento de roda e outros utensílios de estanho|DECRETO ICMS/PB Nº 39.158|2019-05-07 00:00:00||0.18|0.00|0.7178|1.011082926829268|0.9482365853658534|0.843492682926829|0.3656|0.5987512195121949|0.5487902439024386|0.4655219512195119|0.00||0.00|0.00|0.00|0.00|0.00|0.00|0.00|0.00|0.00|0.00|0.00|0.00|0.00|0.00|0.00|0.00|0.00|||||Anexo_5_Autopeças (1).xlsx|AutoPecas
01|24.0|01.024.00|830120|Fechaduras e partes de fechaduras|DECRETO ICMS/PB Nº 39.158|2019-05-07 00:00:00||0.18|0.00|0.7178|1.011082926829268|0.9482365853658534|0.843492682926829|0.3656|0.5987512195121949|0.5487902439024386|0.4655219512195119|0.00||0.00|0.00|0.00|0.00|0.00|0.00|0.00|0.00|0.00|0.00|0.00|0.00|0.00|0.00|0.00|0.00|0.00|||||Anexo_5_Autopeças (1).xlsx|AutoPecas
01|24.0|01.024.00|830160|Fechaduras e partes de fechaduras|DECRETO ICMS/PB Nº 39.158|2019-05-07 00:00:00||0.18|0.00|0.7178|1.011082926829268|0.9482365853658534|0.843492682926829|0.3656|0.5987512195121949|0.5487902439024386|0.4655219512195119|0.00||0.00|0.00|0.00|0.00|0.00|0.00|0.00|0.00|0.00|0.00|0.00|0.00|0.00|0.00|0.00|0.00|0.00|||||Anexo_5_Autopeças (1).xlsx|AutoPecas
01|25.0|01.025.00|830170|Chaves apresentadas isoladamente|DECRETO ICMS/PB Nº 39.158|2019-05-07 00:00:00||0.18|0.00|0.7178|1.011082926829268|0.9482365853658534|0.843492682926829|0.3656|0.5987512195121949|0.5487902439024386|0.4655219512195119|0.00||0.00|0.00|0.00|0.00|0.00|0.00|0.00|0.00|0.00|0.00|0.00|0.00|0.00|0.00|0.00|0.00|0.00|||||Anexo_5_Autopeças (1).xlsx|AutoPecas
01|26.0|01.026.00|83021000|Dobradiças, guarnições, ferragens e artigos semelhantes de metais comuns|DECRETO ICMS/PB Nº 39.158|2019-05-07 00:00:00||0.18|0.00|0.7178|1.011082926829268|0.9482365853658534|0.843492682926829|0.3656|0.5987512195121949|0.5487902439024386|0.4655219512195119|0.00||0.00|0.00|0.00|0.00|0.00|0.00|0.00|0.00|0.00|0.00|0.00|0.00|0.00|0.00|0.00|0.00|0.00|||||Anexo_5_Autopeças (1).xlsx|AutoPecas
01|26.0|01.026.00|83023000|Dobradiças, guarnições, ferragens e artigos semelhantes de metais comuns|DECRETO ICMS/PB Nº 39.158|2019-05-07 00:00:00||0.18|0.00|0.7178|1.011082926829268|0.9482365853658534|0.843492682926829|0.3656|0.5987512195121949|0.5487902439024386|0.4655219512195119|0.00||0.00|0.00|0.00|0.00|0.00|0.00|0.00|0.00|0.00|0.00|0.00|0.00|0.00|0.00|0.00|0.00|0.00|||||Anexo_5_Autopeças (1).xlsx|AutoPecas
01|27.0|01.027.00|831000|Triângulo de segurança|DECRETO ICMS/PB Nº 39.158|2019-05-07 00:00:00||0.18|0.00|0.7178|1.011082926829268|0.9482365853658534|0.843492682926829|0.3656|0.5987512195121949|0.5487902439024386|0.4655219512195119|0.00||0.00|0.00|0.00|0.00|0.00|0.00|0.00|0.00|0.00|0.00|0.00|0.00|0.00|0.00|0.00|0.00|0.00|||||Anexo_5_Autopeças (1).xlsx|AutoPecas
01|28.0|01.028.00|84073|Motores de pistão alternativo dos tipos utilizados para propulsão de veículos do Capítulo 87|DECRETO ICMS/PB Nº 39.158|2019-05-07 00:00:00||0.18|0.00|0.7178|1.011082926829268|0.9482365853658534|0.843492682926829|0.3656|0.5987512195121949|0.5487902439024386|0.4655219512195119|0.00||0.00|0.00|0.00|0.00|0.00|0.00|0.00|0.00|0.00|0.00|0.00|0.00|0.00|0.00|0.00|0.00|0.00|||||Anexo_5_Autopeças (1).xlsx|AutoPecas
01|29.0|01.029.00|840820|Motores dos tipos utilizados para propulsão de veículos automotores|DECRETO ICMS/PB Nº 39.158|2019-05-07 00:00:00||0.18|0.00|0.7178|1.011082926829268|0.9482365853658534|0.843492682926829|0.3656|0.5987512195121949|0.5487902439024386|0.4655219512195119|0.00||0.00|0.00|0.00|0.00|0.00|0.00|0.00|0.00|0.00|0.00|0.00|0.00|0.00|0.00|0.00|0.00|0.00|||||Anexo_5_Autopeças (1).xlsx|AutoPecas
01|30.0|01.030.00|84099|Partes reconhecíveis como exclusiva ou principalmente destinadas aos motores das posições 8407 ou 8408|DECRETO ICMS/PB Nº 39.158|2019-05-07 00:00:00||0.18|0.00|0.7178|1.011082926829268|0.9482365853658534|0.843492682926829|0.3656|0.5987512195121949|0.5487902439024386|0.4655219512195119|0.00||0.00|0.00|0.00|0.00|0.00|0.00|0.00|0.00|0.00|0.00|0.00|0.00|0.00|0.00|0.00|0.00|0.00|||||Anexo_5_Autopeças (1).xlsx|AutoPecas
01|31.0|01.031.00|84122|Motores hidráulicos|DECRETO ICMS/PB Nº 39.158|2019-05-07 00:00:00||0.18|0.00|0.7178|1.011082926829268|0.9482365853658534|0.843492682926829|0.3656|0.5987512195121949|0.5487902439024386|0.4655219512195119|0.00||0.00|0.00|0.00|0.00|0.00|0.00|0.00|0.00|0.00|0.00|0.00|0.00|0.00|0.00|0.00|0.00|0.00|||||Anexo_5_Autopeças (1).xlsx|AutoPecas
01|32.0|01.032.00|841330|Bombas para combustíveis, lubrificantes ou líquidos de arrefecimento, próprias para motores de ignição por centelha ou por compressão|DECRETO ICMS/PB Nº 39.158|2019-05-07 00:00:00||0.18|0.00|0.7178|1.011082926829268|0.9482365853658534|0.843492682926829|0.3656|0.5987512195121949|0.5487902439024386|0.4655219512195119|0.00||0.00|0.00|0.00|0.00|0.00|0.00|0.00|0.00|0.00|0.00|0.00|0.00|0.00|0.00|0.00|0.00|0.00|||||Anexo_5_Autopeças (1).xlsx|AutoPecas
01|33.0|01.033.00|84141000|Bombas de vácuo|DECRETO ICMS/PB Nº 39.158|2019-05-07 00:00:00||0.18|0.00|0.7178|1.011082926829268|0.9482365853658534|0.843492682926829|0.3656|0.5987512195121949|0.5487902439024386|0.4655219512195119|0.00||0.00|0.00|0.00|0.00|0.00|0.00|0.00|0.00|0.00|0.00|0.00|0.00|0.00|0.00|0.00|0.00|0.00|||||Anexo_5_Autopeças (1).xlsx|AutoPecas
01|34.0|01.034.00|8414801|Compressores e turbocompressores de ar|DECRETO ICMS/PB Nº 39.158|2019-05-07 00:00:00||0.18|0.00|0.7178|1.011082926829268|0.9482365853658534|0.843492682926829|0.3656|0.5987512195121949|0.5487902439024386|0.4655219512195119|0.00||0.00|0.00|0.00|0.00|0.00|0.00|0.00|0.00|0.00|0.00|0.00|0.00|0.00|0.00|0.00|0.00|0.00|||||Anexo_5_Autopeças (1).xlsx|AutoPecas
01|34.0|01.034.00|8414802|Compressores e turbocompressores de ar|DECRETO ICMS/PB Nº 39.158|2019-05-07 00:00:00||0.18|0.00|0.7178|1.011082926829268|0.9482365853658534|0.843492682926829|0.3656|0.5987512195121949|0.5487902439024386|0.4655219512195119|0.00||0.00|0.00|0.00|0.00|0.00|0.00|0.00|0.00|0.00|0.00|0.00|0.00|0.00|0.00|0.00|0.00|0.00|||||Anexo_5_Autopeças (1).xlsx|AutoPecas
01|35.0|01.035.00|84139190|Partes das bombas, compressores e turbocompressores dos CEST 01.032.00, 01.033.00 e 01.034.00|DECRETO ICMS/PB Nº 39.158|2019-05-07 00:00:00||0.18|0.00|0.7178|1.011082926829268|0.9482365853658534|0.843492682926829|0.3656|0.5987512195121949|0.5487902439024386|0.4655219512195119|0.00||0.00|0.00|0.00|0.00|0.00|0.00|0.00|0.00|0.00|0.00|0.00|0.00|0.00|0.00|0.00|0.00|0.00|||||Anexo_5_Autopeças (1).xlsx|AutoPecas
01|35.0|01.035.00|84149010|Partes das bombas, compressores e turbocompressores dos CEST 01.032.00, 01.033.00 e 01.034.00|DECRETO ICMS/PB Nº 39.158|2019-05-07 00:00:00||0.18|0.00|0.7178|1.011082926829268|0.9482365853658534|0.843492682926829|0.3656|0.5987512195121949|0.5487902439024386|0.4655219512195119|0.00||0.00|0.00|0.00|0.00|0.00|0.00|0.00|0.00|0.00|0.00|0.00|0.00|0.00|0.00|0.00|0.00|0.00|||||Anexo_5_Autopeças (1).xlsx|AutoPecas
01|35.0|01.035.00|8414903|Partes das bombas, compressores e turbocompressores dos CEST 01.032.00, 01.033.00 e 01.034.00|DECRETO ICMS/PB Nº 39.158|2019-05-07 00:00:00||0.18|0.00|0.7178|1.011082926829268|0.9482365853658534|0.843492682926829|0.3656|0.5987512195121949|0.5487902439024386|0.4655219512195119|0.00||0.00|0.00|0.00|0.00|0.00|0.00|0.00|0.00|0.00|0.00|0.00|0.00|0.00|0.00|0.00|0.00|0.00|||||Anexo_5_Autopeças (1).xlsx|AutoPecas
01|35.0|01.035.00|84149039|Partes das bombas, compressores e turbocompressores dos CEST 01.032.00, 01.033.00 e 01.034.00|DECRETO ICMS/PB Nº 39.158|2019-05-07 00:00:00||0.18|0.00|0.7178|1.011082926829268|0.9482365853658534|0.843492682926829|0.3656|0.5987512195121949|0.5487902439024386|0.4655219512195119|0.00||0.00|0.00|0.00|0.00|0.00|0.00|0.00|0.00|0.00|0.00|0.00|0.00|0.00|0.00|0.00|0.00|0.00|||||Anexo_5_Autopeças (1).xlsx|AutoPecas
01|36.0|01.036.00|841520|Máquinas e aparelhos de ar condicionado|DECRETO ICMS/PB Nº 39.158|2019-05-07 00:00:00||0.18|0.00|0.7178|1.011082926829268|0.9482365853658534|0.843492682926829|0.3656|0.5987512195121949|0.5487902439024386|0.4655219512195119|0.00||0.00|0.00|0.00|0.00|0.00|0.00|0.00|0.00|0.00|0.00|0.00|0.00|0.00|0.00|0.00|0.00|0.00|||||Anexo_5_Autopeças (1).xlsx|AutoPecas
01|37.0|01.037.00|84212300|Aparelhos para filtrar óleos minerais nos motores de ignição por centelha ou por compressão|DECRETO ICMS/PB Nº 39.158|2019-05-07 00:00:00||0.18|0.00|0.7178|1.011082926829268|0.9482365853658534|0.843492682926829|0.3656|0.5987512195121949|0.5487902439024386|0.4655219512195119|0.00||0.00|0.00|0.00|0.00|0.00|0.00|0.00|0.00|0.00|0.00|0.00|0.00|0.00|0.00|0.00|0.00|0.00|||||Anexo_5_Autopeças (1).xlsx|AutoPecas
01|38.0|01.038.00|84212990|Filtros a vácuo|DECRETO ICMS/PB Nº 39.158|2019-05-07 00:00:00||0.18|0.00|0.7178|1.011082926829268|0.9482365853658534|0.843492682926829|0.3656|0.5987512195121949|0.5487902439024386|0.4655219512195119|0.00||0.00|0.00|0.00|0.00|0.00|0.00|0.00|0.00|0.00|0.00|0.00|0.00|0.00|0.00|0.00|0.00|0.00|||||Anexo_5_Autopeças (1).xlsx|AutoPecas
01|39.0|01.039.00|84219|Partes dos aparelhos para filtrar ou depurar líquidos ou gases|DECRETO ICMS/PB Nº 39.158|2019-05-07 00:00:00||0.18|0.00|0.7178|1.011082926829268|0.9482365853658534|0.843492682926829|0.3656|0.5987512195121949|0.5487902439024386|0.4655219512195119|0.00||0.00|0.00|0.00|0.00|0.00|0.00|0.00|0.00|0.00|0.00|0.00|0.00|0.00|0.00|0.00|0.00|0.00|||||Anexo_5_Autopeças (1).xlsx|AutoPecas
01|40.0|01.040.00|84241000|Extintores, mesmo carregados|DECRETO ICMS/PB Nº 39.158|2019-05-07 00:00:00||0.18|0.00|0.7178|1.011082926829268|0.9482365853658534|0.843492682926829|0.3656|0.5987512195121949|0.5487902439024386|0.4655219512195119|0.00||0.00|0.00|0.00|0.00|0.00|0.00|0.00|0.00|0.00|0.00|0.00|0.00|0.00|0.00|0.00|0.00|0.00|||||Anexo_5_Autopeças (1).xlsx|AutoPecas
01|41.0|01.041.00|84213100|Filtros de entrada de ar para motores de ignição por centelha ou por compressão|DECRETO ICMS/PB Nº 39.158|2019-05-07 00:00:00||0.18|0.00|0.7178|1.011082926829268|0.9482365853658534|0.843492682926829|0.3656|0.5987512195121949|0.5487902439024386|0.4655219512195119|0.00||0.00|0.00|0.00|0.00|0.00|0.00|0.00|0.00|0.00|0.00|0.00|0.00|0.00|0.00|0.00|0.00|0.00|||||Anexo_5_Autopeças (1).xlsx|AutoPecas
01|42.0|01.042.00|84213920|Depuradores por conversão catalítica de gases de escape|DECRETO ICMS/PB Nº 39.158|2019-05-07 00:00:00||0.18|0.00|0.7178|1.011082926829268|0.9482365853658534|0.843492682926829|0.3656|0.5987512195121949|0.5487902439024386|0.4655219512195119|0.00||0.00|0.00|0.00|0.00|0.00|0.00|0.00|0.00|0.00|0.00|0.00|0.00|0.00|0.00|0.00|0.00|0.00|||||Anexo_5_Autopeças (1).xlsx|AutoPecas
01|43.0|01.043.00|84254200|Macacos|DECRETO ICMS/PB Nº 39.158|2019-05-07 00:00:00||0.18|0.00|0.7178|1.011082926829268|0.9482365853658534|0.843492682926829|0.3656|0.5987512195121949|0.5487902439024386|0.4655219512195119|0.00||0.00|0.00|0.00|0.00|0.00|0.00|0.00|0.00|0.00|0.00|0.00|0.00|0.00|0.00|0.00|0.00|0.00|||||Anexo_5_Autopeças (1).xlsx|AutoPecas
01|44.0|01.044.00|84311010|Partes para macacos do CEST 01.043.00|DECRETO ICMS/PB Nº 39.158|2019-05-07 00:00:00||0.18|0.00|0.7178|1.011082926829268|0.9482365853658534|0.843492682926829|0.3656|0.5987512195121949|0.5487902439024386|0.4655219512195119|0.00||0.00|0.00|0.00|0.00|0.00|0.00|0.00|0.00|0.00|0.00|0.00|0.00|0.00|0.00|0.00|0.00|0.00|||||Anexo_5_Autopeças (1).xlsx|AutoPecas
01|45.0|01.045.00|8431492|Partes reconhecíveis como exclusiva ou principalmente destinadas às máquinas agrícolas ou rodoviárias|DECRETO ICMS/PB Nº 39.158|2019-05-07 00:00:00||0.18|0.00|0.7178|1.011082926829268|0.9482365853658534|0.843492682926829|0.3656|0.5987512195121949|0.5487902439024386|0.4655219512195119|0.00||0.00|0.00|0.00|0.00|0.00|0.00|0.00|0.00|0.00|0.00|0.00|0.00|0.00|0.00|0.00|0.00|0.00|||||Anexo_5_Autopeças (1).xlsx|AutoPecas
01|45.1|01.045.01|84339090|Partes reconhecíveis como exclusiva ou principalmente destinadas às máquinas agrícolas ou rodoviárias|DECRETO ICMS/PB Nº 39.158|2019-05-07 00:00:00||0.18|0.00|0.7178|1.011082926829268|0.9482365853658534|0.843492682926829|0.3656|0.5987512195121949|0.5487902439024386|0.4655219512195119|0.00||0.00|0.00|0.00|0.00|0.00|0.00|0.00|0.00|0.00|0.00|0.00|0.00|0.00|0.00|0.00|0.00|0.00|||||Anexo_5_Autopeças (1).xlsx|AutoPecas
01|46.0|01.046.00|84811000|Válvulas redutoras de pressão|DECRETO ICMS/PB Nº 39.158|2019-05-07 00:00:00||0.18|0.00|0.7178|1.011082926829268|0.9482365853658534|0.843492682926829|0.3656|0.5987512195121949|0.5487902439024386|0.4655219512195119|0.00||0.00|0.00|0.00|0.00|0.00|0.00|0.00|0.00|0.00|0.00|0.00|0.00|0.00|0.00|0.00|0.00|0.00|||||Anexo_5_Autopeças (1).xlsx|AutoPecas
01|47.0|01.047.00|84812|Válvulas para transmissão óleo-hidráulicas ou pneumáticas|DECRETO ICMS/PB Nº 39.158|2019-05-07 00:00:00||0.18|0.00|0.7178|1.011082926829268|0.9482365853658534|0.843492682926829|0.3656|0.5987512195121949|0.5487902439024386|0.4655219512195119|0.00||0.00|0.00|0.00|0.00|0.00|0.00|0.00|0.00|0.00|0.00|0.00|0.00|0.00|0.00|0.00|0.00|0.00|||||Anexo_5_Autopeças (1).xlsx|AutoPecas
01|48.0|01.048.00|84818092|Válvulas solenoides|DECRETO ICMS/PB Nº 39.158|2019-05-07 00:00:00||0.18|0.00|0.7178|1.011082926829268|0.9482365853658534|0.843492682926829|0.3656|0.5987512195121949|0.5487902439024386|0.4655219512195119|0.00||0.00|0.00|0.00|0.00|0.00|0.00|0.00|0.00|0.00|0.00|0.00|0.00|0.00|0.00|0.00|0.00|0.00|||||Anexo_5_Autopeças (1).xlsx|AutoPecas
01|49.0|01.049.00|8482|Rolamentos|DECRETO ICMS/PB Nº 39.158|2019-05-07 00:00:00||0.18|0.00|0.7178|1.011082926829268|0.9482365853658534|0.843492682926829|0.3656|0.5987512195121949|0.5487902439024386|0.4655219512195119|0.00||0.00|0.00|0.00|0.00|0.00|0.00|0.00|0.00|0.00|0.00|0.00|0.00|0.00|0.00|0.00|0.00|0.00|||||Anexo_5_Autopeças (1).xlsx|AutoPecas
01|50.0|01.050.00|8483|Árvores de transmissão (incluídas as árvores de “cames” e virabrequins) e manivelas; mancais e “bronzes”; engrenagens e rodas de fricção; eixos de esferas ou de roletes; redutores, multiplicadores, caixas de transmissão e variadores de velocidade, incluídos os conversores de torque; volantes e polias, incluídas as polias para cadernais; embreagens e dispositivos de acoplamento, incluídas as juntas de articulação|DECRETO ICMS/PB Nº 39.158|2019-05-07 00:00:00||0.18|0.00|0.7178|1.011082926829268|0.9482365853658534|0.843492682926829|0.3656|0.5987512195121949|0.5487902439024386|0.4655219512195119|0.00||0.00|0.00|0.00|0.00|0.00|0.00|0.00|0.00|0.00|0.00|0.00|0.00|0.00|0.00|0.00|0.00|0.00|||||Anexo_5_Autopeças (1).xlsx|AutoPecas
01|51.0|01.051.00|8484|Juntas metaloplásticas; jogos ou sortidos de juntas de composições diferentes, apresentados em bolsas, envelopes ou embalagens semelhantes; juntas de vedação mecânicas (selos mecânicos)|DECRETO ICMS/PB Nº 39.158|2019-05-07 00:00:00||0.18|0.00|0.7178|1.011082926829268|0.9482365853658534|0.843492682926829|0.3656|0.5987512195121949|0.5487902439024386|0.4655219512195119|0.00||0.00|0.00|0.00|0.00|0.00|0.00|0.00|0.00|0.00|0.00|0.00|0.00|0.00|0.00|0.00|0.00|0.00|||||Anexo_5_Autopeças (1).xlsx|AutoPecas
01|52.0|01.052.00|850520|Acoplamentos, embreagens, variadores de velocidade e freios, eletromagnéticos|DECRETO ICMS/PB Nº 39.158|2019-05-07 00:00:00||0.18|0.00|0.7178|1.011082926829268|0.9482365853658534|0.843492682926829|0.3656|0.5987512195121949|0.5487902439024386|0.4655219512195119|0.00||0.00|0.00|0.00|0.00|0.00|0.00|0.00|0.00|0.00|0.00|0.00|0.00|0.00|0.00|0.00|0.00|0.00|||||Anexo_5_Autopeças (1).xlsx|AutoPecas
01|53.0|01.053.00|850710|Acumuladores elétricos de chumbo, do tipo utilizado para o arranque dos motores de pistão, exceto os classificados no CEST 01.053.01|DECRETO ICMS/PB Nº 39.158|2019-05-07 00:00:00||0.18|0.00|0.7178|1.011082926829268|0.9482365853658534|0.843492682926829|0.3656|0.5987512195121949|0.5487902439024386|0.4655219512195119|0.00||0.00|0.00|0.00|0.00|0.00|0.00|0.00|0.00|0.00|0.00|0.00|0.00|0.00|0.00|0.00|0.00|0.00|||||Anexo_5_Autopeças (1).xlsx|AutoPecas
01|53.1|01.053.01|85071010|Acumuladores elétricos de chumbo, do tipo utilizado para o arranque dos motores de pistão e de capacidade inferior ou igual a 20 Ah e tensão inferior ou igual a 12 V|DECRETO ICMS/PB Nº 39.158|2019-05-07 00:00:00||0.18|0.00|0.7178|1.011082926829268|0.9482365853658534|0.843492682926829|0.3656|0.5987512195121949|0.5487902439024386|0.4655219512195119|0.00||0.00|0.00|0.00|0.00|0.00|0.00|0.00|0.00|0.00|0.00|0.00|0.00|0.00|0.00|0.00|0.00|0.00|||||Anexo_5_Autopeças (1).xlsx|AutoPecas
01|54.0|01.054.00|8511|Aparelhos e dispositivos elétricos de ignição ou de arranque para motores de ignição por centelha ou por compressão (por exemplo, magnetos, dínamos-magnetos, bobinas de ignição, velas de ignição ou de aquecimento, motores de arranque); geradores (dínamos e alternadores, por exemplo) e conjuntores-disjuntores utilizados com estes motores|DECRETO ICMS/PB Nº 39.158|2019-05-07 00:00:00||0.18|0.00|0.7178|1.011082926829268|0.9482365853658534|0.843492682926829|0.3656|0.5987512195121949|0.5487902439024386|0.4655219512195119|0.00||0.00|0.00|0.00|0.00|0.00|0.00|0.00|0.00|0.00|0.00|0.00|0.00|0.00|0.00|0.00|0.00|0.00|||||Anexo_5_Autopeças (1).xlsx|AutoPecas
01|55.0|01.055.00|851220|Aparelhos elétricos de iluminação ou de sinalização (exceto os da posição 8539), limpadores de para-brisas, degeladores e desembaçadores (desembaciadores) elétricos e suas partes|DECRETO ICMS/PB Nº 39.158|2019-05-07 00:00:00||0.18|0.00|0.7178|1.011082926829268|0.9482365853658534|0.843492682926829|0.3656|0.5987512195121949|0.5487902439024386|0.4655219512195119|0.00||0.00|0.00|0.00|0.00|0.00|0.00|0.00|0.00|0.00|0.00|0.00|0.00|0.00|0.00|0.00|0.00|0.00|||||Anexo_5_Autopeças (1).xlsx|AutoPecas
01|55.0|01.055.00|851240|Aparelhos elétricos de iluminação ou de sinalização (exceto os da posição 8539), limpadores de para-brisas, degeladores e desembaçadores (desembaciadores) elétricos e suas partes|DECRETO ICMS/PB Nº 39.158|2019-05-07 00:00:00||0.18|0.00|0.7178|1.011082926829268|0.9482365853658534|0.843492682926829|0.3656|0.5987512195121949|0.5487902439024386|0.4655219512195119|0.00||0.00|0.00|0.00|0.00|0.00|0.00|0.00|0.00|0.00|0.00|0.00|0.00|0.00|0.00|0.00|0.00|0.00|||||Anexo_5_Autopeças (1).xlsx|AutoPecas
01|55.0|01.055.00|85129000|Aparelhos elétricos de iluminação ou de sinalização (exceto os da posição 8539), limpadores de para-brisas, degeladores e desembaçadores (desembaciadores) elétricos e suas partes|DECRETO ICMS/PB Nº 39.158|2019-05-07 00:00:00||0.18|0.00|0.7178|1.011082926829268|0.9482365853658534|0.843492682926829|0.3656|0.5987512195121949|0.5487902439024386|0.4655219512195119|0.00||0.00|0.00|0.00|0.00|0.00|0.00|0.00|0.00|0.00|0.00|0.00|0.00|0.00|0.00|0.00|0.00|0.00|||||Anexo_5_Autopeças (1).xlsx|AutoPecas
01|56.0|01.056.00|85171213|Telefones móveis do tipo dos utilizados em veículos automóveis.|DECRETO ICMS/PB Nº 39.158|2019-05-07 00:00:00||0.18|0.00|0.7178|1.011082926829268|0.9482365853658534|0.843492682926829|0.3656|0.5987512195121949|0.5487902439024386|0.4655219512195119|0.00||0.00|0.00|0.00|0.00|0.00|0.00|0.00|0.00|0.00|0.00|0.00|0.00|0.00|0.00|0.00|0.00|0.00|||||Anexo_5_Autopeças (1).xlsx|AutoPecas
01|57.0|01.057.00|8518|Alto-falantes, amplificadores elétricos de audiofrequência e partes|DECRETO ICMS/PB Nº 39.158|2019-05-07 00:00:00||0.18|0.00|0.7178|1.011082926829268|0.9482365853658534|0.843492682926829|0.3656|0.5987512195121949|0.5487902439024386|0.4655219512195119|0.00||0.00|0.00|0.00|0.00|0.00|0.00|0.00|0.00|0.00|0.00|0.00|0.00|0.00|0.00|0.00|0.00|0.00|||||Anexo_5_Autopeças (1).xlsx|AutoPecas
01|58.0|01.058.00|85185000|Aparelhos elétricos de amplificação de som para veículos automotores|DECRETO ICMS/PB Nº 39.158|2019-05-07 00:00:00||0.18|0.00|0.7178|1.011082926829268|0.9482365853658534|0.843492682926829|0.3656|0.5987512195121949|0.5487902439024386|0.4655219512195119|0.00||0.00|0.00|0.00|0.00|0.00|0.00|0.00|0.00|0.00|0.00|0.00|0.00|0.00|0.00|0.00|0.00|0.00|||||Anexo_5_Autopeças (1).xlsx|AutoPecas
01|59.0|01.059.00|851981|Aparelhos de reprodução de som|DECRETO ICMS/PB Nº 39.158|2019-05-07 00:00:00||0.18|0.00|0.7178|1.011082926829268|0.9482365853658534|0.843492682926829|0.3656|0.5987512195121949|0.5487902439024386|0.4655219512195119|0.00||0.00|0.00|0.00|0.00|0.00|0.00|0.00|0.00|0.00|0.00|0.00|0.00|0.00|0.00|0.00|0.00|0.00|||||Anexo_5_Autopeças (1).xlsx|AutoPecas
01|60.0|01.060.00|8525501|Aparelhos transmissores (emissores) de radiotelefonia ou radiotelegrafia (rádio receptor/transmissor)|DECRETO ICMS/PB Nº 39.158|2019-05-07 00:00:00||0.18|0.00|0.7178|1.011082926829268|0.9482365853658534|0.843492682926829|0.3656|0.5987512195121949|0.5487902439024386|0.4655219512195119|0.00||0.00|0.00|0.00|0.00|0.00|0.00|0.00|0.00|0.00|0.00|0.00|0.00|0.00|0.00|0.00|0.00|0.00|||||Anexo_5_Autopeças (1).xlsx|AutoPecas
01|60.0|01.060.00|85256010|Aparelhos transmissores (emissores) de radiotelefonia ou radiotelegrafia (rádio receptor/transmissor)|DECRETO ICMS/PB Nº 39.158|2019-05-07 00:00:00||0.18|0.00|0.7178|1.011082926829268|0.9482365853658534|0.843492682926829|0.3656|0.5987512195121949|0.5487902439024386|0.4655219512195119|0.00||0.00|0.00|0.00|0.00|0.00|0.00|0.00|0.00|0.00|0.00|0.00|0.00|0.00|0.00|0.00|0.00|0.00|||||Anexo_5_Autopeças (1).xlsx|AutoPecas
01|61.0|01.061.00|85272100|Aparelhos receptores de radiodifusão que só funcionem com fonte externa de energia combinados com um aparelho de gravação ou de reprodução de som, do tipo utilizado em veículos automóveis|DECRETO ICMS/PB Nº 39.158|2019-05-07 00:00:00||0.18|0.00|0.7178|1.011082926829268|0.9482365853658534|0.843492682926829|0.3656|0.5987512195121949|0.5487902439024386|0.4655219512195119|0.00||0.00|0.00|0.00|0.00|0.00|0.00|0.00|0.00|0.00|0.00|0.00|0.00|0.00|0.00|0.00|0.00|0.00|||||Anexo_5_Autopeças (1).xlsx|AutoPecas
01|62.0|01.062.00|85272900|Outros aparelhos receptores de radiodifusão que só funcionem com fonte externa de energia, do tipo utilizado em veículos automóveis|DECRETO ICMS/PB Nº 39.158|2019-05-07 00:00:00||0.18|0.00|0.7178|1.011082926829268|0.9482365853658534|0.843492682926829|0.3656|0.5987512195121949|0.5487902439024386|0.4655219512195119|0.00||0.00|0.00|0.00|0.00|0.00|0.00|0.00|0.00|0.00|0.00|0.00|0.00|0.00|0.00|0.00|0.00|0.00|||||Anexo_5_Autopeças (1).xlsx|AutoPecas
01|62.1|01.062.01|85219090|Outros aparelhos videofônicos de gravação ou de reprodução, mesmo incorporando um receptor de sinais videofônicos, dos tipos utilizados exclusivamente em veículos automotores|DECRETO ICMS/PB Nº 39.158|2019-05-07 00:00:00||0.18|0.00|0.7178|1.011082926829268|0.9482365853658534|0.843492682926829|0.3656|0.5987512195121949|0.5487902439024386|0.4655219512195119|0.00||0.00|0.00|0.00|0.00|0.00|0.00|0.00|0.00|0.00|0.00|0.00|0.00|0.00|0.00|0.00|0.00|0.00|||||Anexo_5_Autopeças (1).xlsx|AutoPecas
01|63.0|01.063.00|85291090|Antenas|DECRETO ICMS/PB Nº 39.158|2019-05-07 00:00:00||0.18|0.00|0.7178|1.011082926829268|0.9482365853658534|0.843492682926829|0.3656|0.5987512195121949|0.5487902439024386|0.4655219512195119|0.00||0.00|0.00|0.00|0.00|0.00|0.00|0.00|0.00|0.00|0.00|0.00|0.00|0.00|0.00|0.00|0.00|0.00|||||Anexo_5_Autopeças (1).xlsx|AutoPecas
01|64.0|01.064.00|853400|Circuitos impressos|DECRETO ICMS/PB Nº 39.158|2019-05-07 00:00:00||0.18|0.00|0.7178|1.011082926829268|0.9482365853658534|0.843492682926829|0.3656|0.5987512195121949|0.5487902439024386|0.4655219512195119|0.00||0.00|0.00|0.00|0.00|0.00|0.00|0.00|0.00|0.00|0.00|0.00|0.00|0.00|0.00|0.00|0.00|0.00|||||Anexo_5_Autopeças (1).xlsx|AutoPecas
01|65.0|01.065.00|853530|Interruptores e seccionadores e comutadores|DECRETO ICMS/PB Nº 39.158|2019-05-07 00:00:00||0.18|0.00|0.7178|1.011082926829268|0.9482365853658534|0.843492682926829|0.3656|0.5987512195121949|0.5487902439024386|0.4655219512195119|0.00||0.00|0.00|0.00|0.00|0.00|0.00|0.00|0.00|0.00|0.00|0.00|0.00|0.00|0.00|0.00|0.00|0.00|||||Anexo_5_Autopeças (1).xlsx|AutoPecas
01|65.0|01.065.00|853650|Interruptores e seccionadores e comutadores|DECRETO ICMS/PB Nº 39.158|2019-05-07 00:00:00||0.18|0.00|0.7178|1.011082926829268|0.9482365853658534|0.843492682926829|0.3656|0.5987512195121949|0.5487902439024386|0.4655219512195119|0.00||0.00|0.00|0.00|0.00|0.00|0.00|0.00|0.00|0.00|0.00|0.00|0.00|0.00|0.00|0.00|0.00|0.00|||||Anexo_5_Autopeças (1).xlsx|AutoPecas
01|66.0|01.066.00|85361000|Fusíveis e corta-circuitos de fusíveis|DECRETO ICMS/PB Nº 39.158|2019-05-07 00:00:00||0.18|0.00|0.7178|1.011082926829268|0.9482365853658534|0.843492682926829|0.3656|0.5987512195121949|0.5487902439024386|0.4655219512195119|0.00||0.00|0.00|0.00|0.00|0.00|0.00|0.00|0.00|0.00|0.00|0.00|0.00|0.00|0.00|0.00|0.00|0.00|||||Anexo_5_Autopeças (1).xlsx|AutoPecas
01|67.0|01.067.00|85362000|Disjuntores|DECRETO ICMS/PB Nº 39.158|2019-05-07 00:00:00||0.18|0.00|0.7178|1.011082926829268|0.9482365853658534|0.843492682926829|0.3656|0.5987512195121949|0.5487902439024386|0.4655219512195119|0.00||0.00|0.00|0.00|0.00|0.00|0.00|0.00|0.00|0.00|0.00|0.00|0.00|0.00|0.00|0.00|0.00|0.00|||||Anexo_5_Autopeças (1).xlsx|AutoPecas
01|68.0|01.068.00|85364|Relés|DECRETO ICMS/PB Nº 39.158|2019-05-07 00:00:00||0.18|0.00|0.7178|1.011082926829268|0.9482365853658534|0.843492682926829|0.3656|0.5987512195121949|0.5487902439024386|0.4655219512195119|0.00||0.00|0.00|0.00|0.00|0.00|0.00|0.00|0.00|0.00|0.00|0.00|0.00|0.00|0.00|0.00|0.00|0.00|||||Anexo_5_Autopeças (1).xlsx|AutoPecas
01|69.0|01.069.00|8538|Partes reconhecíveis como exclusivas ou principalmente destinados aos aparelhos dos CEST 01.065.00, 01.066.00, 01.067.00 e 01.068.00|DECRETO ICMS/PB Nº 39.158|2019-05-07 00:00:00||0.18|0.00|0.7178|1.011082926829268|0.9482365853658534|0.843492682926829|0.3656|0.5987512195121949|0.5487902439024386|0.4655219512195119|0.00||0.00|0.00|0.00|0.00|0.00|0.00|0.00|0.00|0.00|0.00|0.00|0.00|0.00|0.00|0.00|0.00|0.00|||||Anexo_5_Autopeças (1).xlsx|AutoPecas
01|70.0|01.070.00|853910|Faróis e projetores, em unidades seladas|DECRETO ICMS/PB Nº 39.158|2019-05-07 00:00:00||0.18|0.00|0.7178|1.011082926829268|0.9482365853658534|0.843492682926829|0.3656|0.5987512195121949|0.5487902439024386|0.4655219512195119|0.00||0.00|0.00|0.00|0.00|0.00|0.00|0.00|0.00|0.00|0.00|0.00|0.00|0.00|0.00|0.00|0.00|0.00|||||Anexo_5_Autopeças (1).xlsx|AutoPecas
01|71.0|01.071.00|85392|Lâmpadas e tubos de incandescência, exceto de raios ultravioleta ou infravermelhos|DECRETO ICMS/PB Nº 39.158|2019-05-07 00:00:00||0.18|0.00|0.7178|1.011082926829268|0.9482365853658534|0.843492682926829|0.3656|0.5987512195121949|0.5487902439024386|0.4655219512195119|0.00||0.00|0.00|0.00|0.00|0.00|0.00|0.00|0.00|0.00|0.00|0.00|0.00|0.00|0.00|0.00|0.00|0.00|||||Anexo_5_Autopeças (1).xlsx|AutoPecas
01|72.0|01.072.00|85442000|Cabos coaxiais e outros condutores elétricos coaxiais|DECRETO ICMS/PB Nº 39.158|2019-05-07 00:00:00||0.18|0.00|0.7178|1.011082926829268|0.9482365853658534|0.843492682926829|0.3656|0.5987512195121949|0.5487902439024386|0.4655219512195119|0.00||0.00|0.00|0.00|0.00|0.00|0.00|0.00|0.00|0.00|0.00|0.00|0.00|0.00|0.00|0.00|0.00|0.00|||||Anexo_5_Autopeças (1).xlsx|AutoPecas
01|73.0|01.073.00|85443000|Jogos de fios para velas de ignição e outros jogos de fios|DECRETO ICMS/PB Nº 39.158|2019-05-07 00:00:00||0.18|0.00|0.7178|1.011082926829268|0.9482365853658534|0.843492682926829|0.3656|0.5987512195121949|0.5487902439024386|0.4655219512195119|0.00||0.00|0.00|0.00|0.00|0.00|0.00|0.00|0.00|0.00|0.00|0.00|0.00|0.00|0.00|0.00|0.00|0.00|||||Anexo_5_Autopeças (1).xlsx|AutoPecas
01|74.0|01.074.00|8707|Carroçarias para os veículos automóveis das posições 8701 a 8705, incluídas as cabinas|DECRETO ICMS/PB Nº 39.158|2019-05-07 00:00:00||0.18|0.00|0.7178|1.011082926829268|0.9482365853658534|0.843492682926829|0.3656|0.5987512195121949|0.5487902439024386|0.4655219512195119|0.00||0.00|0.00|0.00|0.00|0.00|0.00|0.00|0.00|0.00|0.00|0.00|0.00|0.00|0.00|0.00|0.00|0.00|||||Anexo_5_Autopeças (1).xlsx|AutoPecas
01|75.0|01.075.00|8708|Partes e acessórios dos veículos automóveis das posições 8701 a 8705|DECRETO ICMS/PB Nº 39.158|2019-05-07 00:00:00||0.18|0.00|0.7178|1.011082926829268|0.9482365853658534|0.843492682926829|0.3656|0.5987512195121949|0.5487902439024386|0.4655219512195119|0.00||0.00|0.00|0.00|0.00|0.00|0.00|0.00|0.00|0.00|0.00|0.00|0.00|0.00|0.00|0.00|0.00|0.00|||||Anexo_5_Autopeças (1).xlsx|AutoPecas
01|76.0|01.076.00|87141|Parte e acessórios de motocicletas (incluídos os ciclomotores)|DECRETO ICMS/PB Nº 39.158|2019-05-07 00:00:00||0.18|0.00|0.7178|1.011082926829268|0.9482365853658534|0.843492682926829|0.3656|0.5987512195121949|0.5487902439024386|0.4655219512195119|0.00||0.00|0.00|0.00|0.00|0.00|0.00|0.00|0.00|0.00|0.00|0.00|0.00|0.00|0.00|0.00|0.00|0.00|||||Anexo_5_Autopeças (1).xlsx|AutoPecas
01|77.0|01.077.00|87169090|Engates para reboques e semirreboques|DECRETO ICMS/PB Nº 39.158|2019-05-07 00:00:00||0.18|0.00|0.7178|1.011082926829268|0.9482365853658534|0.843492682926829|0.3656|0.5987512195121949|0.5487902439024386|0.4655219512195119|0.00||0.00|0.00|0.00|0.00|0.00|0.00|0.00|0.00|0.00|0.00|0.00|0.00|0.00|0.00|0.00|0.00|0.00|||||Anexo_5_Autopeças (1).xlsx|AutoPecas
01|78.0|01.078.00|902610|Medidores de nível; Medidores de vazão|DECRETO ICMS/PB Nº 39.158|2019-05-07 00:00:00||0.18|0.00|0.7178|1.011082926829268|0.9482365853658534|0.843492682926829|0.3656|0.5987512195121949|0.5487902439024386|0.4655219512195119|0.00||0.00|0.00|0.00|0.00|0.00|0.00|0.00|0.00|0.00|0.00|0.00|0.00|0.00|0.00|0.00|0.00|0.00|||||Anexo_5_Autopeças (1).xlsx|AutoPecas
01|79.0|01.079.00|902620|Aparelhos para medida ou controle da pressão|DECRETO ICMS/PB Nº 39.158|2019-05-07 00:00:00||0.18|0.00|0.7178|1.011082926829268|0.9482365853658534|0.843492682926829|0.3656|0.5987512195121949|0.5487902439024386|0.4655219512195119|0.00||0.00|0.00|0.00|0.00|0.00|0.00|0.00|0.00|0.00|0.00|0.00|0.00|0.00|0.00|0.00|0.00|0.00|||||Anexo_5_Autopeças (1).xlsx|AutoPecas
01|80.0|01.080.00|9029|Contadores, indicadores de velocidade e tacômetros, suas partes e acessórios|DECRETO ICMS/PB Nº 39.158|2019-05-07 00:00:00||0.18|0.00|0.7178|1.011082926829268|0.9482365853658534|0.843492682926829|0.3656|0.5987512195121949|0.5487902439024386|0.4655219512195119|0.00||0.00|0.00|0.00|0.00|0.00|0.00|0.00|0.00|0.00|0.00|0.00|0.00|0.00|0.00|0.00|0.00|0.00|||||Anexo_5_Autopeças (1).xlsx|AutoPecas
01|81.0|01.081.00|90303321|Amperímetros|DECRETO ICMS/PB Nº 39.158|2019-05-07 00:00:00||0.18|0.00|0.7178|1.011082926829268|0.9482365853658534|0.843492682926829|0.3656|0.5987512195121949|0.5487902439024386|0.4655219512195119|0.00||0.00|0.00|0.00|0.00|0.00|0.00|0.00|0.00|0.00|0.00|0.00|0.00|0.00|0.00|0.00|0.00|0.00|||||Anexo_5_Autopeças (1).xlsx|AutoPecas
01|82.0|01.082.00|90318040|Aparelhos digitais, de uso em veículos automóveis, para medida e indicação de múltiplas grandezas tais como: velocidade média, consumos instantâneo e médio e autonomia (computador de bordo)|DECRETO ICMS/PB Nº 39.158|2019-05-07 00:00:00||0.18|0.00|0.7178|1.011082926829268|0.9482365853658534|0.843492682926829|0.3656|0.5987512195121949|0.5487902439024386|0.4655219512195119|0.00||0.00|0.00|0.00|0.00|0.00|0.00|0.00|0.00|0.00|0.00|0.00|0.00|0.00|0.00|0.00|0.00|0.00|||||Anexo_5_Autopeças (1).xlsx|AutoPecas
01|83.0|01.083.00|9032892|Controladores eletrônicos|DECRETO ICMS/PB Nº 39.158|2019-05-07 00:00:00||0.18|0.00|0.7178|1.011082926829268|0.9482365853658534|0.843492682926829|0.3656|0.5987512195121949|0.5487902439024386|0.4655219512195119|0.00||0.00|0.00|0.00|0.00|0.00|0.00|0.00|0.00|0.00|0.00|0.00|0.00|0.00|0.00|0.00|0.00|0.00|||||Anexo_5_Autopeças (1).xlsx|AutoPecas
01|84.0|01.084.00|91040000|Relógios para painéis de instrumentos e relógios semelhantes|DECRETO ICMS/PB Nº 39.158|2019-05-07 00:00:00||0.18|0.00|0.7178|1.011082926829268|0.9482365853658534|0.843492682926829|0.3656|0.5987512195121949|0.5487902439024386|0.4655219512195119|0.00||0.00|0.00|0.00|0.00|0.00|0.00|0.00|0.00|0.00|0.00|0.00|0.00|0.00|0.00|0.00|0.00|0.00|||||Anexo_5_Autopeças (1).xlsx|AutoPecas
01|85.0|01.085.00|94012000|Assentos e partes de assentos|DECRETO ICMS/PB Nº 39.158|2019-05-07 00:00:00||0.18|0.00|0.7178|1.011082926829268|0.9482365853658534|0.843492682926829|0.3656|0.5987512195121949|0.5487902439024386|0.4655219512195119|0.00||0.00|0.00|0.00|0.00|0.00|0.00|0.00|0.00|0.00|0.00|0.00|0.00|0.00|0.00|0.00|0.00|0.00|||||Anexo_5_Autopeças (1).xlsx|AutoPecas
01|85.0|01.085.00|94019090|Assentos e partes de assentos|DECRETO ICMS/PB Nº 39.158|2019-05-07 00:00:00||0.18|0.00|0.7178|1.011082926829268|0.9482365853658534|0.843492682926829|0.3656|0.5987512195121949|0.5487902439024386|0.4655219512195119|0.00||0.00|0.00|0.00|0.00|0.00|0.00|0.00|0.00|0.00|0.00|0.00|0.00|0.00|0.00|0.00|0.00|0.00|||||Anexo_5_Autopeças (1).xlsx|AutoPecas
01|86.0|01.086.00|96138000|Acendedores|DECRETO ICMS/PB Nº 39.158|2019-05-07 00:00:00||0.18|0.00|0.7178|1.011082926829268|0.9482365853658534|0.843492682926829|0.3656|0.5987512195121949|0.5487902439024386|0.4655219512195119|0.00||0.00|0.00|0.00|0.00|0.00|0.00|0.00|0.00|0.00|0.00|0.00|0.00|0.00|0.00|0.00|0.00|0.00|||||Anexo_5_Autopeças (1).xlsx|AutoPecas
01|87.0|01.087.00|4009|Tubos de borracha vulcanizada não endurecida, mesmo providos de seus acessórios|DECRETO ICMS/PB Nº 39.158|2019-05-07 00:00:00||0.18|0.00|0.7178|1.011082926829268|0.9482365853658534|0.843492682926829|0.3656|0.5987512195121949|0.5487902439024386|0.4655219512195119|0.00||0.00|0.00|0.00|0.00|0.00|0.00|0.00|0.00|0.00|0.00|0.00|0.00|0.00|0.00|0.00|0.00|0.00|||||Anexo_5_Autopeças (1).xlsx|AutoPecas
01|88.0|01.088.00|45049000|Juntas de vedação de cortiça natural e de amianto|DECRETO ICMS/PB Nº 39.158|2019-05-07 00:00:00||0.18|0.00|0.7178|1.011082926829268|0.9482365853658534|0.843492682926829|0.3656|0.5987512195121949|0.5487902439024386|0.4655219512195119|0.00||0.00|0.00|0.00|0.00|0.00|0.00|0.00|0.00|0.00|0.00|0.00|0.00|0.00|0.00|0.00|0.00|0.00|||||Anexo_5_Autopeças (1).xlsx|AutoPecas
01|88.0|01.088.00|68129910|Juntas de vedação de cortiça natural e de amianto|DECRETO ICMS/PB Nº 39.158|2019-05-07 00:00:00||0.18|0.00|0.7178|1.011082926829268|0.9482365853658534|0.843492682926829|0.3656|0.5987512195121949|0.5487902439024386|0.4655219512195119|0.00||0.00|0.00|0.00|0.00|0.00|0.00|0.00|0.00|0.00|0.00|0.00|0.00|0.00|0.00|0.00|0.00|0.00|||||Anexo_5_Autopeças (1).xlsx|AutoPecas
01|89.0|01.089.00|48234000|Papel-diagrama para tacógrafo, em disco|DECRETO ICMS/PB Nº 39.158|2019-05-07 00:00:00||0.18|0.00|0.7178|1.011082926829268|0.9482365853658534|0.843492682926829|0.3656|0.5987512195121949|0.5487902439024386|0.4655219512195119|0.00||0.00|0.00|0.00|0.00|0.00|0.00|0.00|0.00|0.00|0.00|0.00|0.00|0.00|0.00|0.00|0.00|0.00|||||Anexo_5_Autopeças (1).xlsx|AutoPecas
01|90.0|01.090.00|39191000|Fitas, tiras, adesivos, autocolantes, de plástico, refletores, mesmo em rolos; placas metálicas com película de plástico refletora, próprias para colocação em carrocerias, para-choques de veículos de carga, motocicletas, ciclomotores, capacetes, bonés de agentes de trânsito e de condutores de veículos, atuando como dispositivos refletivos de segurança rodoviários|DECRETO ICMS/PB Nº 39.158|2019-05-07 00:00:00||0.18|0.00|0.7178|1.011082926829268|0.9482365853658534|0.843492682926829|0.3656|0.5987512195121949|0.5487902439024386|0.4655219512195119|0.00||0.00|0.00|0.00|0.00|0.00|0.00|0.00|0.00|0.00|0.00|0.00|0.00|0.00|0.00|0.00|0.00|0.00|||||Anexo_5_Autopeças (1).xlsx|AutoPecas
01|90.0|01.090.00|39199000|Fitas, tiras, adesivos, autocolantes, de plástico, refletores, mesmo em rolos; placas metálicas com película de plástico refletora, próprias para colocação em carrocerias, para-choques de veículos de carga, motocicletas, ciclomotores, capacetes, bonés de agentes de trânsito e de condutores de veículos, atuando como dispositivos refletivos de segurança rodoviários|DECRETO ICMS/PB Nº 39.158|2019-05-07 00:00:00||0.18|0.00|0.7178|1.011082926829268|0.9482365853658534|0.843492682926829|0.3656|0.5987512195121949|0.5487902439024386|0.4655219512195119|0.00||0.00|0.00|0.00|0.00|0.00|0.00|0.00|0.00|0.00|0.00|0.00|0.00|0.00|0.00|0.00|0.00|0.00|||||Anexo_5_Autopeças (1).xlsx|AutoPecas
01|90.0|01.090.00|87082999|Fitas, tiras, adesivos, autocolantes, de plástico, refletores, mesmo em rolos; placas metálicas com película de plástico refletora, próprias para colocação em carrocerias, para-choques de veículos de carga, motocicletas, ciclomotores, capacetes, bonés de agentes de trânsito e de condutores de veículos, atuando como dispositivos refletivos de segurança rodoviários|DECRETO ICMS/PB Nº 39.158|2019-05-07 00:00:00||0.18|0.00|0.7178|1.011082926829268|0.9482365853658534|0.843492682926829|0.3656|0.5987512195121949|0.5487902439024386|0.4655219512195119|0.00||0.00|0.00|0.00|0.00|0.00|0.00|0.00|0.00|0.00|0.00|0.00|0.00|0.00|0.00|0.00|0.00|0.00|||||Anexo_5_Autopeças (1).xlsx|AutoPecas
01|91.0|01.091.00|84123110|Cilindros pneumáticos|DECRETO ICMS/PB Nº 39.158|2019-05-07 00:00:00||0.18|0.00|0.7178|1.011082926829268|0.9482365853658534|0.843492682926829|0.3656|0.5987512195121949|0.5487902439024386|0.4655219512195119|0.00||0.00|0.00|0.00|0.00|0.00|0.00|0.00|0.00|0.00|0.00|0.00|0.00|0.00|0.00|0.00|0.00|0.00|||||Anexo_5_Autopeças (1).xlsx|AutoPecas
01|92.0|01.092.00|84131900|Bomba elétrica de lavador de para-brisa|DECRETO ICMS/PB Nº 39.158|2019-05-07 00:00:00||0.18|0.00|0.7178|1.011082926829268|0.9482365853658534|0.843492682926829|0.3656|0.5987512195121949|0.5487902439024386|0.4655219512195119|0.00||0.00|0.00|0.00|0.00|0.00|0.00|0.00|0.00|0.00|0.00|0.00|0.00|0.00|0.00|0.00|0.00|0.00|||||Anexo_5_Autopeças (1).xlsx|AutoPecas
01|92.0|01.092.00|84135090|Bomba elétrica de lavador de para-brisa|DECRETO ICMS/PB Nº 39.158|2019-05-07 00:00:00||0.18|0.00|0.7178|1.011082926829268|0.9482365853658534|0.843492682926829|0.3656|0.5987512195121949|0.5487902439024386|0.4655219512195119|0.00||0.00|0.00|0.00|0.00|0.00|0.00|0.00|0.00|0.00|0.00|0.00|0.00|0.00|0.00|0.00|0.00|0.00|||||Anexo_5_Autopeças (1).xlsx|AutoPecas
01|92.0|01.092.00|84138100|Bomba elétrica de lavador de para-brisa|DECRETO ICMS/PB Nº 39.158|2019-05-07 00:00:00||0.18|0.00|0.7178|1.011082926829268|0.9482365853658534|0.843492682926829|0.3656|0.5987512195121949|0.5487902439024386|0.4655219512195119|0.00||0.00|0.00|0.00|0.00|0.00|0.00|0.00|0.00|0.00|0.00|0.00|0.00|0.00|0.00|0.00|0.00|0.00|||||Anexo_5_Autopeças (1).xlsx|AutoPecas
01|93.0|01.093.00|84136019|Bomba de assistência de direção hidráulica|DECRETO ICMS/PB Nº 39.158|2019-05-07 00:00:00||0.18|0.00|0.7178|1.011082926829268|0.9482365853658534|0.843492682926829|0.3656|0.5987512195121949|0.5487902439024386|0.4655219512195119|0.00||0.00|0.00|0.00|0.00|0.00|0.00|0.00|0.00|0.00|0.00|0.00|0.00|0.00|0.00|0.00|0.00|0.00|||||Anexo_5_Autopeças (1).xlsx|AutoPecas
01|93.0|01.093.00|84137010|Bomba de assistência de direção hidráulica|DECRETO ICMS/PB Nº 39.158|2019-05-07 00:00:00||0.18|0.00|0.7178|1.011082926829268|0.9482365853658534|0.843492682926829|0.3656|0.5987512195121949|0.5487902439024386|0.4655219512195119|0.00||0.00|0.00|0.00|0.00|0.00|0.00|0.00|0.00|0.00|0.00|0.00|0.00|0.00|0.00|0.00|0.00|0.00|||||Anexo_5_Autopeças (1).xlsx|AutoPecas
01|94.0|01.094.00|84145910|Motoventiladores|DECRETO ICMS/PB Nº 39.158|2019-05-07 00:00:00||0.18|0.00|0.7178|1.011082926829268|0.9482365853658534|0.843492682926829|0.3656|0.5987512195121949|0.5487902439024386|0.4655219512195119|0.00||0.00|0.00|0.00|0.00|0.00|0.00|0.00|0.00|0.00|0.00|0.00|0.00|0.00|0.00|0.00|0.00|0.00|||||Anexo_5_Autopeças (1).xlsx|AutoPecas
01|94.0|01.094.00|84145990|Motoventiladores|DECRETO ICMS/PB Nº 39.158|2019-05-07 00:00:00||0.18|0.00|0.7178|1.011082926829268|0.9482365853658534|0.843492682926829|0.3656|0.5987512195121949|0.5487902439024386|0.4655219512195119|0.00||0.00|0.00|0.00|0.00|0.00|0.00|0.00|0.00|0.00|0.00|0.00|0.00|0.00|0.00|0.00|0.00|0.00|||||Anexo_5_Autopeças (1).xlsx|AutoPecas
01|95.0|01.095.00|84213990|Filtros de pólen do ar-condicionado|DECRETO ICMS/PB Nº 39.158|2019-05-07 00:00:00||0.18|0.00|0.7178|1.011082926829268|0.9482365853658534|0.843492682926829|0.3656|0.5987512195121949|0.5487902439024386|0.4655219512195119|0.00||0.00|0.00|0.00|0.00|0.00|0.00|0.00|0.00|0.00|0.00|0.00|0.00|0.00|0.00|0.00|0.00|0.00|||||Anexo_5_Autopeças (1).xlsx|AutoPecas
01|96.0|01.096.00|85011019|“Máquina” de vidro elétrico de porta|DECRETO ICMS/PB Nº 39.158|2019-05-07 00:00:00||0.18|0.00|0.7178|1.011082926829268|0.9482365853658534|0.843492682926829|0.3656|0.5987512195121949|0.5487902439024386|0.4655219512195119|0.00||0.00|0.00|0.00|0.00|0.00|0.00|0.00|0.00|0.00|0.00|0.00|0.00|0.00|0.00|0.00|0.00|0.00|||||Anexo_5_Autopeças (1).xlsx|AutoPecas
01|97.0|01.097.00|85013110|Motor de limpador de para-brisa|DECRETO ICMS/PB Nº 39.158|2019-05-07 00:00:00||0.18|0.00|0.7178|1.011082926829268|0.9482365853658534|0.843492682926829|0.3656|0.5987512195121949|0.5487902439024386|0.4655219512195119|0.00||0.00|0.00|0.00|0.00|0.00|0.00|0.00|0.00|0.00|0.00|0.00|0.00|0.00|0.00|0.00|0.00|0.00|||||Anexo_5_Autopeças (1).xlsx|AutoPecas
01|98.0|01.098.00|85045000|Bobinas de reatância e de autoindução|DECRETO ICMS/PB Nº 39.158|2019-05-07 00:00:00||0.18|0.00|0.7178|1.011082926829268|0.9482365853658534|0.843492682926829|0.3656|0.5987512195121949|0.5487902439024386|0.4655219512195119|0.00||0.00|0.00|0.00|0.00|0.00|0.00|0.00|0.00|0.00|0.00|0.00|0.00|0.00|0.00|0.00|0.00|0.00|||||Anexo_5_Autopeças (1).xlsx|AutoPecas
01|99.0|01.099.00|850720|Baterias de chumbo e de níquel-cádmio|DECRETO ICMS/PB Nº 39.158|2019-05-07 00:00:00||0.18|0.00|0.7178|1.011082926829268|0.9482365853658534|0.843492682926829|0.3656|0.5987512195121949|0.5487902439024386|0.4655219512195119|0.00||0.00|0.00|0.00|0.00|0.00|0.00|0.00|0.00|0.00|0.00|0.00|0.00|0.00|0.00|0.00|0.00|0.00|||||Anexo_5_Autopeças (1).xlsx|AutoPecas
01|99.0|01.099.00|850730|Baterias de chumbo e de níquel-cádmio|DECRETO ICMS/PB Nº 39.158|2019-05-07 00:00:00||0.18|0.00|0.7178|1.011082926829268|0.9482365853658534|0.843492682926829|0.3656|0.5987512195121949|0.5487902439024386|0.4655219512195119|0.00||0.00|0.00|0.00|0.00|0.00|0.00|0.00|0.00|0.00|0.00|0.00|0.00|0.00|0.00|0.00|0.00|0.00|||||Anexo_5_Autopeças (1).xlsx|AutoPecas
01|100.0|01.100.00|85123000|Aparelhos de sinalização acústica (buzina)|DECRETO ICMS/PB Nº 39.158|2019-05-07 00:00:00||0.18|0.00|0.7178|1.011082926829268|0.9482365853658534|0.843492682926829|0.3656|0.5987512195121949|0.5487902439024386|0.4655219512195119|0.00||0.00|0.00|0.00|0.00|0.00|0.00|0.00|0.00|0.00|0.00|0.00|0.00|0.00|0.00|0.00|0.00|0.00|||||Anexo_5_Autopeças (1).xlsx|AutoPecas
01|101.0|01.101.00|9032898|Instrumentos para regulação de grandezas não elétricas|DECRETO ICMS/PB Nº 39.158|2019-05-07 00:00:00||0.18|0.00|0.7178|1.011082926829268|0.9482365853658534|0.843492682926829|0.3656|0.5987512195121949|0.5487902439024386|0.4655219512195119|0.00||0.00|0.00|0.00|0.00|0.00|0.00|0.00|0.00|0.00|0.00|0.00|0.00|0.00|0.00|0.00|0.00|0.00|||||Anexo_5_Autopeças (1).xlsx|AutoPecas
01|101.0|01.101.00|9032899|Instrumentos para regulação de grandezas não elétricas|DECRETO ICMS/PB Nº 39.158|2019-05-07 00:00:00||0.18|0.00|0.7178|1.011082926829268|0.9482365853658534|0.843492682926829|0.3656|0.5987512195121949|0.5487902439024386|0.4655219512195119|0.00||0.00|0.00|0.00|0.00|0.00|0.00|0.00|0.00|0.00|0.00|0.00|0.00|0.00|0.00|0.00|0.00|0.00|||||Anexo_5_Autopeças (1).xlsx|AutoPecas
01|102.0|01.102.00|90271000|Analisadores de gases ou de fumaça (sonda lambda)|DECRETO ICMS/PB Nº 39.158|2019-05-07 00:00:00||0.18|0.00|0.7178|1.011082926829268|0.9482365853658534|0.843492682926829|0.3656|0.5987512195121949|0.5487902439024386|0.4655219512195119|0.00||0.00|0.00|0.00|0.00|0.00|0.00|0.00|0.00|0.00|0.00|0.00|0.00|0.00|0.00|0.00|0.00|0.00|||||Anexo_5_Autopeças (1).xlsx|AutoPecas
01|103.0|01.103.00|40081100|Perfilados de borracha vulcanizada não endurecida|DECRETO ICMS/PB Nº 39.158|2019-05-07 00:00:00||0.18|0.00|0.7178|1.011082926829268|0.9482365853658534|0.843492682926829|0.3656|0.5987512195121949|0.5487902439024386|0.4655219512195119|0.00||0.00|0.00|0.00|0.00|0.00|0.00|0.00|0.00|0.00|0.00|0.00|0.00|0.00|0.00|0.00|0.00|0.00|||||Anexo_5_Autopeças (1).xlsx|AutoPecas
01|104.0|01.104.00|56012219|Artefatos de pasta de fibra de uso automotivo|DECRETO ICMS/PB Nº 39.158|2019-05-07 00:00:00||0.18|0.00|0.7178|1.011082926829268|0.9482365853658534|0.843492682926829|0.3656|0.5987512195121949|0.5487902439024386|0.4655219512195119|0.00||0.00|0.00|0.00|0.00|0.00|0.00|0.00|0.00|0.00|0.00|0.00|0.00|0.00|0.00|0.00|0.00|0.00|||||Anexo_5_Autopeças (1).xlsx|AutoPecas
01|105.0|01.105.00|57032000|Tapetes/carpetes - nailón|DECRETO ICMS/PB Nº 39.158|2019-05-07 00:00:00||0.18|0.00|0.7178|1.011082926829268|0.9482365853658534|0.843492682926829|0.3656|0.5987512195121949|0.5487902439024386|0.4655219512195119|0.00||0.00|0.00|0.00|0.00|0.00|0.00|0.00|0.00|0.00|0.00|0.00|0.00|0.00|0.00|0.00|0.00|0.00|||||Anexo_5_Autopeças (1).xlsx|AutoPecas
01|106.0|01.106.00|57033000|Tapetes de matérias têxteis sintéticas|DECRETO ICMS/PB Nº 39.158|2019-05-07 00:00:00||0.18|0.00|0.7178|1.011082926829268|0.9482365853658534|0.843492682926829|0.3656|0.5987512195121949|0.5487902439024386|0.4655219512195119|0.00||0.00|0.00|0.00|0.00|0.00|0.00|0.00|0.00|0.00|0.00|0.00|0.00|0.00|0.00|0.00|0.00|0.00|||||Anexo_5_Autopeças (1).xlsx|AutoPecas
01|107.0|01.107.00|59119000|Forração interior capacete|DECRETO ICMS/PB Nº 39.158|2019-05-07 00:00:00||0.18|0.00|0.7178|1.011082926829268|0.9482365853658534|0.843492682926829|0.3656|0.5987512195121949|0.5487902439024386|0.4655219512195119|0.00||0.00|0.00|0.00|0.00|0.00|0.00|0.00|0.00|0.00|0.00|0.00|0.00|0.00|0.00|0.00|0.00|0.00|||||Anexo_5_Autopeças (1).xlsx|AutoPecas
01|108.0|01.108.00|69039099|Outros para-brisas|DECRETO ICMS/PB Nº 39.158|2019-05-07 00:00:00||0.18|0.00|0.7178|1.011082926829268|0.9482365853658534|0.843492682926829|0.3656|0.5987512195121949|0.5487902439024386|0.4655219512195119|0.00||0.00|0.00|0.00|0.00|0.00|0.00|0.00|0.00|0.00|0.00|0.00|0.00|0.00|0.00|0.00|0.00|0.00|||||Anexo_5_Autopeças (1).xlsx|AutoPecas
01|109.0|01.109.00|70072900|Moldura com espelho|DECRETO ICMS/PB Nº 39.158|2019-05-07 00:00:00||0.18|0.00|0.7178|1.011082926829268|0.9482365853658534|0.843492682926829|0.3656|0.5987512195121949|0.5487902439024386|0.4655219512195119|0.00||0.00|0.00|0.00|0.00|0.00|0.00|0.00|0.00|0.00|0.00|0.00|0.00|0.00|0.00|0.00|0.00|0.00|||||Anexo_5_Autopeças (1).xlsx|AutoPecas
01|110.0|01.110.00|73145000|Corrente de transmissão|DECRETO ICMS/PB Nº 39.158|2019-05-07 00:00:00||0.18|0.00|0.7178|1.011082926829268|0.9482365853658534|0.843492682926829|0.3656|0.5987512195121949|0.5487902439024386|0.4655219512195119|0.00||0.00|0.00|0.00|0.00|0.00|0.00|0.00|0.00|0.00|0.00|0.00|0.00|0.00|0.00|0.00|0.00|0.00|||||Anexo_5_Autopeças (1).xlsx|AutoPecas
01|111.0|01.111.00|73151100|Corrente transmissão|DECRETO ICMS/PB Nº 39.158|2019-05-07 00:00:00||0.18|0.00|0.7178|1.011082926829268|0.9482365853658534|0.843492682926829|0.3656|0.5987512195121949|0.5487902439024386|0.4655219512195119|0.00||0.00|0.00|0.00|0.00|0.00|0.00|0.00|0.00|0.00|0.00|0.00|0.00|0.00|0.00|0.00|0.00|0.00|||||Anexo_5_Autopeças (1).xlsx|AutoPecas
01|112.0|01.112.00|73151210|Outras correntes de transmissão|DECRETO ICMS/PB Nº 39.158|2019-05-07 00:00:00||0.18|0.00|0.7178|1.011082926829268|0.9482365853658534|0.843492682926829|0.3656|0.5987512195121949|0.5487902439024386|0.4655219512195119|0.00||0.00|0.00|0.00|0.00|0.00|0.00|0.00|0.00|0.00|0.00|0.00|0.00|0.00|0.00|0.00|0.00|0.00|||||Anexo_5_Autopeças (1).xlsx|AutoPecas
01|113.0|01.113.00|84189900|Condensador tubular metálico|DECRETO ICMS/PB Nº 39.158|2019-05-07 00:00:00||0.18|0.00|0.7178|1.011082926829268|0.9482365853658534|0.843492682926829|0.3656|0.5987512195121949|0.5487902439024386|0.4655219512195119|0.00||0.00|0.00|0.00|0.00|0.00|0.00|0.00|0.00|0.00|0.00|0.00|0.00|0.00|0.00|0.00|0.00|0.00|||||Anexo_5_Autopeças (1).xlsx|AutoPecas
01|114.0|01.114.00|841950|Trocadores de calor|DECRETO ICMS/PB Nº 39.158|2019-05-07 00:00:00||0.18|0.00|0.7178|1.011082926829268|0.9482365853658534|0.843492682926829|0.3656|0.5987512195121949|0.5487902439024386|0.4655219512195119|0.00||0.00|0.00|0.00|0.00|0.00|0.00|0.00|0.00|0.00|0.00|0.00|0.00|0.00|0.00|0.00|0.00|0.00|||||Anexo_5_Autopeças (1).xlsx|AutoPecas
01|115.0|01.115.00|84249090|Partes de aparelhos mecânicos de pulverizar ou dispersar|DECRETO ICMS/PB Nº 39.158|2019-05-07 00:00:00||0.18|0.00|0.7178|1.011082926829268|0.9482365853658534|0.843492682926829|0.3656|0.5987512195121949|0.5487902439024386|0.4655219512195119|0.00||0.00|0.00|0.00|0.00|0.00|0.00|0.00|0.00|0.00|0.00|0.00|0.00|0.00|0.00|0.00|0.00|0.00|||||Anexo_5_Autopeças (1).xlsx|AutoPecas
01|116.0|01.116.00|84254910|Macacos manuais para veículos|DECRETO ICMS/PB Nº 39.158|2019-05-07 00:00:00||0.18|0.00|0.7178|1.011082926829268|0.9482365853658534|0.843492682926829|0.3656|0.5987512195121949|0.5487902439024386|0.4655219512195119|0.00||0.00|0.00|0.00|0.00|0.00|0.00|0.00|0.00|0.00|0.00|0.00|0.00|0.00|0.00|0.00|0.00|0.00|||||Anexo_5_Autopeças (1).xlsx|AutoPecas
01|117.0|01.117.00|84314100|Caçambas, pás, ganchos e tenazes para máquinas rodoviárias|DECRETO ICMS/PB Nº 39.158|2019-05-07 00:00:00||0.18|0.00|0.7178|1.011082926829268|0.9482365853658534|0.843492682926829|0.3656|0.5987512195121949|0.5487902439024386|0.4655219512195119|0.00||0.00|0.00|0.00|0.00|0.00|0.00|0.00|0.00|0.00|0.00|0.00|0.00|0.00|0.00|0.00|0.00|0.00|||||Anexo_5_Autopeças (1).xlsx|AutoPecas
01|118.0|01.118.00|85016100|Geradores de corrente alternada de potência não superior a 75 kva|DECRETO ICMS/PB Nº 39.158|2019-05-07 00:00:00||0.18|0.00|0.7178|1.011082926829268|0.9482365853658534|0.843492682926829|0.3656|0.5987512195121949|0.5487902439024386|0.4655219512195119|0.00||0.00|0.00|0.00|0.00|0.00|0.00|0.00|0.00|0.00|0.00|0.00|0.00|0.00|0.00|0.00|0.00|0.00|||||Anexo_5_Autopeças (1).xlsx|AutoPecas
01|119.0|01.119.00|85311090|Aparelhos elétricos para alarme de uso automotivo|DECRETO ICMS/PB Nº 39.158|2019-05-07 00:00:00||0.18|0.00|0.7178|1.011082926829268|0.9482365853658534|0.843492682926829|0.3656|0.5987512195121949|0.5487902439024386|0.4655219512195119|0.00||0.00|0.00|0.00|0.00|0.00|0.00|0.00|0.00|0.00|0.00|0.00|0.00|0.00|0.00|0.00|0.00|0.00|||||Anexo_5_Autopeças (1).xlsx|AutoPecas
01|120.0|01.120.00|90141000|Bússolas|DECRETO ICMS/PB Nº 39.158|2019-05-07 00:00:00||0.18|0.00|0.7178|1.011082926829268|0.9482365853658534|0.843492682926829|0.3656|0.5987512195121949|0.5487902439024386|0.4655219512195119|0.00||0.00|0.00|0.00|0.00|0.00|0.00|0.00|0.00|0.00|0.00|0.00|0.00|0.00|0.00|0.00|0.00|0.00|||||Anexo_5_Autopeças (1).xlsx|AutoPecas
01|121.0|01.121.00|90251990|Indicadores de temperatura|DECRETO ICMS/PB Nº 39.158|2019-05-07 00:00:00||0.18|0.00|0.7178|1.011082926829268|0.9482365853658534|0.843492682926829|0.3656|0.5987512195121949|0.5487902439024386|0.4655219512195119|0.00||0.00|0.00|0.00|0.00|0.00|0.00|0.00|0.00|0.00|0.00|0.00|0.00|0.00|0.00|0.00|0.00|0.00|||||Anexo_5_Autopeças (1).xlsx|AutoPecas
01|122.0|01.122.00|90259010|Partes de indicadores de temperatura|DECRETO ICMS/PB Nº 39.158|2019-05-07 00:00:00||0.18|0.00|0.7178|1.011082926829268|0.9482365853658534|0.843492682926829|0.3656|0.5987512195121949|0.5487902439024386|0.4655219512195119|0.00||0.00|0.00|0.00|0.00|0.00|0.00|0.00|0.00|0.00|0.00|0.00|0.00|0.00|0.00|0.00|0.00|0.00|||||Anexo_5_Autopeças (1).xlsx|AutoPecas
01|123.0|01.123.00|902690|Partes de aparelhos de medida ou controle|DECRETO ICMS/PB Nº 39.158|2019-05-07 00:00:00||0.18|0.00|0.7178|1.011082926829268|0.9482365853658534|0.843492682926829|0.3656|0.5987512195121949|0.5487902439024386|0.4655219512195119|0.00||0.00|0.00|0.00|0.00|0.00|0.00|0.00|0.00|0.00|0.00|0.00|0.00|0.00|0.00|0.00|0.00|0.00|||||Anexo_5_Autopeças (1).xlsx|AutoPecas
01|124.0|01.124.00|90321010|Termostatos|DECRETO ICMS/PB Nº 39.158|2019-05-07 00:00:00||0.18|0.00|0.7178|1.011082926829268|0.9482365853658534|0.843492682926829|0.3656|0.5987512195121949|0.5487902439024386|0.4655219512195119|0.00||0.00|0.00|0.00|0.00|0.00|0.00|0.00|0.00|0.00|0.00|0.00|0.00|0.00|0.00|0.00|0.00|0.00|||||Anexo_5_Autopeças (1).xlsx|AutoPecas
01|125.0|01.125.00|90321090|Instrumentos e aparelhos para regulação|DECRETO ICMS/PB Nº 39.158|2019-05-07 00:00:00||0.18|0.00|0.7178|1.011082926829268|0.9482365853658534|0.843492682926829|0.3656|0.5987512195121949|0.5487902439024386|0.4655219512195119|0.00||0.00|0.00|0.00|0.00|0.00|0.00|0.00|0.00|0.00|0.00|0.00|0.00|0.00|0.00|0.00|0.00|0.00|||||Anexo_5_Autopeças (1).xlsx|AutoPecas
01|126.0|01.126.00|90322000|Pressostatos|DECRETO ICMS/PB Nº 39.158|2019-05-07 00:00:00||0.18|0.00|0.7178|1.011082926829268|0.9482365853658534|0.843492682926829|0.3656|0.5987512195121949|0.5487902439024386|0.4655219512195119|0.00||0.00|0.00|0.00|0.00|0.00|0.00|0.00|0.00|0.00|0.00|0.00|0.00|0.00|0.00|0.00|0.00|0.00|||||Anexo_5_Autopeças (1).xlsx|AutoPecas
01|127.0|01.127.00|871690|Peças para reboques e semirreboques, exceto os itens classificados no CEST 01.077.00|DECRETO ICMS/PB Nº 39.158|2019-05-07 00:00:00||0.18|0.00|0.7178|1.011082926829268|0.9482365853658534|0.843492682926829|0.3656|0.5987512195121949|0.5487902439024386|0.4655219512195119|0.00||0.00|0.00|0.00|0.00|0.00|0.00|0.00|0.00|0.00|0.00|0.00|0.00|0.00|0.00|0.00|0.00|0.00|||||Anexo_5_Autopeças (1).xlsx|AutoPecas
01|128.0|01.128.00|73229010|Geradores de ar quente a combustível líquido, com capacidade superior ou igual a 1.500 kcal/h, mas inferior ou igual a 10.400 kcal/h, do tipo dos utilizados em veículos automóveis|DECRETO ICMS/PB Nº 39.158|2019-05-07 00:00:00||0.18|0.00|0.7178|1.011082926829268|0.9482365853658534|0.843492682926829|0.3656|0.5987512195121949|0.5487902439024386|0.4655219512195119|0.00||0.00|0.00|0.00|0.00|0.00|0.00|0.00|0.00|0.00|0.00|0.00|0.00|0.00|0.00|0.00|0.00|0.00|||||Anexo_5_Autopeças (1).xlsx|AutoPecas
01|999.0|01.999.00||Outras peças, partes e acessórios para veículos automotores não relacionados nos demais itens deste anexo|DECRETO ICMS/PB Nº 39.158|2019-05-07 00:00:00||0.18|0.00|0.7178|1.011082926829268|0.9482365853658534|0.843492682926829|0.3656|0.5987512195121949|0.5487902439024386|0.4655219512195119|0.00||0.00|0.00|0.00|0.00|0.00|0.00|0.00|0.00|0.00|0.00|0.00|0.00|0.00|0.00|0.00|0.00|0.00|||||Anexo_5_Autopeças (1).xlsx|AutoPecas
01|1.0|01.001.00|38151210|Catalisadores em colmeia cerâmica ou metálica para conversão catalítica de gases de escape de veículos e outros catalisadores|DECRETO ICMS/PB Nº 39.158|2019-05-07 00:00:00||0.18|0.00|0.7178|1.011082926829268|0.9482365853658534|0.843492682926829|0.3656|0.5987512195121949|0.5487902439024386|0.4655219512195119|0.00||0.00|0.00|0.00|0.00|0.00|0.00|0.00|0.00|0.00|0.00|0.00|0.00|0.00|0.00|0.00|0.00|0.00|||||Anexo_5_Autopeças.xlsx|AutoPecas
01|1.0|01.001.00|38151290|Catalisadores em colmeia cerâmica ou metálica para conversão catalítica de gases de escape de veículos e outros catalisadores|DECRETO ICMS/PB Nº 39.158|2019-05-07 00:00:00||0.18|0.00|0.7178|1.011082926829268|0.9482365853658534|0.843492682926829|0.3656|0.5987512195121949|0.5487902439024386|0.4655219512195119|0.00||0.00|0.00|0.00|0.00|0.00|0.00|0.00|0.00|0.00|0.00|0.00|0.00|0.00|0.00|0.00|0.00|0.00|||||Anexo_5_Autopeças.xlsx|AutoPecas
01|2.0|01.002.00|3917|Tubos e seus acessórios (por exemplo, juntas, cotovelos, flanges, uniões), de plásticos|DECRETO ICMS/PB Nº 39.158|2019-05-07 00:00:00||0.18|0.00|0.7178|1.011082926829268|0.9482365853658534|0.843492682926829|0.3656|0.5987512195121949|0.5487902439024386|0.4655219512195119|0.00||0.00|0.00|0.00|0.00|0.00|0.00|0.00|0.00|0.00|0.00|0.00|0.00|0.00|0.00|0.00|0.00|0.00|||||Anexo_5_Autopeças.xlsx|AutoPecas
01|3.0|01.003.00|39181000|Protetores de caçamba|DECRETO ICMS/PB Nº 39.158|2019-05-07 00:00:00||0.18|0.00|0.7178|1.011082926829268|0.9482365853658534|0.843492682926829|0.3656|0.5987512195121949|0.5487902439024386|0.4655219512195119|0.00||0.00|0.00|0.00|0.00|0.00|0.00|0.00|0.00|0.00|0.00|0.00|0.00|0.00|0.00|0.00|0.00|0.00|||||Anexo_5_Autopeças.xlsx|AutoPecas
01|4.0|01.004.00|39233000|Reservatórios de óleo|DECRETO ICMS/PB Nº 39.158|2019-05-07 00:00:00||0.18|0.00|0.7178|1.011082926829268|0.9482365853658534|0.843492682926829|0.3656|0.5987512195121949|0.5487902439024386|0.4655219512195119|0.00||0.00|0.00|0.00|0.00|0.00|0.00|0.00|0.00|0.00|0.00|0.00|0.00|0.00|0.00|0.00|0.00|0.00|||||Anexo_5_Autopeças.xlsx|AutoPecas
01|5.0|01.005.00|39263000|Frisos, decalques, molduras e acabamentos|DECRETO ICMS/PB Nº 39.158|2019-05-07 00:00:00||0.18|0.00|0.7178|1.011082926829268|0.9482365853658534|0.843492682926829|0.3656|0.5987512195121949|0.5487902439024386|0.4655219512195119|0.00||0.00|0.00|0.00|0.00|0.00|0.00|0.00|0.00|0.00|0.00|0.00|0.00|0.00|0.00|0.00|0.00|0.00|||||Anexo_5_Autopeças.xlsx|AutoPecas
01|6.0|01.006.00|40103|Correias de transmissão de borracha vulcanizada, de matérias têxteis, mesmo impregnadas, revestidas ou recobertas, de plástico, ou estratificadas com plástico ou reforçadas com metal ou com outras matérias|DECRETO ICMS/PB Nº 39.158|2019-05-07 00:00:00||0.18|0.00|0.7178|1.011082926829268|0.9482365853658534|0.843492682926829|0.3656|0.5987512195121949|0.5487902439024386|0.4655219512195119|0.00||0.00|0.00|0.00|0.00|0.00|0.00|0.00|0.00|0.00|0.00|0.00|0.00|0.00|0.00|0.00|0.00|0.00|||||Anexo_5_Autopeças.xlsx|AutoPecas
01|6.0|01.006.00|59100000|Correias de transmissão de borracha vulcanizada, de matérias têxteis, mesmo impregnadas, revestidas ou recobertas, de plástico, ou estratificadas com plástico ou reforçadas com metal ou com outras matérias|DECRETO ICMS/PB Nº 39.158|2019-05-07 00:00:00||0.18|0.00|0.7178|1.011082926829268|0.9482365853658534|0.843492682926829|0.3656|0.5987512195121949|0.5487902439024386|0.4655219512195119|0.00||0.00|0.00|0.00|0.00|0.00|0.00|0.00|0.00|0.00|0.00|0.00|0.00|0.00|0.00|0.00|0.00|0.00|||||Anexo_5_Autopeças.xlsx|AutoPecas
01|7.0|01.007.00|40169300|Juntas, gaxetas e outros elementos com função semelhante de vedação|DECRETO ICMS/PB Nº 39.158|2019-05-07 00:00:00||0.18|0.00|0.7178|1.011082926829268|0.9482365853658534|0.843492682926829|0.3656|0.5987512195121949|0.5487902439024386|0.4655219512195119|0.00||0.00|0.00|0.00|0.00|0.00|0.00|0.00|0.00|0.00|0.00|0.00|0.00|0.00|0.00|0.00|0.00|0.00|||||Anexo_5_Autopeças.xlsx|AutoPecas
01|7.0|01.007.00|4823909|Juntas, gaxetas e outros elementos com função semelhante de vedação|DECRETO ICMS/PB Nº 39.158|2019-05-07 00:00:00||0.18|0.00|0.7178|1.011082926829268|0.9482365853658534|0.843492682926829|0.3656|0.5987512195121949|0.5487902439024386|0.4655219512195119|0.00||0.00|0.00|0.00|0.00|0.00|0.00|0.00|0.00|0.00|0.00|0.00|0.00|0.00|0.00|0.00|0.00|0.00|||||Anexo_5_Autopeças.xlsx|AutoPecas
01|8.0|01.008.00|40161010|Partes de veículos automóveis, tratores e máquinas autopropulsadas|DECRETO ICMS/PB Nº 39.158|2019-05-07 00:00:00||0.18|0.00|0.7178|1.011082926829268|0.9482365853658534|0.843492682926829|0.3656|0.5987512195121949|0.5487902439024386|0.4655219512195119|0.00||0.00|0.00|0.00|0.00|0.00|0.00|0.00|0.00|0.00|0.00|0.00|0.00|0.00|0.00|0.00|0.00|0.00|||||Anexo_5_Autopeças.xlsx|AutoPecas
01|9.0|01.009.00|40169990|Tapetes, revestimentos, mesmo confeccionados, batentes, buchas e coxins|DECRETO ICMS/PB Nº 39.158|2019-05-07 00:00:00||0.18|0.00|0.7178|1.011082926829268|0.9482365853658534|0.843492682926829|0.3656|0.5987512195121949|0.5487902439024386|0.4655219512195119|0.00||0.00|0.00|0.00|0.00|0.00|0.00|0.00|0.00|0.00|0.00|0.00|0.00|0.00|0.00|0.00|0.00|0.00|||||Anexo_5_Autopeças.xlsx|AutoPecas
01|9.0|01.009.00|57050000|Tapetes, revestimentos, mesmo confeccionados, batentes, buchas e coxins|DECRETO ICMS/PB Nº 39.158|2019-05-07 00:00:00||0.18|0.00|0.7178|1.011082926829268|0.9482365853658534|0.843492682926829|0.3656|0.5987512195121949|0.5487902439024386|0.4655219512195119|0.00||0.00|0.00|0.00|0.00|0.00|0.00|0.00|0.00|0.00|0.00|0.00|0.00|0.00|0.00|0.00|0.00|0.00|||||Anexo_5_Autopeças.xlsx|AutoPecas
01|10.0|01.010.00|59039000|Tecidos impregnados, revestidos, recobertos ou estratificados, com plástico|DECRETO ICMS/PB Nº 39.158|2019-05-07 00:00:00||0.18|0.00|0.7178|1.011082926829268|0.9482365853658534|0.843492682926829|0.3656|0.5987512195121949|0.5487902439024386|0.4655219512195119|0.00||0.00|0.00|0.00|0.00|0.00|0.00|0.00|0.00|0.00|0.00|0.00|0.00|0.00|0.00|0.00|0.00|0.00|||||Anexo_5_Autopeças.xlsx|AutoPecas
01|11.0|01.011.00|59090000|Mangueiras e tubos semelhantes, de matérias têxteis, mesmo com reforço ou acessórios de outras matérias|DECRETO ICMS/PB Nº 39.158|2019-05-07 00:00:00||0.18|0.00|0.7178|1.011082926829268|0.9482365853658534|0.843492682926829|0.3656|0.5987512195121949|0.5487902439024386|0.4655219512195119|0.00||0.00|0.00|0.00|0.00|0.00|0.00|0.00|0.00|0.00|0.00|0.00|0.00|0.00|0.00|0.00|0.00|0.00|||||Anexo_5_Autopeças.xlsx|AutoPecas
01|12.0|01.012.00|63061|Encerados e toldos|DECRETO ICMS/PB Nº 39.158|2019-05-07 00:00:00||0.18|0.00|0.7178|1.011082926829268|0.9482365853658534|0.843492682926829|0.3656|0.5987512195121949|0.5487902439024386|0.4655219512195119|0.00||0.00|0.00|0.00|0.00|0.00|0.00|0.00|0.00|0.00|0.00|0.00|0.00|0.00|0.00|0.00|0.00|0.00|||||Anexo_5_Autopeças.xlsx|AutoPecas
01|13.0|01.013.00|65061000|Capacetes e artefatos de uso semelhante, de proteção, para uso em motocicletas, incluídos ciclomotores|DECRETO ICMS/PB Nº 39.158|2019-05-07 00:00:00||0.18|0.00|0.7178|1.011082926829268|0.9482365853658534|0.843492682926829|0.3656|0.5987512195121949|0.5487902439024386|0.4655219512195119|0.00||0.00|0.00|0.00|0.00|0.00|0.00|0.00|0.00|0.00|0.00|0.00|0.00|0.00|0.00|0.00|0.00|0.00|||||Anexo_5_Autopeças.xlsx|AutoPecas
01|14.0|01.014.00|6813|Guarnições de fricção (por exemplo, placas, rolos, tiras, segmentos, discos, anéis, pastilhas), não montadas, para freios, embreagens ou qualquer outro mecanismo de fricção, à base de amianto, de outras substâncias minerais ou de celulose, mesmo combinadas com têxteis ou outras matérias|DECRETO ICMS/PB Nº 39.158|2019-05-07 00:00:00||0.18|0.00|0.7178|1.011082926829268|0.9482365853658534|0.843492682926829|0.3656|0.5987512195121949|0.5487902439024386|0.4655219512195119|0.00||0.00|0.00|0.00|0.00|0.00|0.00|0.00|0.00|0.00|0.00|0.00|0.00|0.00|0.00|0.00|0.00|0.00|||||Anexo_5_Autopeças.xlsx|AutoPecas
01|15.0|01.015.00|70071100|Vidros de dimensões e formatos que permitam aplicação automotiva|DECRETO ICMS/PB Nº 39.158|2019-05-07 00:00:00||0.18|0.00|0.7178|1.011082926829268|0.9482365853658534|0.843492682926829|0.3656|0.5987512195121949|0.5487902439024386|0.4655219512195119|0.00||0.00|0.00|0.00|0.00|0.00|0.00|0.00|0.00|0.00|0.00|0.00|0.00|0.00|0.00|0.00|0.00|0.00|||||Anexo_5_Autopeças.xlsx|AutoPecas
01|15.0|01.015.00|70072100|Vidros de dimensões e formatos que permitam aplicação automotiva|DECRETO ICMS/PB Nº 39.158|2019-05-07 00:00:00||0.18|0.00|0.7178|1.011082926829268|0.9482365853658534|0.843492682926829|0.3656|0.5987512195121949|0.5487902439024386|0.4655219512195119|0.00||0.00|0.00|0.00|0.00|0.00|0.00|0.00|0.00|0.00|0.00|0.00|0.00|0.00|0.00|0.00|0.00|0.00|||||Anexo_5_Autopeças.xlsx|AutoPecas
01|16.0|01.016.00|70091000|Espelhos retrovisores|DECRETO ICMS/PB Nº 39.158|2019-05-07 00:00:00||0.18|0.00|0.7178|1.011082926829268|0.9482365853658534|0.843492682926829|0.3656|0.5987512195121949|0.5487902439024386|0.4655219512195119|0.00||0.00|0.00|0.00|0.00|0.00|0.00|0.00|0.00|0.00|0.00|0.00|0.00|0.00|0.00|0.00|0.00|0.00|||||Anexo_5_Autopeças.xlsx|AutoPecas
01|17.0|01.017.00|70140000|Lentes de faróis, lanternas e outros utensílios|DECRETO ICMS/PB Nº 39.158|2019-05-07 00:00:00||0.18|0.00|0.7178|1.011082926829268|0.9482365853658534|0.843492682926829|0.3656|0.5987512195121949|0.5487902439024386|0.4655219512195119|0.00||0.00|0.00|0.00|0.00|0.00|0.00|0.00|0.00|0.00|0.00|0.00|0.00|0.00|0.00|0.00|0.00|0.00|||||Anexo_5_Autopeças.xlsx|AutoPecas
01|18.0|01.018.00|73110000|Cilindro de aço para GNV (gás natural veicular)|DECRETO ICMS/PB Nº 39.158|2019-05-07 00:00:00||0.18|0.00|0.7178|1.011082926829268|0.9482365853658534|0.843492682926829|0.3656|0.5987512195121949|0.5487902439024386|0.4655219512195119|0.00||0.00|0.00|0.00|0.00|0.00|0.00|0.00|0.00|0.00|0.00|0.00|0.00|0.00|0.00|0.00|0.00|0.00|||||Anexo_5_Autopeças.xlsx|AutoPecas
01|19.0|01.019.00|73110000|Recipientes para gases comprimidos ou liquefeitos, de ferro fundido, ferro ou aço, exceto o descrito no item 18.0|DECRETO ICMS/PB Nº 39.158|2019-05-07 00:00:00||0.18|0.00|0.7178|1.011082926829268|0.9482365853658534|0.843492682926829|0.3656|0.5987512195121949|0.5487902439024386|0.4655219512195119|0.00||0.00|0.00|0.00|0.00|0.00|0.00|0.00|0.00|0.00|0.00|0.00|0.00|0.00|0.00|0.00|0.00|0.00|||||Anexo_5_Autopeças.xlsx|AutoPecas
01|20.0|01.020.00|7320|Molas e folhas de molas, de ferro ou aço|DECRETO ICMS/PB Nº 39.158|2019-05-07 00:00:00||0.18|0.00|0.7178|1.011082926829268|0.9482365853658534|0.843492682926829|0.3656|0.5987512195121949|0.5487902439024386|0.4655219512195119|0.00||0.00|0.00|0.00|0.00|0.00|0.00|0.00|0.00|0.00|0.00|0.00|0.00|0.00|0.00|0.00|0.00|0.00|||||Anexo_5_Autopeças.xlsx|AutoPecas
01|21.0|01.021.00|7325|Obras moldadas, de ferro fundido, ferro ou aço, exceto as do código 7325.91.00|DECRETO ICMS/PB Nº 39.158|2019-05-07 00:00:00||0.18|0.00|0.7178|1.011082926829268|0.9482365853658534|0.843492682926829|0.3656|0.5987512195121949|0.5487902439024386|0.4655219512195119|0.00||0.00|0.00|0.00|0.00|0.00|0.00|0.00|0.00|0.00|0.00|0.00|0.00|0.00|0.00|0.00|0.00|0.00|||||Anexo_5_Autopeças.xlsx|AutoPecas
01|22.0|01.022.00|780600|Peso de chumbo para balanceamento de roda|DECRETO ICMS/PB Nº 39.158|2019-05-07 00:00:00||0.18|0.00|0.7178|1.011082926829268|0.9482365853658534|0.843492682926829|0.3656|0.5987512195121949|0.5487902439024386|0.4655219512195119|0.00||0.00|0.00|0.00|0.00|0.00|0.00|0.00|0.00|0.00|0.00|0.00|0.00|0.00|0.00|0.00|0.00|0.00|||||Anexo_5_Autopeças.xlsx|AutoPecas
01|23.0|01.023.00|80070090|Peso para balanceamento de roda e outros utensílios de estanho|DECRETO ICMS/PB Nº 39.158|2019-05-07 00:00:00||0.18|0.00|0.7178|1.011082926829268|0.9482365853658534|0.843492682926829|0.3656|0.5987512195121949|0.5487902439024386|0.4655219512195119|0.00||0.00|0.00|0.00|0.00|0.00|0.00|0.00|0.00|0.00|0.00|0.00|0.00|0.00|0.00|0.00|0.00|0.00|||||Anexo_5_Autopeças.xlsx|AutoPecas
01|24.0|01.024.00|830120|Fechaduras e partes de fechaduras|DECRETO ICMS/PB Nº 39.158|2019-05-07 00:00:00||0.18|0.00|0.7178|1.011082926829268|0.9482365853658534|0.843492682926829|0.3656|0.5987512195121949|0.5487902439024386|0.4655219512195119|0.00||0.00|0.00|0.00|0.00|0.00|0.00|0.00|0.00|0.00|0.00|0.00|0.00|0.00|0.00|0.00|0.00|0.00|||||Anexo_5_Autopeças.xlsx|AutoPecas
01|24.0|01.024.00|830160|Fechaduras e partes de fechaduras|DECRETO ICMS/PB Nº 39.158|2019-05-07 00:00:00||0.18|0.00|0.7178|1.011082926829268|0.9482365853658534|0.843492682926829|0.3656|0.5987512195121949|0.5487902439024386|0.4655219512195119|0.00||0.00|0.00|0.00|0.00|0.00|0.00|0.00|0.00|0.00|0.00|0.00|0.00|0.00|0.00|0.00|0.00|0.00|||||Anexo_5_Autopeças.xlsx|AutoPecas
01|25.0|01.025.00|830170|Chaves apresentadas isoladamente|DECRETO ICMS/PB Nº 39.158|2019-05-07 00:00:00||0.18|0.00|0.7178|1.011082926829268|0.9482365853658534|0.843492682926829|0.3656|0.5987512195121949|0.5487902439024386|0.4655219512195119|0.00||0.00|0.00|0.00|0.00|0.00|0.00|0.00|0.00|0.00|0.00|0.00|0.00|0.00|0.00|0.00|0.00|0.00|||||Anexo_5_Autopeças.xlsx|AutoPecas
01|26.0|01.026.00|83021000|Dobradiças, guarnições, ferragens e artigos semelhantes de metais comuns|DECRETO ICMS/PB Nº 39.158|2019-05-07 00:00:00||0.18|0.00|0.7178|1.011082926829268|0.9482365853658534|0.843492682926829|0.3656|0.5987512195121949|0.5487902439024386|0.4655219512195119|0.00||0.00|0.00|0.00|0.00|0.00|0.00|0.00|0.00|0.00|0.00|0.00|0.00|0.00|0.00|0.00|0.00|0.00|||||Anexo_5_Autopeças.xlsx|AutoPecas
01|26.0|01.026.00|83023000|Dobradiças, guarnições, ferragens e artigos semelhantes de metais comuns|DECRETO ICMS/PB Nº 39.158|2019-05-07 00:00:00||0.18|0.00|0.7178|1.011082926829268|0.9482365853658534|0.843492682926829|0.3656|0.5987512195121949|0.5487902439024386|0.4655219512195119|0.00||0.00|0.00|0.00|0.00|0.00|0.00|0.00|0.00|0.00|0.00|0.00|0.00|0.00|0.00|0.00|0.00|0.00|||||Anexo_5_Autopeças.xlsx|AutoPecas
01|27.0|01.027.00|831000|Triângulo de segurança|DECRETO ICMS/PB Nº 39.158|2019-05-07 00:00:00||0.18|0.00|0.7178|1.011082926829268|0.9482365853658534|0.843492682926829|0.3656|0.5987512195121949|0.5487902439024386|0.4655219512195119|0.00||0.00|0.00|0.00|0.00|0.00|0.00|0.00|0.00|0.00|0.00|0.00|0.00|0.00|0.00|0.00|0.00|0.00|||||Anexo_5_Autopeças.xlsx|AutoPecas
01|28.0|01.028.00|84073|Motores de pistão alternativo dos tipos utilizados para propulsão de veículos do Capítulo 87|DECRETO ICMS/PB Nº 39.158|2019-05-07 00:00:00||0.18|0.00|0.7178|1.011082926829268|0.9482365853658534|0.843492682926829|0.3656|0.5987512195121949|0.5487902439024386|0.4655219512195119|0.00||0.00|0.00|0.00|0.00|0.00|0.00|0.00|0.00|0.00|0.00|0.00|0.00|0.00|0.00|0.00|0.00|0.00|||||Anexo_5_Autopeças.xlsx|AutoPecas
01|29.0|01.029.00|840820|Motores dos tipos utilizados para propulsão de veículos automotores|DECRETO ICMS/PB Nº 39.158|2019-05-07 00:00:00||0.18|0.00|0.7178|1.011082926829268|0.9482365853658534|0.843492682926829|0.3656|0.5987512195121949|0.5487902439024386|0.4655219512195119|0.00||0.00|0.00|0.00|0.00|0.00|0.00|0.00|0.00|0.00|0.00|0.00|0.00|0.00|0.00|0.00|0.00|0.00|||||Anexo_5_Autopeças.xlsx|AutoPecas
01|30.0|01.030.00|84099|Partes reconhecíveis como exclusiva ou principalmente destinadas aos motores das posições 8407 ou 8408|DECRETO ICMS/PB Nº 39.158|2019-05-07 00:00:00||0.18|0.00|0.7178|1.011082926829268|0.9482365853658534|0.843492682926829|0.3656|0.5987512195121949|0.5487902439024386|0.4655219512195119|0.00||0.00|0.00|0.00|0.00|0.00|0.00|0.00|0.00|0.00|0.00|0.00|0.00|0.00|0.00|0.00|0.00|0.00|||||Anexo_5_Autopeças.xlsx|AutoPecas
01|31.0|01.031.00|84122|Motores hidráulicos|DECRETO ICMS/PB Nº 39.158|2019-05-07 00:00:00||0.18|0.00|0.7178|1.011082926829268|0.9482365853658534|0.843492682926829|0.3656|0.5987512195121949|0.5487902439024386|0.4655219512195119|0.00||0.00|0.00|0.00|0.00|0.00|0.00|0.00|0.00|0.00|0.00|0.00|0.00|0.00|0.00|0.00|0.00|0.00|||||Anexo_5_Autopeças.xlsx|AutoPecas
01|32.0|01.032.00|841330|Bombas para combustíveis, lubrificantes ou líquidos de arrefecimento, próprias para motores de ignição por centelha ou por compressão|DECRETO ICMS/PB Nº 39.158|2019-05-07 00:00:00||0.18|0.00|0.7178|1.011082926829268|0.9482365853658534|0.843492682926829|0.3656|0.5987512195121949|0.5487902439024386|0.4655219512195119|0.00||0.00|0.00|0.00|0.00|0.00|0.00|0.00|0.00|0.00|0.00|0.00|0.00|0.00|0.00|0.00|0.00|0.00|||||Anexo_5_Autopeças.xlsx|AutoPecas
01|33.0|01.033.00|84141000|Bombas de vácuo|DECRETO ICMS/PB Nº 39.158|2019-05-07 00:00:00||0.18|0.00|0.7178|1.011082926829268|0.9482365853658534|0.843492682926829|0.3656|0.5987512195121949|0.5487902439024386|0.4655219512195119|0.00||0.00|0.00|0.00|0.00|0.00|0.00|0.00|0.00|0.00|0.00|0.00|0.00|0.00|0.00|0.00|0.00|0.00|||||Anexo_5_Autopeças.xlsx|AutoPecas
01|34.0|01.034.00|8414801|Compressores e turbocompressores de ar|DECRETO ICMS/PB Nº 39.158|2019-05-07 00:00:00||0.18|0.00|0.7178|1.011082926829268|0.9482365853658534|0.843492682926829|0.3656|0.5987512195121949|0.5487902439024386|0.4655219512195119|0.00||0.00|0.00|0.00|0.00|0.00|0.00|0.00|0.00|0.00|0.00|0.00|0.00|0.00|0.00|0.00|0.00|0.00|||||Anexo_5_Autopeças.xlsx|AutoPecas
01|34.0|01.034.00|8414802|Compressores e turbocompressores de ar|DECRETO ICMS/PB Nº 39.158|2019-05-07 00:00:00||0.18|0.00|0.7178|1.011082926829268|0.9482365853658534|0.843492682926829|0.3656|0.5987512195121949|0.5487902439024386|0.4655219512195119|0.00||0.00|0.00|0.00|0.00|0.00|0.00|0.00|0.00|0.00|0.00|0.00|0.00|0.00|0.00|0.00|0.00|0.00|||||Anexo_5_Autopeças.xlsx|AutoPecas
01|35.0|01.035.00|84139190|Partes das bombas, compressores e turbocompressores dos CEST 01.032.00, 01.033.00 e 01.034.00|DECRETO ICMS/PB Nº 39.158|2019-05-07 00:00:00||0.18|0.00|0.7178|1.011082926829268|0.9482365853658534|0.843492682926829|0.3656|0.5987512195121949|0.5487902439024386|0.4655219512195119|0.00||0.00|0.00|0.00|0.00|0.00|0.00|0.00|0.00|0.00|0.00|0.00|0.00|0.00|0.00|0.00|0.00|0.00|||||Anexo_5_Autopeças.xlsx|AutoPecas
01|35.0|01.035.00|84149010|Partes das bombas, compressores e turbocompressores dos CEST 01.032.00, 01.033.00 e 01.034.00|DECRETO ICMS/PB Nº 39.158|2019-05-07 00:00:00||0.18|0.00|0.7178|1.011082926829268|0.9482365853658534|0.843492682926829|0.3656|0.5987512195121949|0.5487902439024386|0.4655219512195119|0.00||0.00|0.00|0.00|0.00|0.00|0.00|0.00|0.00|0.00|0.00|0.00|0.00|0.00|0.00|0.00|0.00|0.00|||||Anexo_5_Autopeças.xlsx|AutoPecas
01|35.0|01.035.00|8414903|Partes das bombas, compressores e turbocompressores dos CEST 01.032.00, 01.033.00 e 01.034.00|DECRETO ICMS/PB Nº 39.158|2019-05-07 00:00:00||0.18|0.00|0.7178|1.011082926829268|0.9482365853658534|0.843492682926829|0.3656|0.5987512195121949|0.5487902439024386|0.4655219512195119|0.00||0.00|0.00|0.00|0.00|0.00|0.00|0.00|0.00|0.00|0.00|0.00|0.00|0.00|0.00|0.00|0.00|0.00|||||Anexo_5_Autopeças.xlsx|AutoPecas
01|35.0|01.035.00|84149039|Partes das bombas, compressores e turbocompressores dos CEST 01.032.00, 01.033.00 e 01.034.00|DECRETO ICMS/PB Nº 39.158|2019-05-07 00:00:00||0.18|0.00|0.7178|1.011082926829268|0.9482365853658534|0.843492682926829|0.3656|0.5987512195121949|0.5487902439024386|0.4655219512195119|0.00||0.00|0.00|0.00|0.00|0.00|0.00|0.00|0.00|0.00|0.00|0.00|0.00|0.00|0.00|0.00|0.00|0.00|||||Anexo_5_Autopeças.xlsx|AutoPecas
01|36.0|01.036.00|841520|Máquinas e aparelhos de ar condicionado|DECRETO ICMS/PB Nº 39.158|2019-05-07 00:00:00||0.18|0.00|0.7178|1.011082926829268|0.9482365853658534|0.843492682926829|0.3656|0.5987512195121949|0.5487902439024386|0.4655219512195119|0.00||0.00|0.00|0.00|0.00|0.00|0.00|0.00|0.00|0.00|0.00|0.00|0.00|0.00|0.00|0.00|0.00|0.00|||||Anexo_5_Autopeças.xlsx|AutoPecas
01|37.0|01.037.00|84212300|Aparelhos para filtrar óleos minerais nos motores de ignição por centelha ou por compressão|DECRETO ICMS/PB Nº 39.158|2019-05-07 00:00:00||0.18|0.00|0.7178|1.011082926829268|0.9482365853658534|0.843492682926829|0.3656|0.5987512195121949|0.5487902439024386|0.4655219512195119|0.00||0.00|0.00|0.00|0.00|0.00|0.00|0.00|0.00|0.00|0.00|0.00|0.00|0.00|0.00|0.00|0.00|0.00|||||Anexo_5_Autopeças.xlsx|AutoPecas
01|38.0|01.038.00|84212990|Filtros a vácuo|DECRETO ICMS/PB Nº 39.158|2019-05-07 00:00:00||0.18|0.00|0.7178|1.011082926829268|0.9482365853658534|0.843492682926829|0.3656|0.5987512195121949|0.5487902439024386|0.4655219512195119|0.00||0.00|0.00|0.00|0.00|0.00|0.00|0.00|0.00|0.00|0.00|0.00|0.00|0.00|0.00|0.00|0.00|0.00|||||Anexo_5_Autopeças.xlsx|AutoPecas
01|39.0|01.039.00|84219|Partes dos aparelhos para filtrar ou depurar líquidos ou gases|DECRETO ICMS/PB Nº 39.158|2019-05-07 00:00:00||0.18|0.00|0.7178|1.011082926829268|0.9482365853658534|0.843492682926829|0.3656|0.5987512195121949|0.5487902439024386|0.4655219512195119|0.00||0.00|0.00|0.00|0.00|0.00|0.00|0.00|0.00|0.00|0.00|0.00|0.00|0.00|0.00|0.00|0.00|0.00|||||Anexo_5_Autopeças.xlsx|AutoPecas
01|40.0|01.040.00|84241000|Extintores, mesmo carregados|DECRETO ICMS/PB Nº 39.158|2019-05-07 00:00:00||0.18|0.00|0.7178|1.011082926829268|0.9482365853658534|0.843492682926829|0.3656|0.5987512195121949|0.5487902439024386|0.4655219512195119|0.00||0.00|0.00|0.00|0.00|0.00|0.00|0.00|0.00|0.00|0.00|0.00|0.00|0.00|0.00|0.00|0.00|0.00|||||Anexo_5_Autopeças.xlsx|AutoPecas
01|41.0|01.041.00|84213100|Filtros de entrada de ar para motores de ignição por centelha ou por compressão|DECRETO ICMS/PB Nº 39.158|2019-05-07 00:00:00||0.18|0.00|0.7178|1.011082926829268|0.9482365853658534|0.843492682926829|0.3656|0.5987512195121949|0.5487902439024386|0.4655219512195119|0.00||0.00|0.00|0.00|0.00|0.00|0.00|0.00|0.00|0.00|0.00|0.00|0.00|0.00|0.00|0.00|0.00|0.00|||||Anexo_5_Autopeças.xlsx|AutoPecas
01|42.0|01.042.00|84213920|Depuradores por conversão catalítica de gases de escape|DECRETO ICMS/PB Nº 39.158|2019-05-07 00:00:00||0.18|0.00|0.7178|1.011082926829268|0.9482365853658534|0.843492682926829|0.3656|0.5987512195121949|0.5487902439024386|0.4655219512195119|0.00||0.00|0.00|0.00|0.00|0.00|0.00|0.00|0.00|0.00|0.00|0.00|0.00|0.00|0.00|0.00|0.00|0.00|||||Anexo_5_Autopeças.xlsx|AutoPecas
01|43.0|01.043.00|84254200|Macacos|DECRETO ICMS/PB Nº 39.158|2019-05-07 00:00:00||0.18|0.00|0.7178|1.011082926829268|0.9482365853658534|0.843492682926829|0.3656|0.5987512195121949|0.5487902439024386|0.4655219512195119|0.00||0.00|0.00|0.00|0.00|0.00|0.00|0.00|0.00|0.00|0.00|0.00|0.00|0.00|0.00|0.00|0.00|0.00|||||Anexo_5_Autopeças.xlsx|AutoPecas
01|44.0|01.044.00|84311010|Partes para macacos do CEST 01.043.00|DECRETO ICMS/PB Nº 39.158|2019-05-07 00:00:00||0.18|0.00|0.7178|1.011082926829268|0.9482365853658534|0.843492682926829|0.3656|0.5987512195121949|0.5487902439024386|0.4655219512195119|0.00||0.00|0.00|0.00|0.00|0.00|0.00|0.00|0.00|0.00|0.00|0.00|0.00|0.00|0.00|0.00|0.00|0.00|||||Anexo_5_Autopeças.xlsx|AutoPecas
01|45.0|01.045.00|8431492|Partes reconhecíveis como exclusiva ou principalmente destinadas às máquinas agrícolas ou rodoviárias|DECRETO ICMS/PB Nº 39.158|2019-05-07 00:00:00||0.18|0.00|0.7178|1.011082926829268|0.9482365853658534|0.843492682926829|0.3656|0.5987512195121949|0.5487902439024386|0.4655219512195119|0.00||0.00|0.00|0.00|0.00|0.00|0.00|0.00|0.00|0.00|0.00|0.00|0.00|0.00|0.00|0.00|0.00|0.00|||||Anexo_5_Autopeças.xlsx|AutoPecas
01|45.1|01.045.01|84339090|Partes reconhecíveis como exclusiva ou principalmente destinadas às máquinas agrícolas ou rodoviárias|DECRETO ICMS/PB Nº 39.158|2019-05-07 00:00:00||0.18|0.00|0.7178|1.011082926829268|0.9482365853658534|0.843492682926829|0.3656|0.5987512195121949|0.5487902439024386|0.4655219512195119|0.00||0.00|0.00|0.00|0.00|0.00|0.00|0.00|0.00|0.00|0.00|0.00|0.00|0.00|0.00|0.00|0.00|0.00|||||Anexo_5_Autopeças.xlsx|AutoPecas
01|46.0|01.046.00|84811000|Válvulas redutoras de pressão|DECRETO ICMS/PB Nº 39.158|2019-05-07 00:00:00||0.18|0.00|0.7178|1.011082926829268|0.9482365853658534|0.843492682926829|0.3656|0.5987512195121949|0.5487902439024386|0.4655219512195119|0.00||0.00|0.00|0.00|0.00|0.00|0.00|0.00|0.00|0.00|0.00|0.00|0.00|0.00|0.00|0.00|0.00|0.00|||||Anexo_5_Autopeças.xlsx|AutoPecas
01|47.0|01.047.00|84812|Válvulas para transmissão óleo-hidráulicas ou pneumáticas|DECRETO ICMS/PB Nº 39.158|2019-05-07 00:00:00||0.18|0.00|0.7178|1.011082926829268|0.9482365853658534|0.843492682926829|0.3656|0.5987512195121949|0.5487902439024386|0.4655219512195119|0.00||0.00|0.00|0.00|0.00|0.00|0.00|0.00|0.00|0.00|0.00|0.00|0.00|0.00|0.00|0.00|0.00|0.00|||||Anexo_5_Autopeças.xlsx|AutoPecas
01|48.0|01.048.00|84818092|Válvulas solenoides|DECRETO ICMS/PB Nº 39.158|2019-05-07 00:00:00||0.18|0.00|0.7178|1.011082926829268|0.9482365853658534|0.843492682926829|0.3656|0.5987512195121949|0.5487902439024386|0.4655219512195119|0.00||0.00|0.00|0.00|0.00|0.00|0.00|0.00|0.00|0.00|0.00|0.00|0.00|0.00|0.00|0.00|0.00|0.00|||||Anexo_5_Autopeças.xlsx|AutoPecas
01|49.0|01.049.00|8482|Rolamentos|DECRETO ICMS/PB Nº 39.158|2019-05-07 00:00:00||0.18|0.00|0.7178|1.011082926829268|0.9482365853658534|0.843492682926829|0.3656|0.5987512195121949|0.5487902439024386|0.4655219512195119|0.00||0.00|0.00|0.00|0.00|0.00|0.00|0.00|0.00|0.00|0.00|0.00|0.00|0.00|0.00|0.00|0.00|0.00|||||Anexo_5_Autopeças.xlsx|AutoPecas
01|50.0|01.050.00|8483|Árvores de transmissão (incluídas as árvores de “cames” e virabrequins) e manivelas; mancais e “bronzes”; engrenagens e rodas de fricção; eixos de esferas ou de roletes; redutores, multiplicadores, caixas de transmissão e variadores de velocidade, incluídos os conversores de torque; volantes e polias, incluídas as polias para cadernais; embreagens e dispositivos de acoplamento, incluídas as juntas de articulação|DECRETO ICMS/PB Nº 39.158|2019-05-07 00:00:00||0.18|0.00|0.7178|1.011082926829268|0.9482365853658534|0.843492682926829|0.3656|0.5987512195121949|0.5487902439024386|0.4655219512195119|0.00||0.00|0.00|0.00|0.00|0.00|0.00|0.00|0.00|0.00|0.00|0.00|0.00|0.00|0.00|0.00|0.00|0.00|||||Anexo_5_Autopeças.xlsx|AutoPecas
01|51.0|01.051.00|8484|Juntas metaloplásticas; jogos ou sortidos de juntas de composições diferentes, apresentados em bolsas, envelopes ou embalagens semelhantes; juntas de vedação mecânicas (selos mecânicos)|DECRETO ICMS/PB Nº 39.158|2019-05-07 00:00:00||0.18|0.00|0.7178|1.011082926829268|0.9482365853658534|0.843492682926829|0.3656|0.5987512195121949|0.5487902439024386|0.4655219512195119|0.00||0.00|0.00|0.00|0.00|0.00|0.00|0.00|0.00|0.00|0.00|0.00|0.00|0.00|0.00|0.00|0.00|0.00|||||Anexo_5_Autopeças.xlsx|AutoPecas
01|52.0|01.052.00|850520|Acoplamentos, embreagens, variadores de velocidade e freios, eletromagnéticos|DECRETO ICMS/PB Nº 39.158|2019-05-07 00:00:00||0.18|0.00|0.7178|1.011082926829268|0.9482365853658534|0.843492682926829|0.3656|0.5987512195121949|0.5487902439024386|0.4655219512195119|0.00||0.00|0.00|0.00|0.00|0.00|0.00|0.00|0.00|0.00|0.00|0.00|0.00|0.00|0.00|0.00|0.00|0.00|||||Anexo_5_Autopeças.xlsx|AutoPecas
01|53.0|01.053.00|850710|Acumuladores elétricos de chumbo, do tipo utilizado para o arranque dos motores de pistão, exceto os classificados no CEST 01.053.01|DECRETO ICMS/PB Nº 39.158|2019-05-07 00:00:00||0.18|0.00|0.7178|1.011082926829268|0.9482365853658534|0.843492682926829|0.3656|0.5987512195121949|0.5487902439024386|0.4655219512195119|0.00||0.00|0.00|0.00|0.00|0.00|0.00|0.00|0.00|0.00|0.00|0.00|0.00|0.00|0.00|0.00|0.00|0.00|||||Anexo_5_Autopeças.xlsx|AutoPecas
01|53.1|01.053.01|85071010|Acumuladores elétricos de chumbo, do tipo utilizado para o arranque dos motores de pistão e de capacidade inferior ou igual a 20 Ah e tensão inferior ou igual a 12 V|DECRETO ICMS/PB Nº 39.158|2019-05-07 00:00:00||0.18|0.00|0.7178|1.011082926829268|0.9482365853658534|0.843492682926829|0.3656|0.5987512195121949|0.5487902439024386|0.4655219512195119|0.00||0.00|0.00|0.00|0.00|0.00|0.00|0.00|0.00|0.00|0.00|0.00|0.00|0.00|0.00|0.00|0.00|0.00|||||Anexo_5_Autopeças.xlsx|AutoPecas
01|54.0|01.054.00|8511|Aparelhos e dispositivos elétricos de ignição ou de arranque para motores de ignição por centelha ou por compressão (por exemplo, magnetos, dínamos-magnetos, bobinas de ignição, velas de ignição ou de aquecimento, motores de arranque); geradores (dínamos e alternadores, por exemplo) e conjuntores-disjuntores utilizados com estes motores|DECRETO ICMS/PB Nº 39.158|2019-05-07 00:00:00||0.18|0.00|0.7178|1.011082926829268|0.9482365853658534|0.843492682926829|0.3656|0.5987512195121949|0.5487902439024386|0.4655219512195119|0.00||0.00|0.00|0.00|0.00|0.00|0.00|0.00|0.00|0.00|0.00|0.00|0.00|0.00|0.00|0.00|0.00|0.00|||||Anexo_5_Autopeças.xlsx|AutoPecas
01|55.0|01.055.00|851220|Aparelhos elétricos de iluminação ou de sinalização (exceto os da posição 8539), limpadores de para-brisas, degeladores e desembaçadores (desembaciadores) elétricos e suas partes|DECRETO ICMS/PB Nº 39.158|2019-05-07 00:00:00||0.18|0.00|0.7178|1.011082926829268|0.9482365853658534|0.843492682926829|0.3656|0.5987512195121949|0.5487902439024386|0.4655219512195119|0.00||0.00|0.00|0.00|0.00|0.00|0.00|0.00|0.00|0.00|0.00|0.00|0.00|0.00|0.00|0.00|0.00|0.00|||||Anexo_5_Autopeças.xlsx|AutoPecas
01|55.0|01.055.00|851240|Aparelhos elétricos de iluminação ou de sinalização (exceto os da posição 8539), limpadores de para-brisas, degeladores e desembaçadores (desembaciadores) elétricos e suas partes|DECRETO ICMS/PB Nº 39.158|2019-05-07 00:00:00||0.18|0.00|0.7178|1.011082926829268|0.9482365853658534|0.843492682926829|0.3656|0.5987512195121949|0.5487902439024386|0.4655219512195119|0.00||0.00|0.00|0.00|0.00|0.00|0.00|0.00|0.00|0.00|0.00|0.00|0.00|0.00|0.00|0.00|0.00|0.00|||||Anexo_5_Autopeças.xlsx|AutoPecas
01|55.0|01.055.00|85129000|Aparelhos elétricos de iluminação ou de sinalização (exceto os da posição 8539), limpadores de para-brisas, degeladores e desembaçadores (desembaciadores) elétricos e suas partes|DECRETO ICMS/PB Nº 39.158|2019-05-07 00:00:00||0.18|0.00|0.7178|1.011082926829268|0.9482365853658534|0.843492682926829|0.3656|0.5987512195121949|0.5487902439024386|0.4655219512195119|0.00||0.00|0.00|0.00|0.00|0.00|0.00|0.00|0.00|0.00|0.00|0.00|0.00|0.00|0.00|0.00|0.00|0.00|||||Anexo_5_Autopeças.xlsx|AutoPecas
01|56.0|01.056.00|85171213|Telefones móveis do tipo dos utilizados em veículos automóveis.|DECRETO ICMS/PB Nº 39.158|2019-05-07 00:00:00||0.18|0.00|0.7178|1.011082926829268|0.9482365853658534|0.843492682926829|0.3656|0.5987512195121949|0.5487902439024386|0.4655219512195119|0.00||0.00|0.00|0.00|0.00|0.00|0.00|0.00|0.00|0.00|0.00|0.00|0.00|0.00|0.00|0.00|0.00|0.00|||||Anexo_5_Autopeças.xlsx|AutoPecas
01|57.0|01.057.00|8518|Alto-falantes, amplificadores elétricos de audiofrequência e partes|DECRETO ICMS/PB Nº 39.158|2019-05-07 00:00:00||0.18|0.00|0.7178|1.011082926829268|0.9482365853658534|0.843492682926829|0.3656|0.5987512195121949|0.5487902439024386|0.4655219512195119|0.00||0.00|0.00|0.00|0.00|0.00|0.00|0.00|0.00|0.00|0.00|0.00|0.00|0.00|0.00|0.00|0.00|0.00|||||Anexo_5_Autopeças.xlsx|AutoPecas
01|58.0|01.058.00|85185000|Aparelhos elétricos de amplificação de som para veículos automotores|DECRETO ICMS/PB Nº 39.158|2019-05-07 00:00:00||0.18|0.00|0.7178|1.011082926829268|0.9482365853658534|0.843492682926829|0.3656|0.5987512195121949|0.5487902439024386|0.4655219512195119|0.00||0.00|0.00|0.00|0.00|0.00|0.00|0.00|0.00|0.00|0.00|0.00|0.00|0.00|0.00|0.00|0.00|0.00|||||Anexo_5_Autopeças.xlsx|AutoPecas
01|59.0|01.059.00|851981|Aparelhos de reprodução de som|DECRETO ICMS/PB Nº 39.158|2019-05-07 00:00:00||0.18|0.00|0.7178|1.011082926829268|0.9482365853658534|0.843492682926829|0.3656|0.5987512195121949|0.5487902439024386|0.4655219512195119|0.00||0.00|0.00|0.00|0.00|0.00|0.00|0.00|0.00|0.00|0.00|0.00|0.00|0.00|0.00|0.00|0.00|0.00|||||Anexo_5_Autopeças.xlsx|AutoPecas
01|60.0|01.060.00|8525501|Aparelhos transmissores (emissores) de radiotelefonia ou radiotelegrafia (rádio receptor/transmissor)|DECRETO ICMS/PB Nº 39.158|2019-05-07 00:00:00||0.18|0.00|0.7178|1.011082926829268|0.9482365853658534|0.843492682926829|0.3656|0.5987512195121949|0.5487902439024386|0.4655219512195119|0.00||0.00|0.00|0.00|0.00|0.00|0.00|0.00|0.00|0.00|0.00|0.00|0.00|0.00|0.00|0.00|0.00|0.00|||||Anexo_5_Autopeças.xlsx|AutoPecas
01|60.0|01.060.00|85256010|Aparelhos transmissores (emissores) de radiotelefonia ou radiotelegrafia (rádio receptor/transmissor)|DECRETO ICMS/PB Nº 39.158|2019-05-07 00:00:00||0.18|0.00|0.7178|1.011082926829268|0.9482365853658534|0.843492682926829|0.3656|0.5987512195121949|0.5487902439024386|0.4655219512195119|0.00||0.00|0.00|0.00|0.00|0.00|0.00|0.00|0.00|0.00|0.00|0.00|0.00|0.00|0.00|0.00|0.00|0.00|||||Anexo_5_Autopeças.xlsx|AutoPecas
01|61.0|01.061.00|85272100|Aparelhos receptores de radiodifusão que só funcionem com fonte externa de energia combinados com um aparelho de gravação ou de reprodução de som, do tipo utilizado em veículos automóveis|DECRETO ICMS/PB Nº 39.158|2019-05-07 00:00:00||0.18|0.00|0.7178|1.011082926829268|0.9482365853658534|0.843492682926829|0.3656|0.5987512195121949|0.5487902439024386|0.4655219512195119|0.00||0.00|0.00|0.00|0.00|0.00|0.00|0.00|0.00|0.00|0.00|0.00|0.00|0.00|0.00|0.00|0.00|0.00|||||Anexo_5_Autopeças.xlsx|AutoPecas
01|62.0|01.062.00|85272900|Outros aparelhos receptores de radiodifusão que só funcionem com fonte externa de energia, do tipo utilizado em veículos automóveis|DECRETO ICMS/PB Nº 39.158|2019-05-07 00:00:00||0.18|0.00|0.7178|1.011082926829268|0.9482365853658534|0.843492682926829|0.3656|0.5987512195121949|0.5487902439024386|0.4655219512195119|0.00||0.00|0.00|0.00|0.00|0.00|0.00|0.00|0.00|0.00|0.00|0.00|0.00|0.00|0.00|0.00|0.00|0.00|||||Anexo_5_Autopeças.xlsx|AutoPecas
01|62.1|01.062.01|85219090|Outros aparelhos videofônicos de gravação ou de reprodução, mesmo incorporando um receptor de sinais videofônicos, dos tipos utilizados exclusivamente em veículos automotores|DECRETO ICMS/PB Nº 39.158|2019-05-07 00:00:00||0.18|0.00|0.7178|1.011082926829268|0.9482365853658534|0.843492682926829|0.3656|0.5987512195121949|0.5487902439024386|0.4655219512195119|0.00||0.00|0.00|0.00|0.00|0.00|0.00|0.00|0.00|0.00|0.00|0.00|0.00|0.00|0.00|0.00|0.00|0.00|||||Anexo_5_Autopeças.xlsx|AutoPecas
01|63.0|01.063.00|85291090|Antenas|DECRETO ICMS/PB Nº 39.158|2019-05-07 00:00:00||0.18|0.00|0.7178|1.011082926829268|0.9482365853658534|0.843492682926829|0.3656|0.5987512195121949|0.5487902439024386|0.4655219512195119|0.00||0.00|0.00|0.00|0.00|0.00|0.00|0.00|0.00|0.00|0.00|0.00|0.00|0.00|0.00|0.00|0.00|0.00|||||Anexo_5_Autopeças.xlsx|AutoPecas
01|64.0|01.064.00|853400|Circuitos impressos|DECRETO ICMS/PB Nº 39.158|2019-05-07 00:00:00||0.18|0.00|0.7178|1.011082926829268|0.9482365853658534|0.843492682926829|0.3656|0.5987512195121949|0.5487902439024386|0.4655219512195119|0.00||0.00|0.00|0.00|0.00|0.00|0.00|0.00|0.00|0.00|0.00|0.00|0.00|0.00|0.00|0.00|0.00|0.00|||||Anexo_5_Autopeças.xlsx|AutoPecas
01|65.0|01.065.00|853530|Interruptores e seccionadores e comutadores|DECRETO ICMS/PB Nº 39.158|2019-05-07 00:00:00||0.18|0.00|0.7178|1.011082926829268|0.9482365853658534|0.843492682926829|0.3656|0.5987512195121949|0.5487902439024386|0.4655219512195119|0.00||0.00|0.00|0.00|0.00|0.00|0.00|0.00|0.00|0.00|0.00|0.00|0.00|0.00|0.00|0.00|0.00|0.00|||||Anexo_5_Autopeças.xlsx|AutoPecas
01|65.0|01.065.00|853650|Interruptores e seccionadores e comutadores|DECRETO ICMS/PB Nº 39.158|2019-05-07 00:00:00||0.18|0.00|0.7178|1.011082926829268|0.9482365853658534|0.843492682926829|0.3656|0.5987512195121949|0.5487902439024386|0.4655219512195119|0.00||0.00|0.00|0.00|0.00|0.00|0.00|0.00|0.00|0.00|0.00|0.00|0.00|0.00|0.00|0.00|0.00|0.00|||||Anexo_5_Autopeças.xlsx|AutoPecas
01|66.0|01.066.00|85361000|Fusíveis e corta-circuitos de fusíveis|DECRETO ICMS/PB Nº 39.158|2019-05-07 00:00:00||0.18|0.00|0.7178|1.011082926829268|0.9482365853658534|0.843492682926829|0.3656|0.5987512195121949|0.5487902439024386|0.4655219512195119|0.00||0.00|0.00|0.00|0.00|0.00|0.00|0.00|0.00|0.00|0.00|0.00|0.00|0.00|0.00|0.00|0.00|0.00|||||Anexo_5_Autopeças.xlsx|AutoPecas
01|67.0|01.067.00|85362000|Disjuntores|DECRETO ICMS/PB Nº 39.158|2019-05-07 00:00:00||0.18|0.00|0.7178|1.011082926829268|0.9482365853658534|0.843492682926829|0.3656|0.5987512195121949|0.5487902439024386|0.4655219512195119|0.00||0.00|0.00|0.00|0.00|0.00|0.00|0.00|0.00|0.00|0.00|0.00|0.00|0.00|0.00|0.00|0.00|0.00|||||Anexo_5_Autopeças.xlsx|AutoPecas
01|68.0|01.068.00|85364|Relés|DECRETO ICMS/PB Nº 39.158|2019-05-07 00:00:00||0.18|0.00|0.7178|1.011082926829268|0.9482365853658534|0.843492682926829|0.3656|0.5987512195121949|0.5487902439024386|0.4655219512195119|0.00||0.00|0.00|0.00|0.00|0.00|0.00|0.00|0.00|0.00|0.00|0.00|0.00|0.00|0.00|0.00|0.00|0.00|||||Anexo_5_Autopeças.xlsx|AutoPecas
01|69.0|01.069.00|8538|Partes reconhecíveis como exclusivas ou principalmente destinados aos aparelhos dos CEST 01.065.00, 01.066.00, 01.067.00 e 01.068.00|DECRETO ICMS/PB Nº 39.158|2019-05-07 00:00:00||0.18|0.00|0.7178|1.011082926829268|0.9482365853658534|0.843492682926829|0.3656|0.5987512195121949|0.5487902439024386|0.4655219512195119|0.00||0.00|0.00|0.00|0.00|0.00|0.00|0.00|0.00|0.00|0.00|0.00|0.00|0.00|0.00|0.00|0.00|0.00|||||Anexo_5_Autopeças.xlsx|AutoPecas
01|70.0|01.070.00|853910|Faróis e projetores, em unidades seladas|DECRETO ICMS/PB Nº 39.158|2019-05-07 00:00:00||0.18|0.00|0.7178|1.011082926829268|0.9482365853658534|0.843492682926829|0.3656|0.5987512195121949|0.5487902439024386|0.4655219512195119|0.00||0.00|0.00|0.00|0.00|0.00|0.00|0.00|0.00|0.00|0.00|0.00|0.00|0.00|0.00|0.00|0.00|0.00|||||Anexo_5_Autopeças.xlsx|AutoPecas
01|71.0|01.071.00|85392|Lâmpadas e tubos de incandescência, exceto de raios ultravioleta ou infravermelhos|DECRETO ICMS/PB Nº 39.158|2019-05-07 00:00:00||0.18|0.00|0.7178|1.011082926829268|0.9482365853658534|0.843492682926829|0.3656|0.5987512195121949|0.5487902439024386|0.4655219512195119|0.00||0.00|0.00|0.00|0.00|0.00|0.00|0.00|0.00|0.00|0.00|0.00|0.00|0.00|0.00|0.00|0.00|0.00|||||Anexo_5_Autopeças.xlsx|AutoPecas
01|72.0|01.072.00|85442000|Cabos coaxiais e outros condutores elétricos coaxiais|DECRETO ICMS/PB Nº 39.158|2019-05-07 00:00:00||0.18|0.00|0.7178|1.011082926829268|0.9482365853658534|0.843492682926829|0.3656|0.5987512195121949|0.5487902439024386|0.4655219512195119|0.00||0.00|0.00|0.00|0.00|0.00|0.00|0.00|0.00|0.00|0.00|0.00|0.00|0.00|0.00|0.00|0.00|0.00|||||Anexo_5_Autopeças.xlsx|AutoPecas
01|73.0|01.073.00|85443000|Jogos de fios para velas de ignição e outros jogos de fios|DECRETO ICMS/PB Nº 39.158|2019-05-07 00:00:00||0.18|0.00|0.7178|1.011082926829268|0.9482365853658534|0.843492682926829|0.3656|0.5987512195121949|0.5487902439024386|0.4655219512195119|0.00||0.00|0.00|0.00|0.00|0.00|0.00|0.00|0.00|0.00|0.00|0.00|0.00|0.00|0.00|0.00|0.00|0.00|||||Anexo_5_Autopeças.xlsx|AutoPecas
01|74.0|01.074.00|8707|Carroçarias para os veículos automóveis das posições 8701 a 8705, incluídas as cabinas|DECRETO ICMS/PB Nº 39.158|2019-05-07 00:00:00||0.18|0.00|0.7178|1.011082926829268|0.9482365853658534|0.843492682926829|0.3656|0.5987512195121949|0.5487902439024386|0.4655219512195119|0.00||0.00|0.00|0.00|0.00|0.00|0.00|0.00|0.00|0.00|0.00|0.00|0.00|0.00|0.00|0.00|0.00|0.00|||||Anexo_5_Autopeças.xlsx|AutoPecas
01|75.0|01.075.00|8708|Partes e acessórios dos veículos automóveis das posições 8701 a 8705|DECRETO ICMS/PB Nº 39.158|2019-05-07 00:00:00||0.18|0.00|0.7178|1.011082926829268|0.9482365853658534|0.843492682926829|0.3656|0.5987512195121949|0.5487902439024386|0.4655219512195119|0.00||0.00|0.00|0.00|0.00|0.00|0.00|0.00|0.00|0.00|0.00|0.00|0.00|0.00|0.00|0.00|0.00|0.00|||||Anexo_5_Autopeças.xlsx|AutoPecas
01|76.0|01.076.00|87141|Parte e acessórios de motocicletas (incluídos os ciclomotores)|DECRETO ICMS/PB Nº 39.158|2019-05-07 00:00:00||0.18|0.00|0.7178|1.011082926829268|0.9482365853658534|0.843492682926829|0.3656|0.5987512195121949|0.5487902439024386|0.4655219512195119|0.00||0.00|0.00|0.00|0.00|0.00|0.00|0.00|0.00|0.00|0.00|0.00|0.00|0.00|0.00|0.00|0.00|0.00|||||Anexo_5_Autopeças.xlsx|AutoPecas
01|77.0|01.077.00|87169090|Engates para reboques e semirreboques|DECRETO ICMS/PB Nº 39.158|2019-05-07 00:00:00||0.18|0.00|0.7178|1.011082926829268|0.9482365853658534|0.843492682926829|0.3656|0.5987512195121949|0.5487902439024386|0.4655219512195119|0.00||0.00|0.00|0.00|0.00|0.00|0.00|0.00|0.00|0.00|0.00|0.00|0.00|0.00|0.00|0.00|0.00|0.00|||||Anexo_5_Autopeças.xlsx|AutoPecas
01|78.0|01.078.00|902610|Medidores de nível; Medidores de vazão|DECRETO ICMS/PB Nº 39.158|2019-05-07 00:00:00||0.18|0.00|0.7178|1.011082926829268|0.9482365853658534|0.843492682926829|0.3656|0.5987512195121949|0.5487902439024386|0.4655219512195119|0.00||0.00|0.00|0.00|0.00|0.00|0.00|0.00|0.00|0.00|0.00|0.00|0.00|0.00|0.00|0.00|0.00|0.00|||||Anexo_5_Autopeças.xlsx|AutoPecas
01|79.0|01.079.00|902620|Aparelhos para medida ou controle da pressão|DECRETO ICMS/PB Nº 39.158|2019-05-07 00:00:00||0.18|0.00|0.7178|1.011082926829268|0.9482365853658534|0.843492682926829|0.3656|0.5987512195121949|0.5487902439024386|0.4655219512195119|0.00||0.00|0.00|0.00|0.00|0.00|0.00|0.00|0.00|0.00|0.00|0.00|0.00|0.00|0.00|0.00|0.00|0.00|||||Anexo_5_Autopeças.xlsx|AutoPecas
01|80.0|01.080.00|9029|Contadores, indicadores de velocidade e tacômetros, suas partes e acessórios|DECRETO ICMS/PB Nº 39.158|2019-05-07 00:00:00||0.18|0.00|0.7178|1.011082926829268|0.9482365853658534|0.843492682926829|0.3656|0.5987512195121949|0.5487902439024386|0.4655219512195119|0.00||0.00|0.00|0.00|0.00|0.00|0.00|0.00|0.00|0.00|0.00|0.00|0.00|0.00|0.00|0.00|0.00|0.00|||||Anexo_5_Autopeças.xlsx|AutoPecas
01|81.0|01.081.00|90303321|Amperímetros|DECRETO ICMS/PB Nº 39.158|2019-05-07 00:00:00||0.18|0.00|0.7178|1.011082926829268|0.9482365853658534|0.843492682926829|0.3656|0.5987512195121949|0.5487902439024386|0.4655219512195119|0.00||0.00|0.00|0.00|0.00|0.00|0.00|0.00|0.00|0.00|0.00|0.00|0.00|0.00|0.00|0.00|0.00|0.00|||||Anexo_5_Autopeças.xlsx|AutoPecas
01|82.0|01.082.00|90318040|Aparelhos digitais, de uso em veículos automóveis, para medida e indicação de múltiplas grandezas tais como: velocidade média, consumos instantâneo e médio e autonomia (computador de bordo)|DECRETO ICMS/PB Nº 39.158|2019-05-07 00:00:00||0.18|0.00|0.7178|1.011082926829268|0.9482365853658534|0.843492682926829|0.3656|0.5987512195121949|0.5487902439024386|0.4655219512195119|0.00||0.00|0.00|0.00|0.00|0.00|0.00|0.00|0.00|0.00|0.00|0.00|0.00|0.00|0.00|0.00|0.00|0.00|||||Anexo_5_Autopeças.xlsx|AutoPecas
01|83.0|01.083.00|9032892|Controladores eletrônicos|DECRETO ICMS/PB Nº 39.158|2019-05-07 00:00:00||0.18|0.00|0.7178|1.011082926829268|0.9482365853658534|0.843492682926829|0.3656|0.5987512195121949|0.5487902439024386|0.4655219512195119|0.00||0.00|0.00|0.00|0.00|0.00|0.00|0.00|0.00|0.00|0.00|0.00|0.00|0.00|0.00|0.00|0.00|0.00|||||Anexo_5_Autopeças.xlsx|AutoPecas
01|84.0|01.084.00|91040000|Relógios para painéis de instrumentos e relógios semelhantes|DECRETO ICMS/PB Nº 39.158|2019-05-07 00:00:00||0.18|0.00|0.7178|1.011082926829268|0.9482365853658534|0.843492682926829|0.3656|0.5987512195121949|0.5487902439024386|0.4655219512195119|0.00||0.00|0.00|0.00|0.00|0.00|0.00|0.00|0.00|0.00|0.00|0.00|0.00|0.00|0.00|0.00|0.00|0.00|||||Anexo_5_Autopeças.xlsx|AutoPecas
01|85.0|01.085.00|94012000|Assentos e partes de assentos|DECRETO ICMS/PB Nº 39.158|2019-05-07 00:00:00||0.18|0.00|0.7178|1.011082926829268|0.9482365853658534|0.843492682926829|0.3656|0.5987512195121949|0.5487902439024386|0.4655219512195119|0.00||0.00|0.00|0.00|0.00|0.00|0.00|0.00|0.00|0.00|0.00|0.00|0.00|0.00|0.00|0.00|0.00|0.00|||||Anexo_5_Autopeças.xlsx|AutoPecas
01|85.0|01.085.00|94019090|Assentos e partes de assentos|DECRETO ICMS/PB Nº 39.158|2019-05-07 00:00:00||0.18|0.00|0.7178|1.011082926829268|0.9482365853658534|0.843492682926829|0.3656|0.5987512195121949|0.5487902439024386|0.4655219512195119|0.00||0.00|0.00|0.00|0.00|0.00|0.00|0.00|0.00|0.00|0.00|0.00|0.00|0.00|0.00|0.00|0.00|0.00|||||Anexo_5_Autopeças.xlsx|AutoPecas
01|86.0|01.086.00|96138000|Acendedores|DECRETO ICMS/PB Nº 39.158|2019-05-07 00:00:00||0.18|0.00|0.7178|1.011082926829268|0.9482365853658534|0.843492682926829|0.3656|0.5987512195121949|0.5487902439024386|0.4655219512195119|0.00||0.00|0.00|0.00|0.00|0.00|0.00|0.00|0.00|0.00|0.00|0.00|0.00|0.00|0.00|0.00|0.00|0.00|||||Anexo_5_Autopeças.xlsx|AutoPecas
01|87.0|01.087.00|4009|Tubos de borracha vulcanizada não endurecida, mesmo providos de seus acessórios|DECRETO ICMS/PB Nº 39.158|2019-05-07 00:00:00||0.18|0.00|0.7178|1.011082926829268|0.9482365853658534|0.843492682926829|0.3656|0.5987512195121949|0.5487902439024386|0.4655219512195119|0.00||0.00|0.00|0.00|0.00|0.00|0.00|0.00|0.00|0.00|0.00|0.00|0.00|0.00|0.00|0.00|0.00|0.00|||||Anexo_5_Autopeças.xlsx|AutoPecas
01|88.0|01.088.00|45049000|Juntas de vedação de cortiça natural e de amianto|DECRETO ICMS/PB Nº 39.158|2019-05-07 00:00:00||0.18|0.00|0.7178|1.011082926829268|0.9482365853658534|0.843492682926829|0.3656|0.5987512195121949|0.5487902439024386|0.4655219512195119|0.00||0.00|0.00|0.00|0.00|0.00|0.00|0.00|0.00|0.00|0.00|0.00|0.00|0.00|0.00|0.00|0.00|0.00|||||Anexo_5_Autopeças.xlsx|AutoPecas
01|88.0|01.088.00|68129910|Juntas de vedação de cortiça natural e de amianto|DECRETO ICMS/PB Nº 39.158|2019-05-07 00:00:00||0.18|0.00|0.7178|1.011082926829268|0.9482365853658534|0.843492682926829|0.3656|0.5987512195121949|0.5487902439024386|0.4655219512195119|0.00||0.00|0.00|0.00|0.00|0.00|0.00|0.00|0.00|0.00|0.00|0.00|0.00|0.00|0.00|0.00|0.00|0.00|||||Anexo_5_Autopeças.xlsx|AutoPecas
01|89.0|01.089.00|48234000|Papel-diagrama para tacógrafo, em disco|DECRETO ICMS/PB Nº 39.158|2019-05-07 00:00:00||0.18|0.00|0.7178|1.011082926829268|0.9482365853658534|0.843492682926829|0.3656|0.5987512195121949|0.5487902439024386|0.4655219512195119|0.00||0.00|0.00|0.00|0.00|0.00|0.00|0.00|0.00|0.00|0.00|0.00|0.00|0.00|0.00|0.00|0.00|0.00|||||Anexo_5_Autopeças.xlsx|AutoPecas
01|90.0|01.090.00|39191000|Fitas, tiras, adesivos, autocolantes, de plástico, refletores, mesmo em rolos; placas metálicas com película de plástico refletora, próprias para colocação em carrocerias, para-choques de veículos de carga, motocicletas, ciclomotores, capacetes, bonés de agentes de trânsito e de condutores de veículos, atuando como dispositivos refletivos de segurança rodoviários|DECRETO ICMS/PB Nº 39.158|2019-05-07 00:00:00||0.18|0.00|0.7178|1.011082926829268|0.9482365853658534|0.843492682926829|0.3656|0.5987512195121949|0.5487902439024386|0.4655219512195119|0.00||0.00|0.00|0.00|0.00|0.00|0.00|0.00|0.00|0.00|0.00|0.00|0.00|0.00|0.00|0.00|0.00|0.00|||||Anexo_5_Autopeças.xlsx|AutoPecas
01|90.0|01.090.00|39199000|Fitas, tiras, adesivos, autocolantes, de plástico, refletores, mesmo em rolos; placas metálicas com película de plástico refletora, próprias para colocação em carrocerias, para-choques de veículos de carga, motocicletas, ciclomotores, capacetes, bonés de agentes de trânsito e de condutores de veículos, atuando como dispositivos refletivos de segurança rodoviários|DECRETO ICMS/PB Nº 39.158|2019-05-07 00:00:00||0.18|0.00|0.7178|1.011082926829268|0.9482365853658534|0.843492682926829|0.3656|0.5987512195121949|0.5487902439024386|0.4655219512195119|0.00||0.00|0.00|0.00|0.00|0.00|0.00|0.00|0.00|0.00|0.00|0.00|0.00|0.00|0.00|0.00|0.00|0.00|||||Anexo_5_Autopeças.xlsx|AutoPecas
01|90.0|01.090.00|87082999|Fitas, tiras, adesivos, autocolantes, de plástico, refletores, mesmo em rolos; placas metálicas com película de plástico refletora, próprias para colocação em carrocerias, para-choques de veículos de carga, motocicletas, ciclomotores, capacetes, bonés de agentes de trânsito e de condutores de veículos, atuando como dispositivos refletivos de segurança rodoviários|DECRETO ICMS/PB Nº 39.158|2019-05-07 00:00:00||0.18|0.00|0.7178|1.011082926829268|0.9482365853658534|0.843492682926829|0.3656|0.5987512195121949|0.5487902439024386|0.4655219512195119|0.00||0.00|0.00|0.00|0.00|0.00|0.00|0.00|0.00|0.00|0.00|0.00|0.00|0.00|0.00|0.00|0.00|0.00|||||Anexo_5_Autopeças.xlsx|AutoPecas
01|91.0|01.091.00|84123110|Cilindros pneumáticos|DECRETO ICMS/PB Nº 39.158|2019-05-07 00:00:00||0.18|0.00|0.7178|1.011082926829268|0.9482365853658534|0.843492682926829|0.3656|0.5987512195121949|0.5487902439024386|0.4655219512195119|0.00||0.00|0.00|0.00|0.00|0.00|0.00|0.00|0.00|0.00|0.00|0.00|0.00|0.00|0.00|0.00|0.00|0.00|||||Anexo_5_Autopeças.xlsx|AutoPecas
01|92.0|01.092.00|84131900|Bomba elétrica de lavador de para-brisa|DECRETO ICMS/PB Nº 39.158|2019-05-07 00:00:00||0.18|0.00|0.7178|1.011082926829268|0.9482365853658534|0.843492682926829|0.3656|0.5987512195121949|0.5487902439024386|0.4655219512195119|0.00||0.00|0.00|0.00|0.00|0.00|0.00|0.00|0.00|0.00|0.00|0.00|0.00|0.00|0.00|0.00|0.00|0.00|||||Anexo_5_Autopeças.xlsx|AutoPecas
01|92.0|01.092.00|84135090|Bomba elétrica de lavador de para-brisa|DECRETO ICMS/PB Nº 39.158|2019-05-07 00:00:00||0.18|0.00|0.7178|1.011082926829268|0.9482365853658534|0.843492682926829|0.3656|0.5987512195121949|0.5487902439024386|0.4655219512195119|0.00||0.00|0.00|0.00|0.00|0.00|0.00|0.00|0.00|0.00|0.00|0.00|0.00|0.00|0.00|0.00|0.00|0.00|||||Anexo_5_Autopeças.xlsx|AutoPecas
01|92.0|01.092.00|84138100|Bomba elétrica de lavador de para-brisa|DECRETO ICMS/PB Nº 39.158|2019-05-07 00:00:00||0.18|0.00|0.7178|1.011082926829268|0.9482365853658534|0.843492682926829|0.3656|0.5987512195121949|0.5487902439024386|0.4655219512195119|0.00||0.00|0.00|0.00|0.00|0.00|0.00|0.00|0.00|0.00|0.00|0.00|0.00|0.00|0.00|0.00|0.00|0.00|||||Anexo_5_Autopeças.xlsx|AutoPecas
01|93.0|01.093.00|84136019|Bomba de assistência de direção hidráulica|DECRETO ICMS/PB Nº 39.158|2019-05-07 00:00:00||0.18|0.00|0.7178|1.011082926829268|0.9482365853658534|0.843492682926829|0.3656|0.5987512195121949|0.5487902439024386|0.4655219512195119|0.00||0.00|0.00|0.00|0.00|0.00|0.00|0.00|0.00|0.00|0.00|0.00|0.00|0.00|0.00|0.00|0.00|0.00|||||Anexo_5_Autopeças.xlsx|AutoPecas
01|93.0|01.093.00|84137010|Bomba de assistência de direção hidráulica|DECRETO ICMS/PB Nº 39.158|2019-05-07 00:00:00||0.18|0.00|0.7178|1.011082926829268|0.9482365853658534|0.843492682926829|0.3656|0.5987512195121949|0.5487902439024386|0.4655219512195119|0.00||0.00|0.00|0.00|0.00|0.00|0.00|0.00|0.00|0.00|0.00|0.00|0.00|0.00|0.00|0.00|0.00|0.00|||||Anexo_5_Autopeças.xlsx|AutoPecas
01|94.0|01.094.00|84145910|Motoventiladores|DECRETO ICMS/PB Nº 39.158|2019-05-07 00:00:00||0.18|0.00|0.7178|1.011082926829268|0.9482365853658534|0.843492682926829|0.3656|0.5987512195121949|0.5487902439024386|0.4655219512195119|0.00||0.00|0.00|0.00|0.00|0.00|0.00|0.00|0.00|0.00|0.00|0.00|0.00|0.00|0.00|0.00|0.00|0.00|||||Anexo_5_Autopeças.xlsx|AutoPecas
01|94.0|01.094.00|84145990|Motoventiladores|DECRETO ICMS/PB Nº 39.158|2019-05-07 00:00:00||0.18|0.00|0.7178|1.011082926829268|0.9482365853658534|0.843492682926829|0.3656|0.5987512195121949|0.5487902439024386|0.4655219512195119|0.00||0.00|0.00|0.00|0.00|0.00|0.00|0.00|0.00|0.00|0.00|0.00|0.00|0.00|0.00|0.00|0.00|0.00|||||Anexo_5_Autopeças.xlsx|AutoPecas
01|95.0|01.095.00|84213990|Filtros de pólen do ar-condicionado|DECRETO ICMS/PB Nº 39.158|2019-05-07 00:00:00||0.18|0.00|0.7178|1.011082926829268|0.9482365853658534|0.843492682926829|0.3656|0.5987512195121949|0.5487902439024386|0.4655219512195119|0.00||0.00|0.00|0.00|0.00|0.00|0.00|0.00|0.00|0.00|0.00|0.00|0.00|0.00|0.00|0.00|0.00|0.00|||||Anexo_5_Autopeças.xlsx|AutoPecas
01|96.0|01.096.00|85011019|“Máquina” de vidro elétrico de porta|DECRETO ICMS/PB Nº 39.158|2019-05-07 00:00:00||0.18|0.00|0.7178|1.011082926829268|0.9482365853658534|0.843492682926829|0.3656|0.5987512195121949|0.5487902439024386|0.4655219512195119|0.00||0.00|0.00|0.00|0.00|0.00|0.00|0.00|0.00|0.00|0.00|0.00|0.00|0.00|0.00|0.00|0.00|0.00|||||Anexo_5_Autopeças.xlsx|AutoPecas
01|97.0|01.097.00|85013110|Motor de limpador de para-brisa|DECRETO ICMS/PB Nº 39.158|2019-05-07 00:00:00||0.18|0.00|0.7178|1.011082926829268|0.9482365853658534|0.843492682926829|0.3656|0.5987512195121949|0.5487902439024386|0.4655219512195119|0.00||0.00|0.00|0.00|0.00|0.00|0.00|0.00|0.00|0.00|0.00|0.00|0.00|0.00|0.00|0.00|0.00|0.00|||||Anexo_5_Autopeças.xlsx|AutoPecas
01|98.0|01.098.00|85045000|Bobinas de reatância e de autoindução|DECRETO ICMS/PB Nº 39.158|2019-05-07 00:00:00||0.18|0.00|0.7178|1.011082926829268|0.9482365853658534|0.843492682926829|0.3656|0.5987512195121949|0.5487902439024386|0.4655219512195119|0.00||0.00|0.00|0.00|0.00|0.00|0.00|0.00|0.00|0.00|0.00|0.00|0.00|0.00|0.00|0.00|0.00|0.00|||||Anexo_5_Autopeças.xlsx|AutoPecas
01|99.0|01.099.00|850720|Baterias de chumbo e de níquel-cádmio|DECRETO ICMS/PB Nº 39.158|2019-05-07 00:00:00||0.18|0.00|0.7178|1.011082926829268|0.9482365853658534|0.843492682926829|0.3656|0.5987512195121949|0.5487902439024386|0.4655219512195119|0.00||0.00|0.00|0.00|0.00|0.00|0.00|0.00|0.00|0.00|0.00|0.00|0.00|0.00|0.00|0.00|0.00|0.00|||||Anexo_5_Autopeças.xlsx|AutoPecas
01|99.0|01.099.00|850730|Baterias de chumbo e de níquel-cádmio|DECRETO ICMS/PB Nº 39.158|2019-05-07 00:00:00||0.18|0.00|0.7178|1.011082926829268|0.9482365853658534|0.843492682926829|0.3656|0.5987512195121949|0.5487902439024386|0.4655219512195119|0.00||0.00|0.00|0.00|0.00|0.00|0.00|0.00|0.00|0.00|0.00|0.00|0.00|0.00|0.00|0.00|0.00|0.00|||||Anexo_5_Autopeças.xlsx|AutoPecas
01|100.0|01.100.00|85123000|Aparelhos de sinalização acústica (buzina)|DECRETO ICMS/PB Nº 39.158|2019-05-07 00:00:00||0.18|0.00|0.7178|1.011082926829268|0.9482365853658534|0.843492682926829|0.3656|0.5987512195121949|0.5487902439024386|0.4655219512195119|0.00||0.00|0.00|0.00|0.00|0.00|0.00|0.00|0.00|0.00|0.00|0.00|0.00|0.00|0.00|0.00|0.00|0.00|||||Anexo_5_Autopeças.xlsx|AutoPecas
01|101.0|01.101.00|9032898|Instrumentos para regulação de grandezas não elétricas|DECRETO ICMS/PB Nº 39.158|2019-05-07 00:00:00||0.18|0.00|0.7178|1.011082926829268|0.9482365853658534|0.843492682926829|0.3656|0.5987512195121949|0.5487902439024386|0.4655219512195119|0.00||0.00|0.00|0.00|0.00|0.00|0.00|0.00|0.00|0.00|0.00|0.00|0.00|0.00|0.00|0.00|0.00|0.00|||||Anexo_5_Autopeças.xlsx|AutoPecas
01|101.0|01.101.00|9032899|Instrumentos para regulação de grandezas não elétricas|DECRETO ICMS/PB Nº 39.158|2019-05-07 00:00:00||0.18|0.00|0.7178|1.011082926829268|0.9482365853658534|0.843492682926829|0.3656|0.5987512195121949|0.5487902439024386|0.4655219512195119|0.00||0.00|0.00|0.00|0.00|0.00|0.00|0.00|0.00|0.00|0.00|0.00|0.00|0.00|0.00|0.00|0.00|0.00|||||Anexo_5_Autopeças.xlsx|AutoPecas
01|102.0|01.102.00|90271000|Analisadores de gases ou de fumaça (sonda lambda)|DECRETO ICMS/PB Nº 39.158|2019-05-07 00:00:00||0.18|0.00|0.7178|1.011082926829268|0.9482365853658534|0.843492682926829|0.3656|0.5987512195121949|0.5487902439024386|0.4655219512195119|0.00||0.00|0.00|0.00|0.00|0.00|0.00|0.00|0.00|0.00|0.00|0.00|0.00|0.00|0.00|0.00|0.00|0.00|||||Anexo_5_Autopeças.xlsx|AutoPecas
01|103.0|01.103.00|40081100|Perfilados de borracha vulcanizada não endurecida|DECRETO ICMS/PB Nº 39.158|2019-05-07 00:00:00||0.18|0.00|0.7178|1.011082926829268|0.9482365853658534|0.843492682926829|0.3656|0.5987512195121949|0.5487902439024386|0.4655219512195119|0.00||0.00|0.00|0.00|0.00|0.00|0.00|0.00|0.00|0.00|0.00|0.00|0.00|0.00|0.00|0.00|0.00|0.00|||||Anexo_5_Autopeças.xlsx|AutoPecas
01|104.0|01.104.00|56012219|Artefatos de pasta de fibra de uso automotivo|DECRETO ICMS/PB Nº 39.158|2019-05-07 00:00:00||0.18|0.00|0.7178|1.011082926829268|0.9482365853658534|0.843492682926829|0.3656|0.5987512195121949|0.5487902439024386|0.4655219512195119|0.00||0.00|0.00|0.00|0.00|0.00|0.00|0.00|0.00|0.00|0.00|0.00|0.00|0.00|0.00|0.00|0.00|0.00|||||Anexo_5_Autopeças.xlsx|AutoPecas
01|105.0|01.105.00|57032000|Tapetes/carpetes - nailón|DECRETO ICMS/PB Nº 39.158|2019-05-07 00:00:00||0.18|0.00|0.7178|1.011082926829268|0.9482365853658534|0.843492682926829|0.3656|0.5987512195121949|0.5487902439024386|0.4655219512195119|0.00||0.00|0.00|0.00|0.00|0.00|0.00|0.00|0.00|0.00|0.00|0.00|0.00|0.00|0.00|0.00|0.00|0.00|||||Anexo_5_Autopeças.xlsx|AutoPecas
01|106.0|01.106.00|57033000|Tapetes de matérias têxteis sintéticas|DECRETO ICMS/PB Nº 39.158|2019-05-07 00:00:00||0.18|0.00|0.7178|1.011082926829268|0.9482365853658534|0.843492682926829|0.3656|0.5987512195121949|0.5487902439024386|0.4655219512195119|0.00||0.00|0.00|0.00|0.00|0.00|0.00|0.00|0.00|0.00|0.00|0.00|0.00|0.00|0.00|0.00|0.00|0.00|||||Anexo_5_Autopeças.xlsx|AutoPecas
01|107.0|01.107.00|59119000|Forração interior capacete|DECRETO ICMS/PB Nº 39.158|2019-05-07 00:00:00||0.18|0.00|0.7178|1.011082926829268|0.9482365853658534|0.843492682926829|0.3656|0.5987512195121949|0.5487902439024386|0.4655219512195119|0.00||0.00|0.00|0.00|0.00|0.00|0.00|0.00|0.00|0.00|0.00|0.00|0.00|0.00|0.00|0.00|0.00|0.00|||||Anexo_5_Autopeças.xlsx|AutoPecas
01|108.0|01.108.00|69039099|Outros para-brisas|DECRETO ICMS/PB Nº 39.158|2019-05-07 00:00:00||0.18|0.00|0.7178|1.011082926829268|0.9482365853658534|0.843492682926829|0.3656|0.5987512195121949|0.5487902439024386|0.4655219512195119|0.00||0.00|0.00|0.00|0.00|0.00|0.00|0.00|0.00|0.00|0.00|0.00|0.00|0.00|0.00|0.00|0.00|0.00|||||Anexo_5_Autopeças.xlsx|AutoPecas
01|109.0|01.109.00|70072900|Moldura com espelho|DECRETO ICMS/PB Nº 39.158|2019-05-07 00:00:00||0.18|0.00|0.7178|1.011082926829268|0.9482365853658534|0.843492682926829|0.3656|0.5987512195121949|0.5487902439024386|0.4655219512195119|0.00||0.00|0.00|0.00|0.00|0.00|0.00|0.00|0.00|0.00|0.00|0.00|0.00|0.00|0.00|0.00|0.00|0.00|||||Anexo_5_Autopeças.xlsx|AutoPecas
01|110.0|01.110.00|73145000|Corrente de transmissão|DECRETO ICMS/PB Nº 39.158|2019-05-07 00:00:00||0.18|0.00|0.7178|1.011082926829268|0.9482365853658534|0.843492682926829|0.3656|0.5987512195121949|0.5487902439024386|0.4655219512195119|0.00||0.00|0.00|0.00|0.00|0.00|0.00|0.00|0.00|0.00|0.00|0.00|0.00|0.00|0.00|0.00|0.00|0.00|||||Anexo_5_Autopeças.xlsx|AutoPecas
01|111.0|01.111.00|73151100|Corrente transmissão|DECRETO ICMS/PB Nº 39.158|2019-05-07 00:00:00||0.18|0.00|0.7178|1.011082926829268|0.9482365853658534|0.843492682926829|0.3656|0.5987512195121949|0.5487902439024386|0.4655219512195119|0.00||0.00|0.00|0.00|0.00|0.00|0.00|0.00|0.00|0.00|0.00|0.00|0.00|0.00|0.00|0.00|0.00|0.00|||||Anexo_5_Autopeças.xlsx|AutoPecas
01|112.0|01.112.00|73151210|Outras correntes de transmissão|DECRETO ICMS/PB Nº 39.158|2019-05-07 00:00:00||0.18|0.00|0.7178|1.011082926829268|0.9482365853658534|0.843492682926829|0.3656|0.5987512195121949|0.5487902439024386|0.4655219512195119|0.00||0.00|0.00|0.00|0.00|0.00|0.00|0.00|0.00|0.00|0.00|0.00|0.00|0.00|0.00|0.00|0.00|0.00|||||Anexo_5_Autopeças.xlsx|AutoPecas
01|113.0|01.113.00|84189900|Condensador tubular metálico|DECRETO ICMS/PB Nº 39.158|2019-05-07 00:00:00||0.18|0.00|0.7178|1.011082926829268|0.9482365853658534|0.843492682926829|0.3656|0.5987512195121949|0.5487902439024386|0.4655219512195119|0.00||0.00|0.00|0.00|0.00|0.00|0.00|0.00|0.00|0.00|0.00|0.00|0.00|0.00|0.00|0.00|0.00|0.00|||||Anexo_5_Autopeças.xlsx|AutoPecas
01|114.0|01.114.00|841950|Trocadores de calor|DECRETO ICMS/PB Nº 39.158|2019-05-07 00:00:00||0.18|0.00|0.7178|1.011082926829268|0.9482365853658534|0.843492682926829|0.3656|0.5987512195121949|0.5487902439024386|0.4655219512195119|0.00||0.00|0.00|0.00|0.00|0.00|0.00|0.00|0.00|0.00|0.00|0.00|0.00|0.00|0.00|0.00|0.00|0.00|||||Anexo_5_Autopeças.xlsx|AutoPecas
01|115.0|01.115.00|84249090|Partes de aparelhos mecânicos de pulverizar ou dispersar|DECRETO ICMS/PB Nº 39.158|2019-05-07 00:00:00||0.18|0.00|0.7178|1.011082926829268|0.9482365853658534|0.843492682926829|0.3656|0.5987512195121949|0.5487902439024386|0.4655219512195119|0.00||0.00|0.00|0.00|0.00|0.00|0.00|0.00|0.00|0.00|0.00|0.00|0.00|0.00|0.00|0.00|0.00|0.00|||||Anexo_5_Autopeças.xlsx|AutoPecas
01|116.0|01.116.00|84254910|Macacos manuais para veículos|DECRETO ICMS/PB Nº 39.158|2019-05-07 00:00:00||0.18|0.00|0.7178|1.011082926829268|0.9482365853658534|0.843492682926829|0.3656|0.5987512195121949|0.5487902439024386|0.4655219512195119|0.00||0.00|0.00|0.00|0.00|0.00|0.00|0.00|0.00|0.00|0.00|0.00|0.00|0.00|0.00|0.00|0.00|0.00|||||Anexo_5_Autopeças.xlsx|AutoPecas
01|117.0|01.117.00|84314100|Caçambas, pás, ganchos e tenazes para máquinas rodoviárias|DECRETO ICMS/PB Nº 39.158|2019-05-07 00:00:00||0.18|0.00|0.7178|1.011082926829268|0.9482365853658534|0.843492682926829|0.3656|0.5987512195121949|0.5487902439024386|0.4655219512195119|0.00||0.00|0.00|0.00|0.00|0.00|0.00|0.00|0.00|0.00|0.00|0.00|0.00|0.00|0.00|0.00|0.00|0.00|||||Anexo_5_Autopeças.xlsx|AutoPecas
01|118.0|01.118.00|85016100|Geradores de corrente alternada de potência não superior a 75 kva|DECRETO ICMS/PB Nº 39.158|2019-05-07 00:00:00||0.18|0.00|0.7178|1.011082926829268|0.9482365853658534|0.843492682926829|0.3656|0.5987512195121949|0.5487902439024386|0.4655219512195119|0.00||0.00|0.00|0.00|0.00|0.00|0.00|0.00|0.00|0.00|0.00|0.00|0.00|0.00|0.00|0.00|0.00|0.00|||||Anexo_5_Autopeças.xlsx|AutoPecas
01|119.0|01.119.00|85311090|Aparelhos elétricos para alarme de uso automotivo|DECRETO ICMS/PB Nº 39.158|2019-05-07 00:00:00||0.18|0.00|0.7178|1.011082926829268|0.9482365853658534|0.843492682926829|0.3656|0.5987512195121949|0.5487902439024386|0.4655219512195119|0.00||0.00|0.00|0.00|0.00|0.00|0.00|0.00|0.00|0.00|0.00|0.00|0.00|0.00|0.00|0.00|0.00|0.00|||||Anexo_5_Autopeças.xlsx|AutoPecas
01|120.0|01.120.00|90141000|Bússolas|DECRETO ICMS/PB Nº 39.158|2019-05-07 00:00:00||0.18|0.00|0.7178|1.011082926829268|0.9482365853658534|0.843492682926829|0.3656|0.5987512195121949|0.5487902439024386|0.4655219512195119|0.00||0.00|0.00|0.00|0.00|0.00|0.00|0.00|0.00|0.00|0.00|0.00|0.00|0.00|0.00|0.00|0.00|0.00|||||Anexo_5_Autopeças.xlsx|AutoPecas
01|121.0|01.121.00|90251990|Indicadores de temperatura|DECRETO ICMS/PB Nº 39.158|2019-05-07 00:00:00||0.18|0.00|0.7178|1.011082926829268|0.9482365853658534|0.843492682926829|0.3656|0.5987512195121949|0.5487902439024386|0.4655219512195119|0.00||0.00|0.00|0.00|0.00|0.00|0.00|0.00|0.00|0.00|0.00|0.00|0.00|0.00|0.00|0.00|0.00|0.00|||||Anexo_5_Autopeças.xlsx|AutoPecas
01|122.0|01.122.00|90259010|Partes de indicadores de temperatura|DECRETO ICMS/PB Nº 39.158|2019-05-07 00:00:00||0.18|0.00|0.7178|1.011082926829268|0.9482365853658534|0.843492682926829|0.3656|0.5987512195121949|0.5487902439024386|0.4655219512195119|0.00||0.00|0.00|0.00|0.00|0.00|0.00|0.00|0.00|0.00|0.00|0.00|0.00|0.00|0.00|0.00|0.00|0.00|||||Anexo_5_Autopeças.xlsx|AutoPecas
01|123.0|01.123.00|902690|Partes de aparelhos de medida ou controle|DECRETO ICMS/PB Nº 39.158|2019-05-07 00:00:00||0.18|0.00|0.7178|1.011082926829268|0.9482365853658534|0.843492682926829|0.3656|0.5987512195121949|0.5487902439024386|0.4655219512195119|0.00||0.00|0.00|0.00|0.00|0.00|0.00|0.00|0.00|0.00|0.00|0.00|0.00|0.00|0.00|0.00|0.00|0.00|||||Anexo_5_Autopeças.xlsx|AutoPecas
01|124.0|01.124.00|90321010|Termostatos|DECRETO ICMS/PB Nº 39.158|2019-05-07 00:00:00||0.18|0.00|0.7178|1.011082926829268|0.9482365853658534|0.843492682926829|0.3656|0.5987512195121949|0.5487902439024386|0.4655219512195119|0.00||0.00|0.00|0.00|0.00|0.00|0.00|0.00|0.00|0.00|0.00|0.00|0.00|0.00|0.00|0.00|0.00|0.00|||||Anexo_5_Autopeças.xlsx|AutoPecas
01|125.0|01.125.00|90321090|Instrumentos e aparelhos para regulação|DECRETO ICMS/PB Nº 39.158|2019-05-07 00:00:00||0.18|0.00|0.7178|1.011082926829268|0.9482365853658534|0.843492682926829|0.3656|0.5987512195121949|0.5487902439024386|0.4655219512195119|0.00||0.00|0.00|0.00|0.00|0.00|0.00|0.00|0.00|0.00|0.00|0.00|0.00|0.00|0.00|0.00|0.00|0.00|||||Anexo_5_Autopeças.xlsx|AutoPecas
01|126.0|01.126.00|90322000|Pressostatos|DECRETO ICMS/PB Nº 39.158|2019-05-07 00:00:00||0.18|0.00|0.7178|1.011082926829268|0.9482365853658534|0.843492682926829|0.3656|0.5987512195121949|0.5487902439024386|0.4655219512195119|0.00||0.00|0.00|0.00|0.00|0.00|0.00|0.00|0.00|0.00|0.00|0.00|0.00|0.00|0.00|0.00|0.00|0.00|||||Anexo_5_Autopeças.xlsx|AutoPecas
01|127.0|01.127.00|871690|Peças para reboques e semirreboques, exceto os itens classificados no CEST 01.077.00|DECRETO ICMS/PB Nº 39.158|2019-05-07 00:00:00||0.18|0.00|0.7178|1.011082926829268|0.9482365853658534|0.843492682926829|0.3656|0.5987512195121949|0.5487902439024386|0.4655219512195119|0.00||0.00|0.00|0.00|0.00|0.00|0.00|0.00|0.00|0.00|0.00|0.00|0.00|0.00|0.00|0.00|0.00|0.00|||||Anexo_5_Autopeças.xlsx|AutoPecas
01|128.0|01.128.00|73229010|Geradores de ar quente a combustível líquido, com capacidade superior ou igual a 1.500 kcal/h, mas inferior ou igual a 10.400 kcal/h, do tipo dos utilizados em veículos automóveis|DECRETO ICMS/PB Nº 39.158|2019-05-07 00:00:00||0.18|0.00|0.7178|1.011082926829268|0.9482365853658534|0.843492682926829|0.3656|0.5987512195121949|0.5487902439024386|0.4655219512195119|0.00||0.00|0.00|0.00|0.00|0.00|0.00|0.00|0.00|0.00|0.00|0.00|0.00|0.00|0.00|0.00|0.00|0.00|||||Anexo_5_Autopeças.xlsx|AutoPecas
01|999.0|01.999.00||Outras peças, partes e acessórios para veículos automotores não relacionados nos demais itens deste anexo|DECRETO ICMS/PB Nº 39.158|2019-05-07 00:00:00||0.18|0.00|0.7178|1.011082926829268|0.9482365853658534|0.843492682926829|0.3656|0.5987512195121949|0.5487902439024386|0.4655219512195119|0.00||0.00|0.00|0.00|0.00|0.00|0.00|0.00|0.00|0.00|0.00|0.00|0.00|0.00|0.00|0.00|0.00|0.00|||||Anexo_5_Autopeças.xlsx|AutoPecas
01|1.0|01.001.00|38151210|Catalisadores em colmeia cerâmica ou metálica para conversão catalítica de gases de escape de veículos e outros catalisadores|DECRETO ICMS/PB Nº 39.158|2019-05-07 00:00:00|2023-12-31 00:00:00|0.18|0.00|0.7178|1.011082926829268|0.9482365853658534|0.843492682926829|0.3656|0.5987512195121949|0.5487902439024386|0.4655219512195119|0.00||0.00|0.00|0.00|0.00|0.00|0.00|0.00|0.00|0.00|0.00|0.00|0.00|0.00|0.00|0.00|0.00|0.00|||||Anexo_5_Autopeças_1.xlsx|AutoPecas
01|1.0|01.001.00|38151210|Catalisadores em colmeia cerâmica ou metálica para conversão catalítica de gases de escape de veículos e outros catalisadores|DECRETO ICMS/PB Nº 44.681/23|2024-01-01 00:00:00||0.2|0.00|0.7178|1.0613599999999996|0.9969424999999998|0.8895799999999998|0.3656|0.6387199999999997|0.5875099999999998|0.5021599999999997|0.00||0.00|0.00|0.00|0.00|0.00|0.00|0.00|0.00|0.00|0.00|0.00|0.00|0.00|0.00|0.00|0.00|0.00|||||Anexo_5_Autopeças_1.xlsx|AutoPecas
01|1.0|01.001.00|38151290|Catalisadores em colmeia cerâmica ou metálica para conversão catalítica de gases de escape de veículos e outros catalisadores|DECRETO ICMS/PB Nº 39.158|2019-05-07 00:00:00|2023-12-31 00:00:00|0.18|0.00|0.7178|1.011082926829268|0.9482365853658534|0.843492682926829|0.3656|0.5987512195121949|0.5487902439024386|0.4655219512195119|0.00||0.00|0.00|0.00|0.00|0.00|0.00|0.00|0.00|0.00|0.00|0.00|0.00|0.00|0.00|0.00|0.00|0.00|||||Anexo_5_Autopeças_1.xlsx|AutoPecas
01|1.0|01.001.00|38151290|Catalisadores em colmeia cerâmica ou metálica para conversão catalítica de gases de escape de veículos e outros catalisadores|DECRETO ICMS/PB Nº 44.681/23|2024-01-01 00:00:00||0.2|0.00|0.7178|1.0613599999999996|0.9969424999999998|0.8895799999999998|0.3656|0.6387199999999997|0.5875099999999998|0.5021599999999997|0.00||0.00|0.00|0.00|0.00|0.00|0.00|0.00|0.00|0.00|0.00|0.00|0.00|0.00|0.00|0.00|0.00|0.00|||||Anexo_5_Autopeças_1.xlsx|AutoPecas
01|2.0|01.002.00|3917|Tubos e seus acessórios (por exemplo, juntas, cotovelos, flanges, uniões), de plásticos|DECRETO ICMS/PB Nº 39.158|2019-05-07 00:00:00|2023-12-31 00:00:00|0.18|0.00|0.7178|1.011082926829268|0.9482365853658534|0.843492682926829|0.3656|0.5987512195121949|0.5487902439024386|0.4655219512195119|0.00||0.00|0.00|0.00|0.00|0.00|0.00|0.00|0.00|0.00|0.00|0.00|0.00|0.00|0.00|0.00|0.00|0.00|||||Anexo_5_Autopeças_1.xlsx|AutoPecas
01|2.0|01.002.00|3917|Tubos e seus acessórios (por exemplo, juntas, cotovelos, flanges, uniões), de plásticos|DECRETO ICMS/PB Nº 44.681/23|2024-01-01 00:00:00||0.2|0.00|0.7178|1.0613599999999996|0.9969424999999998|0.8895799999999998|0.3656|0.6387199999999997|0.5875099999999998|0.5021599999999997|0.00||0.00|0.00|0.00|0.00|0.00|0.00|0.00|0.00|0.00|0.00|0.00|0.00|0.00|0.00|0.00|0.00|0.00|||||Anexo_5_Autopeças_1.xlsx|AutoPecas
01|3.0|01.003.00|39181000|Protetores de caçamba|DECRETO ICMS/PB Nº 39.158|2019-05-07 00:00:00|2023-12-31 00:00:00|0.18|0.00|0.7178|1.011082926829268|0.9482365853658534|0.843492682926829|0.3656|0.5987512195121949|0.5487902439024386|0.4655219512195119|0.00||0.00|0.00|0.00|0.00|0.00|0.00|0.00|0.00|0.00|0.00|0.00|0.00|0.00|0.00|0.00|0.00|0.00|||||Anexo_5_Autopeças_1.xlsx|AutoPecas
01|3.0|01.003.00|39181000|Protetores de caçamba|DECRETO ICMS/PB Nº 44.681/23|2024-01-01 00:00:00||0.2|0.00|0.7178|1.0613599999999996|0.9969424999999998|0.8895799999999998|0.3656|0.6387199999999997|0.5875099999999998|0.5021599999999997|0.00||0.00|0.00|0.00|0.00|0.00|0.00|0.00|0.00|0.00|0.00|0.00|0.00|0.00|0.00|0.00|0.00|0.00|||||Anexo_5_Autopeças_1.xlsx|AutoPecas
01|4.0|01.004.00|39233000|Reservatórios de óleo|DECRETO ICMS/PB Nº 39.158|2019-05-07 00:00:00|2023-12-31 00:00:00|0.18|0.00|0.7178|1.011082926829268|0.9482365853658534|0.843492682926829|0.3656|0.5987512195121949|0.5487902439024386|0.4655219512195119|0.00||0.00|0.00|0.00|0.00|0.00|0.00|0.00|0.00|0.00|0.00|0.00|0.00|0.00|0.00|0.00|0.00|0.00|||||Anexo_5_Autopeças_1.xlsx|AutoPecas
01|4.0|01.004.00|39233000|Reservatórios de óleo|DECRETO ICMS/PB Nº 44.681/23|2024-01-01 00:00:00||0.2|0.00|0.7178|1.0613599999999996|0.9969424999999998|0.8895799999999998|0.3656|0.6387199999999997|0.5875099999999998|0.5021599999999997|0.00||0.00|0.00|0.00|0.00|0.00|0.00|0.00|0.00|0.00|0.00|0.00|0.00|0.00|0.00|0.00|0.00|0.00|||||Anexo_5_Autopeças_1.xlsx|AutoPecas
01|5.0|01.005.00|39263000|Frisos, decalques, molduras e acabamentos|DECRETO ICMS/PB Nº 39.158|2019-05-07 00:00:00|2023-12-31 00:00:00|0.18|0.00|0.7178|1.011082926829268|0.9482365853658534|0.843492682926829|0.3656|0.5987512195121949|0.5487902439024386|0.4655219512195119|0.00||0.00|0.00|0.00|0.00|0.00|0.00|0.00|0.00|0.00|0.00|0.00|0.00|0.00|0.00|0.00|0.00|0.00|||||Anexo_5_Autopeças_1.xlsx|AutoPecas
01|5.0|01.005.00|39263000|Frisos, decalques, molduras e acabamentos|DECRETO ICMS/PB Nº 44.681/23|2024-01-01 00:00:00||0.2|0.00|0.7178|1.0613599999999996|0.9969424999999998|0.8895799999999998|0.3656|0.6387199999999997|0.5875099999999998|0.5021599999999997|0.00||0.00|0.00|0.00|0.00|0.00|0.00|0.00|0.00|0.00|0.00|0.00|0.00|0.00|0.00|0.00|0.00|0.00|||||Anexo_5_Autopeças_1.xlsx|AutoPecas
01|6.0|01.006.00|40103|Correias de transmissão de borracha vulcanizada, de matérias têxteis, mesmo impregnadas, revestidas ou recobertas, de plástico, ou estratificadas com plástico ou reforçadas com metal ou com outras matérias|DECRETO ICMS/PB Nº 39.158|2019-05-07 00:00:00|2023-12-31 00:00:00|0.18|0.00|0.7178|1.011082926829268|0.9482365853658534|0.843492682926829|0.3656|0.5987512195121949|0.5487902439024386|0.4655219512195119|0.00||0.00|0.00|0.00|0.00|0.00|0.00|0.00|0.00|0.00|0.00|0.00|0.00|0.00|0.00|0.00|0.00|0.00|||||Anexo_5_Autopeças_1.xlsx|AutoPecas
01|6.0|01.006.00|40103|Correias de transmissão de borracha vulcanizada, de matérias têxteis, mesmo impregnadas, revestidas ou recobertas, de plástico, ou estratificadas com plástico ou reforçadas com metal ou com outras matérias|DECRETO ICMS/PB Nº 44.681/23|2024-01-01 00:00:00||0.2|0.00|0.7178|1.0613599999999996|0.9969424999999998|0.8895799999999998|0.3656|0.6387199999999997|0.5875099999999998|0.5021599999999997|0.00||0.00|0.00|0.00|0.00|0.00|0.00|0.00|0.00|0.00|0.00|0.00|0.00|0.00|0.00|0.00|0.00|0.00|||||Anexo_5_Autopeças_1.xlsx|AutoPecas
01|6.0|01.006.00|59100000|Correias de transmissão de borracha vulcanizada, de matérias têxteis, mesmo impregnadas, revestidas ou recobertas, de plástico, ou estratificadas com plástico ou reforçadas com metal ou com outras matérias|DECRETO ICMS/PB Nº 39.158|2019-05-07 00:00:00|2023-12-31 00:00:00|0.18|0.00|0.7178|1.011082926829268|0.9482365853658534|0.843492682926829|0.3656|0.5987512195121949|0.5487902439024386|0.4655219512195119|0.00||0.00|0.00|0.00|0.00|0.00|0.00|0.00|0.00|0.00|0.00|0.00|0.00|0.00|0.00|0.00|0.00|0.00|||||Anexo_5_Autopeças_1.xlsx|AutoPecas
01|6.0|01.006.00|59100000|Correias de transmissão de borracha vulcanizada, de matérias têxteis, mesmo impregnadas, revestidas ou recobertas, de plástico, ou estratificadas com plástico ou reforçadas com metal ou com outras matérias|DECRETO ICMS/PB Nº 44.681/23|2024-01-01 00:00:00||0.2|0.00|0.7178|1.0613599999999996|0.9969424999999998|0.8895799999999998|0.3656|0.6387199999999997|0.5875099999999998|0.5021599999999997|0.00||0.00|0.00|0.00|0.00|0.00|0.00|0.00|0.00|0.00|0.00|0.00|0.00|0.00|0.00|0.00|0.00|0.00|||||Anexo_5_Autopeças_1.xlsx|AutoPecas
01|7.0|01.007.00|4823909|Juntas, gaxetas e outros elementos com função semelhante de vedação|DECRETO ICMS/PB Nº 39.158|2019-05-07 00:00:00|2023-12-31 00:00:00|0.18|0.00|0.7178|1.011082926829268|0.9482365853658534|0.843492682926829|0.3656|0.5987512195121949|0.5487902439024386|0.4655219512195119|0.00||0.00|0.00|0.00|0.00|0.00|0.00|0.00|0.00|0.00|0.00|0.00|0.00|0.00|0.00|0.00|0.00|0.00|||||Anexo_5_Autopeças_1.xlsx|AutoPecas
01|7.0|01.007.00|4823909|Juntas, gaxetas e outros elementos com função semelhante de vedação|DECRETO ICMS/PB Nº 44.681/23|2024-01-01 00:00:00||0.2|0.00|0.7178|1.0613599999999996|0.9969424999999998|0.8895799999999998|0.3656|0.6387199999999997|0.5875099999999998|0.5021599999999997|0.00||0.00|0.00|0.00|0.00|0.00|0.00|0.00|0.00|0.00|0.00|0.00|0.00|0.00|0.00|0.00|0.00|0.00|||||Anexo_5_Autopeças_1.xlsx|AutoPecas
01|7.0|01.007.00|40169300|Juntas, gaxetas e outros elementos com função semelhante de vedação|DECRETO ICMS/PB Nº 39.158|2019-05-07 00:00:00|2023-12-31 00:00:00|0.18|0.00|0.7178|1.011082926829268|0.9482365853658534|0.843492682926829|0.3656|0.5987512195121949|0.5487902439024386|0.4655219512195119|0.00||0.00|0.00|0.00|0.00|0.00|0.00|0.00|0.00|0.00|0.00|0.00|0.00|0.00|0.00|0.00|0.00|0.00|||||Anexo_5_Autopeças_1.xlsx|AutoPecas
01|7.0|01.007.00|40169300|Juntas, gaxetas e outros elementos com função semelhante de vedação|DECRETO ICMS/PB Nº 44.681/23|2024-01-01 00:00:00||0.2|0.00|0.7178|1.0613599999999996|0.9969424999999998|0.8895799999999998|0.3656|0.6387199999999997|0.5875099999999998|0.5021599999999997|0.00||0.00|0.00|0.00|0.00|0.00|0.00|0.00|0.00|0.00|0.00|0.00|0.00|0.00|0.00|0.00|0.00|0.00|||||Anexo_5_Autopeças_1.xlsx|AutoPecas
01|8.0|01.008.00|40161010|Partes de veículos automóveis, tratores e máquinas autopropulsadas|DECRETO ICMS/PB Nº 39.158|2019-05-07 00:00:00|2023-12-31 00:00:00|0.18|0.00|0.7178|1.011082926829268|0.9482365853658534|0.843492682926829|0.3656|0.5987512195121949|0.5487902439024386|0.4655219512195119|0.00||0.00|0.00|0.00|0.00|0.00|0.00|0.00|0.00|0.00|0.00|0.00|0.00|0.00|0.00|0.00|0.00|0.00|||||Anexo_5_Autopeças_1.xlsx|AutoPecas
01|8.0|01.008.00|40161010|Partes de veículos automóveis, tratores e máquinas autopropulsadas|DECRETO ICMS/PB Nº 44.681/23|2024-01-01 00:00:00||0.2|0.00|0.7178|1.0613599999999996|0.9969424999999998|0.8895799999999998|0.3656|0.6387199999999997|0.5875099999999998|0.5021599999999997|0.00||0.00|0.00|0.00|0.00|0.00|0.00|0.00|0.00|0.00|0.00|0.00|0.00|0.00|0.00|0.00|0.00|0.00|||||Anexo_5_Autopeças_1.xlsx|AutoPecas
01|9.0|01.009.00|40169990|Tapetes, revestimentos, mesmo confeccionados, batentes, buchas e coxins|DECRETO ICMS/PB Nº 39.158|2019-05-07 00:00:00|2023-12-31 00:00:00|0.18|0.00|0.7178|1.011082926829268|0.9482365853658534|0.843492682926829|0.3656|0.5987512195121949|0.5487902439024386|0.4655219512195119|0.00||0.00|0.00|0.00|0.00|0.00|0.00|0.00|0.00|0.00|0.00|0.00|0.00|0.00|0.00|0.00|0.00|0.00|||||Anexo_5_Autopeças_1.xlsx|AutoPecas
01|9.0|01.009.00|40169990|Tapetes, revestimentos, mesmo confeccionados, batentes, buchas e coxins|DECRETO ICMS/PB Nº 44.681/23|2024-01-01 00:00:00||0.2|0.00|0.7178|1.0613599999999996|0.9969424999999998|0.8895799999999998|0.3656|0.6387199999999997|0.5875099999999998|0.5021599999999997|0.00||0.00|0.00|0.00|0.00|0.00|0.00|0.00|0.00|0.00|0.00|0.00|0.00|0.00|0.00|0.00|0.00|0.00|||||Anexo_5_Autopeças_1.xlsx|AutoPecas
01|9.0|01.009.00|57050000|Tapetes, revestimentos, mesmo confeccionados, batentes, buchas e coxins|DECRETO ICMS/PB Nº 39.158|2019-05-07 00:00:00|2023-12-31 00:00:00|0.18|0.00|0.7178|1.011082926829268|0.9482365853658534|0.843492682926829|0.3656|0.5987512195121949|0.5487902439024386|0.4655219512195119|0.00||0.00|0.00|0.00|0.00|0.00|0.00|0.00|0.00|0.00|0.00|0.00|0.00|0.00|0.00|0.00|0.00|0.00|||||Anexo_5_Autopeças_1.xlsx|AutoPecas
01|9.0|01.009.00|57050000|Tapetes, revestimentos, mesmo confeccionados, batentes, buchas e coxins|DECRETO ICMS/PB Nº 44.681/23|2024-01-01 00:00:00||0.2|0.00|0.7178|1.0613599999999996|0.9969424999999998|0.8895799999999998|0.3656|0.6387199999999997|0.5875099999999998|0.5021599999999997|0.00||0.00|0.00|0.00|0.00|0.00|0.00|0.00|0.00|0.00|0.00|0.00|0.00|0.00|0.00|0.00|0.00|0.00|||||Anexo_5_Autopeças_1.xlsx|AutoPecas
01|10.0|01.010.00|59039000|Tecidos impregnados, revestidos, recobertos ou estratificados, com plástico|DECRETO ICMS/PB Nº 39.158|2019-05-07 00:00:00|2023-12-31 00:00:00|0.18|0.00|0.7178|1.011082926829268|0.9482365853658534|0.843492682926829|0.3656|0.5987512195121949|0.5487902439024386|0.4655219512195119|0.00||0.00|0.00|0.00|0.00|0.00|0.00|0.00|0.00|0.00|0.00|0.00|0.00|0.00|0.00|0.00|0.00|0.00|||||Anexo_5_Autopeças_1.xlsx|AutoPecas
01|10.0|01.010.00|59039000|Tecidos impregnados, revestidos, recobertos ou estratificados, com plástico|DECRETO ICMS/PB Nº 44.681/23|2024-01-01 00:00:00||0.2|0.00|0.7178|1.0613599999999996|0.9969424999999998|0.8895799999999998|0.3656|0.6387199999999997|0.5875099999999998|0.5021599999999997|0.00||0.00|0.00|0.00|0.00|0.00|0.00|0.00|0.00|0.00|0.00|0.00|0.00|0.00|0.00|0.00|0.00|0.00|||||Anexo_5_Autopeças_1.xlsx|AutoPecas
01|11.0|01.011.00|59090000|Mangueiras e tubos semelhantes, de matérias têxteis, mesmo com reforço ou acessórios de outras matérias|DECRETO ICMS/PB Nº 39.158|2019-05-07 00:00:00|2023-12-31 00:00:00|0.18|0.00|0.7178|1.011082926829268|0.9482365853658534|0.843492682926829|0.3656|0.5987512195121949|0.5487902439024386|0.4655219512195119|0.00||0.00|0.00|0.00|0.00|0.00|0.00|0.00|0.00|0.00|0.00|0.00|0.00|0.00|0.00|0.00|0.00|0.00|||||Anexo_5_Autopeças_1.xlsx|AutoPecas
01|11.0|01.011.00|59090000|Mangueiras e tubos semelhantes, de matérias têxteis, mesmo com reforço ou acessórios de outras matérias|DECRETO ICMS/PB Nº 44.681/23|2024-01-01 00:00:00||0.2|0.00|0.7178|1.0613599999999996|0.9969424999999998|0.8895799999999998|0.3656|0.6387199999999997|0.5875099999999998|0.5021599999999997|0.00||0.00|0.00|0.00|0.00|0.00|0.00|0.00|0.00|0.00|0.00|0.00|0.00|0.00|0.00|0.00|0.00|0.00|||||Anexo_5_Autopeças_1.xlsx|AutoPecas
01|12.0|01.012.00|63061|Encerados e toldos|DECRETO ICMS/PB Nº 39.158|2019-05-07 00:00:00|2023-12-31 00:00:00|0.18|0.00|0.7178|1.011082926829268|0.9482365853658534|0.843492682926829|0.3656|0.5987512195121949|0.5487902439024386|0.4655219512195119|0.00||0.00|0.00|0.00|0.00|0.00|0.00|0.00|0.00|0.00|0.00|0.00|0.00|0.00|0.00|0.00|0.00|0.00|||||Anexo_5_Autopeças_1.xlsx|AutoPecas
01|12.0|01.012.00|63061|Encerados e toldos|DECRETO ICMS/PB Nº 44.681/23|2024-01-01 00:00:00||0.2|0.00|0.7178|1.0613599999999996|0.9969424999999998|0.8895799999999998|0.3656|0.6387199999999997|0.5875099999999998|0.5021599999999997|0.00||0.00|0.00|0.00|0.00|0.00|0.00|0.00|0.00|0.00|0.00|0.00|0.00|0.00|0.00|0.00|0.00|0.00|||||Anexo_5_Autopeças_1.xlsx|AutoPecas
01|13.0|01.013.00|65061000|Capacetes e artefatos de uso semelhante, de proteção, para uso em motocicletas, incluídos ciclomotores|DECRETO ICMS/PB Nº 39.158|2019-05-07 00:00:00|2023-12-31 00:00:00|0.18|0.00|0.7178|1.011082926829268|0.9482365853658534|0.843492682926829|0.3656|0.5987512195121949|0.5487902439024386|0.4655219512195119|0.00||0.00|0.00|0.00|0.00|0.00|0.00|0.00|0.00|0.00|0.00|0.00|0.00|0.00|0.00|0.00|0.00|0.00|||||Anexo_5_Autopeças_1.xlsx|AutoPecas
01|13.0|01.013.00|65061000|Capacetes e artefatos de uso semelhante, de proteção, para uso em motocicletas, incluídos ciclomotores|DECRETO ICMS/PB Nº 44.681/23|2024-01-01 00:00:00||0.2|0.00|0.7178|1.0613599999999996|0.9969424999999998|0.8895799999999998|0.3656|0.6387199999999997|0.5875099999999998|0.5021599999999997|0.00||0.00|0.00|0.00|0.00|0.00|0.00|0.00|0.00|0.00|0.00|0.00|0.00|0.00|0.00|0.00|0.00|0.00|||||Anexo_5_Autopeças_1.xlsx|AutoPecas
01|14.0|01.014.00|6813|Guarnições de fricção (por exemplo, placas, rolos, tiras, segmentos, discos, anéis, pastilhas), não montadas, para freios, embreagens ou qualquer outro mecanismo de fricção, à base de amianto, de outras substâncias minerais ou de celulose, mesmo combinadas com têxteis ou outras matérias|DECRETO ICMS/PB Nº 39.158|2019-05-07 00:00:00|2023-12-31 00:00:00|0.18|0.00|0.7178|1.011082926829268|0.9482365853658534|0.843492682926829|0.3656|0.5987512195121949|0.5487902439024386|0.4655219512195119|0.00||0.00|0.00|0.00|0.00|0.00|0.00|0.00|0.00|0.00|0.00|0.00|0.00|0.00|0.00|0.00|0.00|0.00|||||Anexo_5_Autopeças_1.xlsx|AutoPecas
01|14.0|01.014.00|6813|Guarnições de fricção (por exemplo, placas, rolos, tiras, segmentos, discos, anéis, pastilhas), não montadas, para freios, embreagens ou qualquer outro mecanismo de fricção, à base de amianto, de outras substâncias minerais ou de celulose, mesmo combinadas com têxteis ou outras matérias|DECRETO ICMS/PB Nº 44.681/23|2024-01-01 00:00:00||0.2|0.00|0.7178|1.0613599999999996|0.9969424999999998|0.8895799999999998|0.3656|0.6387199999999997|0.5875099999999998|0.5021599999999997|0.00||0.00|0.00|0.00|0.00|0.00|0.00|0.00|0.00|0.00|0.00|0.00|0.00|0.00|0.00|0.00|0.00|0.00|||||Anexo_5_Autopeças_1.xlsx|AutoPecas
01|15.0|01.015.00|70071100|Vidros de dimensões e formatos que permitam aplicação automotiva|DECRETO ICMS/PB Nº 39.158|2019-05-07 00:00:00|2023-12-31 00:00:00|0.18|0.00|0.7178|1.011082926829268|0.9482365853658534|0.843492682926829|0.3656|0.5987512195121949|0.5487902439024386|0.4655219512195119|0.00||0.00|0.00|0.00|0.00|0.00|0.00|0.00|0.00|0.00|0.00|0.00|0.00|0.00|0.00|0.00|0.00|0.00|||||Anexo_5_Autopeças_1.xlsx|AutoPecas
01|15.0|01.015.00|70071100|Vidros de dimensões e formatos que permitam aplicação automotiva|DECRETO ICMS/PB Nº 44.681/23|2024-01-01 00:00:00||0.2|0.00|0.7178|1.0613599999999996|0.9969424999999998|0.8895799999999998|0.3656|0.6387199999999997|0.5875099999999998|0.5021599999999997|0.00||0.00|0.00|0.00|0.00|0.00|0.00|0.00|0.00|0.00|0.00|0.00|0.00|0.00|0.00|0.00|0.00|0.00|||||Anexo_5_Autopeças_1.xlsx|AutoPecas
01|15.0|01.015.00|70072100|Vidros de dimensões e formatos que permitam aplicação automotiva|DECRETO ICMS/PB Nº 39.158|2019-05-07 00:00:00|2023-12-31 00:00:00|0.18|0.00|0.7178|1.011082926829268|0.9482365853658534|0.843492682926829|0.3656|0.5987512195121949|0.5487902439024386|0.4655219512195119|0.00||0.00|0.00|0.00|0.00|0.00|0.00|0.00|0.00|0.00|0.00|0.00|0.00|0.00|0.00|0.00|0.00|0.00|||||Anexo_5_Autopeças_1.xlsx|AutoPecas
01|15.0|01.015.00|70072100|Vidros de dimensões e formatos que permitam aplicação automotiva|DECRETO ICMS/PB Nº 44.681/23|2024-01-01 00:00:00||0.2|0.00|0.7178|1.0613599999999996|0.9969424999999998|0.8895799999999998|0.3656|0.6387199999999997|0.5875099999999998|0.5021599999999997|0.00||0.00|0.00|0.00|0.00|0.00|0.00|0.00|0.00|0.00|0.00|0.00|0.00|0.00|0.00|0.00|0.00|0.00|||||Anexo_5_Autopeças_1.xlsx|AutoPecas
01|16.0|01.016.00|70091000|Espelhos retrovisores|DECRETO ICMS/PB Nº 39.158|2019-05-07 00:00:00|2023-12-31 00:00:00|0.18|0.00|0.7178|1.011082926829268|0.9482365853658534|0.843492682926829|0.3656|0.5987512195121949|0.5487902439024386|0.4655219512195119|0.00||0.00|0.00|0.00|0.00|0.00|0.00|0.00|0.00|0.00|0.00|0.00|0.00|0.00|0.00|0.00|0.00|0.00|||||Anexo_5_Autopeças_1.xlsx|AutoPecas
01|16.0|01.016.00|70091000|Espelhos retrovisores|DECRETO ICMS/PB Nº 44.681/23|2024-01-01 00:00:00||0.2|0.00|0.7178|1.0613599999999996|0.9969424999999998|0.8895799999999998|0.3656|0.6387199999999997|0.5875099999999998|0.5021599999999997|0.00||0.00|0.00|0.00|0.00|0.00|0.00|0.00|0.00|0.00|0.00|0.00|0.00|0.00|0.00|0.00|0.00|0.00|||||Anexo_5_Autopeças_1.xlsx|AutoPecas
01|17.0|01.017.00|70140000|Lentes de faróis, lanternas e outros utensílios|DECRETO ICMS/PB Nº 39.158|2019-05-07 00:00:00|2023-12-31 00:00:00|0.18|0.00|0.7178|1.011082926829268|0.9482365853658534|0.843492682926829|0.3656|0.5987512195121949|0.5487902439024386|0.4655219512195119|0.00||0.00|0.00|0.00|0.00|0.00|0.00|0.00|0.00|0.00|0.00|0.00|0.00|0.00|0.00|0.00|0.00|0.00|||||Anexo_5_Autopeças_1.xlsx|AutoPecas
01|17.0|01.017.00|70140000|Lentes de faróis, lanternas e outros utensílios|DECRETO ICMS/PB Nº 44.681/23|2024-01-01 00:00:00||0.2|0.00|0.7178|1.0613599999999996|0.9969424999999998|0.8895799999999998|0.3656|0.6387199999999997|0.5875099999999998|0.5021599999999997|0.00||0.00|0.00|0.00|0.00|0.00|0.00|0.00|0.00|0.00|0.00|0.00|0.00|0.00|0.00|0.00|0.00|0.00|||||Anexo_5_Autopeças_1.xlsx|AutoPecas
01|18.0|01.018.00|73110000|Cilindro de aço para GNV (gás natural veicular)|DECRETO ICMS/PB Nº 39.158|2019-05-07 00:00:00|2023-12-31 00:00:00|0.18|0.00|0.7178|1.011082926829268|0.9482365853658534|0.843492682926829|0.3656|0.5987512195121949|0.5487902439024386|0.4655219512195119|0.00||0.00|0.00|0.00|0.00|0.00|0.00|0.00|0.00|0.00|0.00|0.00|0.00|0.00|0.00|0.00|0.00|0.00|||||Anexo_5_Autopeças_1.xlsx|AutoPecas
01|18.0|01.018.00|73110000|Cilindro de aço para GNV (gás natural veicular)|DECRETO ICMS/PB Nº 44.681/23|2024-01-01 00:00:00||0.2|0.00|0.7178|1.0613599999999996|0.9969424999999998|0.8895799999999998|0.3656|0.6387199999999997|0.5875099999999998|0.5021599999999997|0.00||0.00|0.00|0.00|0.00|0.00|0.00|0.00|0.00|0.00|0.00|0.00|0.00|0.00|0.00|0.00|0.00|0.00|||||Anexo_5_Autopeças_1.xlsx|AutoPecas
01|19.0|01.019.00|73110000|Recipientes para gases comprimidos ou liquefeitos, de ferro fundido, ferro ou aço, exceto o descrito no item 18.0|DECRETO ICMS/PB Nº 39.158|2019-05-07 00:00:00|2023-12-31 00:00:00|0.18|0.00|0.7178|1.011082926829268|0.9482365853658534|0.843492682926829|0.3656|0.5987512195121949|0.5487902439024386|0.4655219512195119|0.00||0.00|0.00|0.00|0.00|0.00|0.00|0.00|0.00|0.00|0.00|0.00|0.00|0.00|0.00|0.00|0.00|0.00|||||Anexo_5_Autopeças_1.xlsx|AutoPecas
01|19.0|01.019.00|73110000|Recipientes para gases comprimidos ou liquefeitos, de ferro fundido, ferro ou aço, exceto o descrito no item 18.0|DECRETO ICMS/PB Nº 44.681/23|2024-01-01 00:00:00||0.2|0.00|0.7178|1.0613599999999996|0.9969424999999998|0.8895799999999998|0.3656|0.6387199999999997|0.5875099999999998|0.5021599999999997|0.00||0.00|0.00|0.00|0.00|0.00|0.00|0.00|0.00|0.00|0.00|0.00|0.00|0.00|0.00|0.00|0.00|0.00|||||Anexo_5_Autopeças_1.xlsx|AutoPecas
01|20.0|01.020.00|7320|Molas e folhas de molas, de ferro ou aço|DECRETO ICMS/PB Nº 39.158|2019-05-07 00:00:00|2023-12-31 00:00:00|0.18|0.00|0.7178|1.011082926829268|0.9482365853658534|0.843492682926829|0.3656|0.5987512195121949|0.5487902439024386|0.4655219512195119|0.00||0.00|0.00|0.00|0.00|0.00|0.00|0.00|0.00|0.00|0.00|0.00|0.00|0.00|0.00|0.00|0.00|0.00|||||Anexo_5_Autopeças_1.xlsx|AutoPecas
01|20.0|01.020.00|7320|Molas e folhas de molas, de ferro ou aço|DECRETO ICMS/PB Nº 44.681/23|2024-01-01 00:00:00||0.2|0.00|0.7178|1.0613599999999996|0.9969424999999998|0.8895799999999998|0.3656|0.6387199999999997|0.5875099999999998|0.5021599999999997|0.00||0.00|0.00|0.00|0.00|0.00|0.00|0.00|0.00|0.00|0.00|0.00|0.00|0.00|0.00|0.00|0.00|0.00|||||Anexo_5_Autopeças_1.xlsx|AutoPecas
01|21.0|01.021.00|7325|Obras moldadas, de ferro fundido, ferro ou aço, exceto as do código 7325.91.00|DECRETO ICMS/PB Nº 39.158|2019-05-07 00:00:00|2023-12-31 00:00:00|0.18|0.00|0.7178|1.011082926829268|0.9482365853658534|0.843492682926829|0.3656|0.5987512195121949|0.5487902439024386|0.4655219512195119|0.00||0.00|0.00|0.00|0.00|0.00|0.00|0.00|0.00|0.00|0.00|0.00|0.00|0.00|0.00|0.00|0.00|0.00|||||Anexo_5_Autopeças_1.xlsx|AutoPecas
01|21.0|01.021.00|7325|Obras moldadas, de ferro fundido, ferro ou aço, exceto as do código 7325.91.00|DECRETO ICMS/PB Nº 44.681/23|2024-01-01 00:00:00||0.2|0.00|0.7178|1.0613599999999996|0.9969424999999998|0.8895799999999998|0.3656|0.6387199999999997|0.5875099999999998|0.5021599999999997|0.00||0.00|0.00|0.00|0.00|0.00|0.00|0.00|0.00|0.00|0.00|0.00|0.00|0.00|0.00|0.00|0.00|0.00|||||Anexo_5_Autopeças_1.xlsx|AutoPecas
01|22.0|01.022.00|780600|Peso de chumbo para balanceamento de roda|DECRETO ICMS/PB Nº 39.158|2019-05-07 00:00:00|2023-12-31 00:00:00|0.18|0.00|0.7178|1.011082926829268|0.9482365853658534|0.843492682926829|0.3656|0.5987512195121949|0.5487902439024386|0.4655219512195119|0.00||0.00|0.00|0.00|0.00|0.00|0.00|0.00|0.00|0.00|0.00|0.00|0.00|0.00|0.00|0.00|0.00|0.00|||||Anexo_5_Autopeças_1.xlsx|AutoPecas
01|22.0|01.022.00|780600|Peso de chumbo para balanceamento de roda|DECRETO ICMS/PB Nº 44.681/23|2024-01-01 00:00:00||0.2|0.00|0.7178|1.0613599999999996|0.9969424999999998|0.8895799999999998|0.3656|0.6387199999999997|0.5875099999999998|0.5021599999999997|0.00||0.00|0.00|0.00|0.00|0.00|0.00|0.00|0.00|0.00|0.00|0.00|0.00|0.00|0.00|0.00|0.00|0.00|||||Anexo_5_Autopeças_1.xlsx|AutoPecas
01|23.0|01.023.00|80070090|Peso para balanceamento de roda e outros utensílios de estanho|DECRETO ICMS/PB Nº 39.158|2019-05-07 00:00:00|2023-12-31 00:00:00|0.18|0.00|0.7178|1.011082926829268|0.9482365853658534|0.843492682926829|0.3656|0.5987512195121949|0.5487902439024386|0.4655219512195119|0.00||0.00|0.00|0.00|0.00|0.00|0.00|0.00|0.00|0.00|0.00|0.00|0.00|0.00|0.00|0.00|0.00|0.00|||||Anexo_5_Autopeças_1.xlsx|AutoPecas
01|23.0|01.023.00|80070090|Peso para balanceamento de roda e outros utensílios de estanho|DECRETO ICMS/PB Nº 44.681/23|2024-01-01 00:00:00||0.2|0.00|0.7178|1.0613599999999996|0.9969424999999998|0.8895799999999998|0.3656|0.6387199999999997|0.5875099999999998|0.5021599999999997|0.00||0.00|0.00|0.00|0.00|0.00|0.00|0.00|0.00|0.00|0.00|0.00|0.00|0.00|0.00|0.00|0.00|0.00|||||Anexo_5_Autopeças_1.xlsx|AutoPecas
01|24.0|01.024.00|830120|Fechaduras e partes de fechaduras|DECRETO ICMS/PB Nº 39.158|2019-05-07 00:00:00|2023-12-31 00:00:00|0.18|0.00|0.7178|1.011082926829268|0.9482365853658534|0.843492682926829|0.3656|0.5987512195121949|0.5487902439024386|0.4655219512195119|0.00||0.00|0.00|0.00|0.00|0.00|0.00|0.00|0.00|0.00|0.00|0.00|0.00|0.00|0.00|0.00|0.00|0.00|||||Anexo_5_Autopeças_1.xlsx|AutoPecas
01|24.0|01.024.00|830120|Fechaduras e partes de fechaduras|DECRETO ICMS/PB Nº 44.681/23|2024-01-01 00:00:00||0.2|0.00|0.7178|1.0613599999999996|0.9969424999999998|0.8895799999999998|0.3656|0.6387199999999997|0.5875099999999998|0.5021599999999997|0.00||0.00|0.00|0.00|0.00|0.00|0.00|0.00|0.00|0.00|0.00|0.00|0.00|0.00|0.00|0.00|0.00|0.00|||||Anexo_5_Autopeças_1.xlsx|AutoPecas
01|24.0|01.024.00|830160|Fechaduras e partes de fechaduras|DECRETO ICMS/PB Nº 39.158|2019-05-07 00:00:00|2023-12-31 00:00:00|0.18|0.00|0.7178|1.011082926829268|0.9482365853658534|0.843492682926829|0.3656|0.5987512195121949|0.5487902439024386|0.4655219512195119|0.00||0.00|0.00|0.00|0.00|0.00|0.00|0.00|0.00|0.00|0.00|0.00|0.00|0.00|0.00|0.00|0.00|0.00|||||Anexo_5_Autopeças_1.xlsx|AutoPecas
01|24.0|01.024.00|830160|Fechaduras e partes de fechaduras|DECRETO ICMS/PB Nº 44.681/23|2024-01-01 00:00:00||0.2|0.00|0.7178|1.0613599999999996|0.9969424999999998|0.8895799999999998|0.3656|0.6387199999999997|0.5875099999999998|0.5021599999999997|0.00||0.00|0.00|0.00|0.00|0.00|0.00|0.00|0.00|0.00|0.00|0.00|0.00|0.00|0.00|0.00|0.00|0.00|||||Anexo_5_Autopeças_1.xlsx|AutoPecas
01|25.0|01.025.00|830170|Chaves apresentadas isoladamente|DECRETO ICMS/PB Nº 39.158|2019-05-07 00:00:00|2023-12-31 00:00:00|0.18|0.00|0.7178|1.011082926829268|0.9482365853658534|0.843492682926829|0.3656|0.5987512195121949|0.5487902439024386|0.4655219512195119|0.00||0.00|0.00|0.00|0.00|0.00|0.00|0.00|0.00|0.00|0.00|0.00|0.00|0.00|0.00|0.00|0.00|0.00|||||Anexo_5_Autopeças_1.xlsx|AutoPecas
01|25.0|01.025.00|830170|Chaves apresentadas isoladamente|DECRETO ICMS/PB Nº 44.681/23|2024-01-01 00:00:00||0.2|0.00|0.7178|1.0613599999999996|0.9969424999999998|0.8895799999999998|0.3656|0.6387199999999997|0.5875099999999998|0.5021599999999997|0.00||0.00|0.00|0.00|0.00|0.00|0.00|0.00|0.00|0.00|0.00|0.00|0.00|0.00|0.00|0.00|0.00|0.00|||||Anexo_5_Autopeças_1.xlsx|AutoPecas
01|26.0|01.026.00|83021000|Dobradiças, guarnições, ferragens e artigos semelhantes de metais comuns|DECRETO ICMS/PB Nº 39.158|2019-05-07 00:00:00|2023-12-31 00:00:00|0.18|0.00|0.7178|1.011082926829268|0.9482365853658534|0.843492682926829|0.3656|0.5987512195121949|0.5487902439024386|0.4655219512195119|0.00||0.00|0.00|0.00|0.00|0.00|0.00|0.00|0.00|0.00|0.00|0.00|0.00|0.00|0.00|0.00|0.00|0.00|||||Anexo_5_Autopeças_1.xlsx|AutoPecas
01|26.0|01.026.00|83021000|Dobradiças, guarnições, ferragens e artigos semelhantes de metais comuns|DECRETO ICMS/PB Nº 44.681/23|2024-01-01 00:00:00||0.2|0.00|0.7178|1.0613599999999996|0.9969424999999998|0.8895799999999998|0.3656|0.6387199999999997|0.5875099999999998|0.5021599999999997|0.00||0.00|0.00|0.00|0.00|0.00|0.00|0.00|0.00|0.00|0.00|0.00|0.00|0.00|0.00|0.00|0.00|0.00|||||Anexo_5_Autopeças_1.xlsx|AutoPecas
01|26.0|01.026.00|83023000|Dobradiças, guarnições, ferragens e artigos semelhantes de metais comuns|DECRETO ICMS/PB Nº 39.158|2019-05-07 00:00:00|2023-12-31 00:00:00|0.18|0.00|0.7178|1.011082926829268|0.9482365853658534|0.843492682926829|0.3656|0.5987512195121949|0.5487902439024386|0.4655219512195119|0.00||0.00|0.00|0.00|0.00|0.00|0.00|0.00|0.00|0.00|0.00|0.00|0.00|0.00|0.00|0.00|0.00|0.00|||||Anexo_5_Autopeças_1.xlsx|AutoPecas
01|26.0|01.026.00|83023000|Dobradiças, guarnições, ferragens e artigos semelhantes de metais comuns|DECRETO ICMS/PB Nº 44.681/23|2024-01-01 00:00:00||0.2|0.00|0.7178|1.0613599999999996|0.9969424999999998|0.8895799999999998|0.3656|0.6387199999999997|0.5875099999999998|0.5021599999999997|0.00||0.00|0.00|0.00|0.00|0.00|0.00|0.00|0.00|0.00|0.00|0.00|0.00|0.00|0.00|0.00|0.00|0.00|||||Anexo_5_Autopeças_1.xlsx|AutoPecas
01|27.0|01.027.00|831000|Triângulo de segurança|DECRETO ICMS/PB Nº 39.158|2019-05-07 00:00:00|2023-12-31 00:00:00|0.18|0.00|0.7178|1.011082926829268|0.9482365853658534|0.843492682926829|0.3656|0.5987512195121949|0.5487902439024386|0.4655219512195119|0.00||0.00|0.00|0.00|0.00|0.00|0.00|0.00|0.00|0.00|0.00|0.00|0.00|0.00|0.00|0.00|0.00|0.00|||||Anexo_5_Autopeças_1.xlsx|AutoPecas
01|27.0|01.027.00|831000|Triângulo de segurança|DECRETO ICMS/PB Nº 44.681/23|2024-01-01 00:00:00||0.2|0.00|0.7178|1.0613599999999996|0.9969424999999998|0.8895799999999998|0.3656|0.6387199999999997|0.5875099999999998|0.5021599999999997|0.00||0.00|0.00|0.00|0.00|0.00|0.00|0.00|0.00|0.00|0.00|0.00|0.00|0.00|0.00|0.00|0.00|0.00|||||Anexo_5_Autopeças_1.xlsx|AutoPecas
01|28.0|01.028.00|84073|Motores de pistão alternativo dos tipos utilizados para propulsão de veículos do Capítulo 87|DECRETO ICMS/PB Nº 39.158|2019-05-07 00:00:00|2023-12-31 00:00:00|0.18|0.00|0.7178|1.011082926829268|0.9482365853658534|0.843492682926829|0.3656|0.5987512195121949|0.5487902439024386|0.4655219512195119|0.00||0.00|0.00|0.00|0.00|0.00|0.00|0.00|0.00|0.00|0.00|0.00|0.00|0.00|0.00|0.00|0.00|0.00|||||Anexo_5_Autopeças_1.xlsx|AutoPecas
01|28.0|01.028.00|84073|Motores de pistão alternativo dos tipos utilizados para propulsão de veículos do Capítulo 87|DECRETO ICMS/PB Nº 44.681/23|2024-01-01 00:00:00||0.2|0.00|0.7178|1.0613599999999996|0.9969424999999998|0.8895799999999998|0.3656|0.6387199999999997|0.5875099999999998|0.5021599999999997|0.00||0.00|0.00|0.00|0.00|0.00|0.00|0.00|0.00|0.00|0.00|0.00|0.00|0.00|0.00|0.00|0.00|0.00|||||Anexo_5_Autopeças_1.xlsx|AutoPecas
01|29.0|01.029.00|840820|Motores dos tipos utilizados para propulsão de veículos automotores|DECRETO ICMS/PB Nº 39.158|2019-05-07 00:00:00|2023-12-31 00:00:00|0.18|0.00|0.7178|1.011082926829268|0.9482365853658534|0.843492682926829|0.3656|0.5987512195121949|0.5487902439024386|0.4655219512195119|0.00||0.00|0.00|0.00|0.00|0.00|0.00|0.00|0.00|0.00|0.00|0.00|0.00|0.00|0.00|0.00|0.00|0.00|||||Anexo_5_Autopeças_1.xlsx|AutoPecas
01|29.0|01.029.00|840820|Motores dos tipos utilizados para propulsão de veículos automotores|DECRETO ICMS/PB Nº 44.681/23|2024-01-01 00:00:00||0.2|0.00|0.7178|1.0613599999999996|0.9969424999999998|0.8895799999999998|0.3656|0.6387199999999997|0.5875099999999998|0.5021599999999997|0.00||0.00|0.00|0.00|0.00|0.00|0.00|0.00|0.00|0.00|0.00|0.00|0.00|0.00|0.00|0.00|0.00|0.00|||||Anexo_5_Autopeças_1.xlsx|AutoPecas
01|30.0|01.030.00|84099|Partes reconhecíveis como exclusiva ou principalmente destinadas aos motores das posições 8407 ou 8408|DECRETO ICMS/PB Nº 39.158|2019-05-07 00:00:00|2023-12-31 00:00:00|0.18|0.00|0.7178|1.011082926829268|0.9482365853658534|0.843492682926829|0.3656|0.5987512195121949|0.5487902439024386|0.4655219512195119|0.00||0.00|0.00|0.00|0.00|0.00|0.00|0.00|0.00|0.00|0.00|0.00|0.00|0.00|0.00|0.00|0.00|0.00|||||Anexo_5_Autopeças_1.xlsx|AutoPecas
01|30.0|01.030.00|84099|Partes reconhecíveis como exclusiva ou principalmente destinadas aos motores das posições 8407 ou 8408|DECRETO ICMS/PB Nº 44.681/23|2024-01-01 00:00:00||0.2|0.00|0.7178|1.0613599999999996|0.9969424999999998|0.8895799999999998|0.3656|0.6387199999999997|0.5875099999999998|0.5021599999999997|0.00||0.00|0.00|0.00|0.00|0.00|0.00|0.00|0.00|0.00|0.00|0.00|0.00|0.00|0.00|0.00|0.00|0.00|||||Anexo_5_Autopeças_1.xlsx|AutoPecas
01|31.0|01.031.00|84122|Motores hidráulicos|DECRETO ICMS/PB Nº 39.158|2019-05-07 00:00:00|2023-12-31 00:00:00|0.18|0.00|0.7178|1.011082926829268|0.9482365853658534|0.843492682926829|0.3656|0.5987512195121949|0.5487902439024386|0.4655219512195119|0.00||0.00|0.00|0.00|0.00|0.00|0.00|0.00|0.00|0.00|0.00|0.00|0.00|0.00|0.00|0.00|0.00|0.00|||||Anexo_5_Autopeças_1.xlsx|AutoPecas
01|31.0|01.031.00|84122|Motores hidráulicos|DECRETO ICMS/PB Nº 44.681/23|2024-01-01 00:00:00||0.2|0.00|0.7178|1.0613599999999996|0.9969424999999998|0.8895799999999998|0.3656|0.6387199999999997|0.5875099999999998|0.5021599999999997|0.00||0.00|0.00|0.00|0.00|0.00|0.00|0.00|0.00|0.00|0.00|0.00|0.00|0.00|0.00|0.00|0.00|0.00|||||Anexo_5_Autopeças_1.xlsx|AutoPecas
01|32.0|01.032.00|841330|Bombas para combustíveis, lubrificantes ou líquidos de arrefecimento, próprias para motores de ignição por centelha ou por compressão|DECRETO ICMS/PB Nº 39.158|2019-05-07 00:00:00|2023-12-31 00:00:00|0.18|0.00|0.7178|1.011082926829268|0.9482365853658534|0.843492682926829|0.3656|0.5987512195121949|0.5487902439024386|0.4655219512195119|0.00||0.00|0.00|0.00|0.00|0.00|0.00|0.00|0.00|0.00|0.00|0.00|0.00|0.00|0.00|0.00|0.00|0.00|||||Anexo_5_Autopeças_1.xlsx|AutoPecas
01|32.0|01.032.00|841330|Bombas para combustíveis, lubrificantes ou líquidos de arrefecimento, próprias para motores de ignição por centelha ou por compressão|DECRETO ICMS/PB Nº 44.681/23|2024-01-01 00:00:00||0.2|0.00|0.7178|1.0613599999999996|0.9969424999999998|0.8895799999999998|0.3656|0.6387199999999997|0.5875099999999998|0.5021599999999997|0.00||0.00|0.00|0.00|0.00|0.00|0.00|0.00|0.00|0.00|0.00|0.00|0.00|0.00|0.00|0.00|0.00|0.00|||||Anexo_5_Autopeças_1.xlsx|AutoPecas
01|33.0|01.033.00|84141000|Bombas de vácuo|DECRETO ICMS/PB Nº 39.158|2019-05-07 00:00:00|2023-12-31 00:00:00|0.18|0.00|0.7178|1.011082926829268|0.9482365853658534|0.843492682926829|0.3656|0.5987512195121949|0.5487902439024386|0.4655219512195119|0.00||0.00|0.00|0.00|0.00|0.00|0.00|0.00|0.00|0.00|0.00|0.00|0.00|0.00|0.00|0.00|0.00|0.00|||||Anexo_5_Autopeças_1.xlsx|AutoPecas
01|33.0|01.033.00|84141000|Bombas de vácuo|DECRETO ICMS/PB Nº 44.681/23|2024-01-01 00:00:00||0.2|0.00|0.7178|1.0613599999999996|0.9969424999999998|0.8895799999999998|0.3656|0.6387199999999997|0.5875099999999998|0.5021599999999997|0.00||0.00|0.00|0.00|0.00|0.00|0.00|0.00|0.00|0.00|0.00|0.00|0.00|0.00|0.00|0.00|0.00|0.00|||||Anexo_5_Autopeças_1.xlsx|AutoPecas
01|34.0|01.034.00|8414801|Compressores e turbocompressores de ar|DECRETO ICMS/PB Nº 39.158|2019-05-07 00:00:00|2023-12-31 00:00:00|0.18|0.00|0.7178|1.011082926829268|0.9482365853658534|0.843492682926829|0.3656|0.5987512195121949|0.5487902439024386|0.4655219512195119|0.00||0.00|0.00|0.00|0.00|0.00|0.00|0.00|0.00|0.00|0.00|0.00|0.00|0.00|0.00|0.00|0.00|0.00|||||Anexo_5_Autopeças_1.xlsx|AutoPecas
01|34.0|01.034.00|8414801|Compressores e turbocompressores de ar|DECRETO ICMS/PB Nº 44.681/23|2024-01-01 00:00:00||0.2|0.00|0.7178|1.0613599999999996|0.9969424999999998|0.8895799999999998|0.3656|0.6387199999999997|0.5875099999999998|0.5021599999999997|0.00||0.00|0.00|0.00|0.00|0.00|0.00|0.00|0.00|0.00|0.00|0.00|0.00|0.00|0.00|0.00|0.00|0.00|||||Anexo_5_Autopeças_1.xlsx|AutoPecas
01|34.0|01.034.00|8414802|Compressores e turbocompressores de ar|DECRETO ICMS/PB Nº 39.158|2019-05-07 00:00:00|2023-12-31 00:00:00|0.18|0.00|0.7178|1.011082926829268|0.9482365853658534|0.843492682926829|0.3656|0.5987512195121949|0.5487902439024386|0.4655219512195119|0.00||0.00|0.00|0.00|0.00|0.00|0.00|0.00|0.00|0.00|0.00|0.00|0.00|0.00|0.00|0.00|0.00|0.00|||||Anexo_5_Autopeças_1.xlsx|AutoPecas
01|34.0|01.034.00|8414802|Compressores e turbocompressores de ar|DECRETO ICMS/PB Nº 44.681/23|2024-01-01 00:00:00||0.2|0.00|0.7178|1.0613599999999996|0.9969424999999998|0.8895799999999998|0.3656|0.6387199999999997|0.5875099999999998|0.5021599999999997|0.00||0.00|0.00|0.00|0.00|0.00|0.00|0.00|0.00|0.00|0.00|0.00|0.00|0.00|0.00|0.00|0.00|0.00|||||Anexo_5_Autopeças_1.xlsx|AutoPecas
01|35.0|01.035.00|8414903|Partes das bombas, compressores e turbocompressores dos CEST 01.032.00, 01.033.00 e 01.034.00|DECRETO ICMS/PB Nº 39.158|2019-05-07 00:00:00|2023-12-31 00:00:00|0.18|0.00|0.7178|1.011082926829268|0.9482365853658534|0.843492682926829|0.3656|0.5987512195121949|0.5487902439024386|0.4655219512195119|0.00||0.00|0.00|0.00|0.00|0.00|0.00|0.00|0.00|0.00|0.00|0.00|0.00|0.00|0.00|0.00|0.00|0.00|||||Anexo_5_Autopeças_1.xlsx|AutoPecas
01|35.0|01.035.00|8414903|Partes das bombas, compressores e turbocompressores dos CEST 01.032.00, 01.033.00 e 01.034.00|DECRETO ICMS/PB Nº 44.681/23|2024-01-01 00:00:00||0.2|0.00|0.7178|1.0613599999999996|0.9969424999999998|0.8895799999999998|0.3656|0.6387199999999997|0.5875099999999998|0.5021599999999997|0.00||0.00|0.00|0.00|0.00|0.00|0.00|0.00|0.00|0.00|0.00|0.00|0.00|0.00|0.00|0.00|0.00|0.00|||||Anexo_5_Autopeças_1.xlsx|AutoPecas
01|35.0|01.035.00|84139190|Partes das bombas, compressores e turbocompressores dos CEST 01.032.00, 01.033.00 e 01.034.00|DECRETO ICMS/PB Nº 39.158|2019-05-07 00:00:00|2023-12-31 00:00:00|0.18|0.00|0.7178|1.011082926829268|0.9482365853658534|0.843492682926829|0.3656|0.5987512195121949|0.5487902439024386|0.4655219512195119|0.00||0.00|0.00|0.00|0.00|0.00|0.00|0.00|0.00|0.00|0.00|0.00|0.00|0.00|0.00|0.00|0.00|0.00|||||Anexo_5_Autopeças_1.xlsx|AutoPecas
01|35.0|01.035.00|84139190|Partes das bombas, compressores e turbocompressores dos CEST 01.032.00, 01.033.00 e 01.034.00|DECRETO ICMS/PB Nº 44.681/23|2024-01-01 00:00:00||0.2|0.00|0.7178|1.0613599999999996|0.9969424999999998|0.8895799999999998|0.3656|0.6387199999999997|0.5875099999999998|0.5021599999999997|0.00||0.00|0.00|0.00|0.00|0.00|0.00|0.00|0.00|0.00|0.00|0.00|0.00|0.00|0.00|0.00|0.00|0.00|||||Anexo_5_Autopeças_1.xlsx|AutoPecas
01|35.0|01.035.00|84149010|Partes das bombas, compressores e turbocompressores dos CEST 01.032.00, 01.033.00 e 01.034.00|DECRETO ICMS/PB Nº 39.158|2019-05-07 00:00:00|2023-12-31 00:00:00|0.18|0.00|0.7178|1.011082926829268|0.9482365853658534|0.843492682926829|0.3656|0.5987512195121949|0.5487902439024386|0.4655219512195119|0.00||0.00|0.00|0.00|0.00|0.00|0.00|0.00|0.00|0.00|0.00|0.00|0.00|0.00|0.00|0.00|0.00|0.00|||||Anexo_5_Autopeças_1.xlsx|AutoPecas
01|35.0|01.035.00|84149010|Partes das bombas, compressores e turbocompressores dos CEST 01.032.00, 01.033.00 e 01.034.00|DECRETO ICMS/PB Nº 44.681/23|2024-01-01 00:00:00||0.2|0.00|0.7178|1.0613599999999996|0.9969424999999998|0.8895799999999998|0.3656|0.6387199999999997|0.5875099999999998|0.5021599999999997|0.00||0.00|0.00|0.00|0.00|0.00|0.00|0.00|0.00|0.00|0.00|0.00|0.00|0.00|0.00|0.00|0.00|0.00|||||Anexo_5_Autopeças_1.xlsx|AutoPecas
01|35.0|01.035.00|84149039|Partes das bombas, compressores e turbocompressores dos CEST 01.032.00, 01.033.00 e 01.034.00|DECRETO ICMS/PB Nº 39.158|2019-05-07 00:00:00|2023-12-31 00:00:00|0.18|0.00|0.7178|1.011082926829268|0.9482365853658534|0.843492682926829|0.3656|0.5987512195121949|0.5487902439024386|0.4655219512195119|0.00||0.00|0.00|0.00|0.00|0.00|0.00|0.00|0.00|0.00|0.00|0.00|0.00|0.00|0.00|0.00|0.00|0.00|||||Anexo_5_Autopeças_1.xlsx|AutoPecas
01|35.0|01.035.00|84149039|Partes das bombas, compressores e turbocompressores dos CEST 01.032.00, 01.033.00 e 01.034.00|DECRETO ICMS/PB Nº 44.681/23|2024-01-01 00:00:00||0.2|0.00|0.7178|1.0613599999999996|0.9969424999999998|0.8895799999999998|0.3656|0.6387199999999997|0.5875099999999998|0.5021599999999997|0.00||0.00|0.00|0.00|0.00|0.00|0.00|0.00|0.00|0.00|0.00|0.00|0.00|0.00|0.00|0.00|0.00|0.00|||||Anexo_5_Autopeças_1.xlsx|AutoPecas
01|36.0|01.036.00|841520|Máquinas e aparelhos de ar condicionado|DECRETO ICMS/PB Nº 39.158|2019-05-07 00:00:00|2023-12-31 00:00:00|0.18|0.00|0.7178|1.011082926829268|0.9482365853658534|0.843492682926829|0.3656|0.5987512195121949|0.5487902439024386|0.4655219512195119|0.00||0.00|0.00|0.00|0.00|0.00|0.00|0.00|0.00|0.00|0.00|0.00|0.00|0.00|0.00|0.00|0.00|0.00|||||Anexo_5_Autopeças_1.xlsx|AutoPecas
01|36.0|01.036.00|841520|Máquinas e aparelhos de ar condicionado|DECRETO ICMS/PB Nº 44.681/23|2024-01-01 00:00:00||0.2|0.00|0.7178|1.0613599999999996|0.9969424999999998|0.8895799999999998|0.3656|0.6387199999999997|0.5875099999999998|0.5021599999999997|0.00||0.00|0.00|0.00|0.00|0.00|0.00|0.00|0.00|0.00|0.00|0.00|0.00|0.00|0.00|0.00|0.00|0.00|||||Anexo_5_Autopeças_1.xlsx|AutoPecas
01|37.0|01.037.00|84212300|Aparelhos para filtrar óleos minerais nos motores de ignição por centelha ou por compressão|DECRETO ICMS/PB Nº 39.158|2019-05-07 00:00:00|2023-12-31 00:00:00|0.18|0.00|0.7178|1.011082926829268|0.9482365853658534|0.843492682926829|0.3656|0.5987512195121949|0.5487902439024386|0.4655219512195119|0.00||0.00|0.00|0.00|0.00|0.00|0.00|0.00|0.00|0.00|0.00|0.00|0.00|0.00|0.00|0.00|0.00|0.00|||||Anexo_5_Autopeças_1.xlsx|AutoPecas
01|37.0|01.037.00|84212300|Aparelhos para filtrar óleos minerais nos motores de ignição por centelha ou por compressão|DECRETO ICMS/PB Nº 44.681/23|2024-01-01 00:00:00||0.2|0.00|0.7178|1.0613599999999996|0.9969424999999998|0.8895799999999998|0.3656|0.6387199999999997|0.5875099999999998|0.5021599999999997|0.00||0.00|0.00|0.00|0.00|0.00|0.00|0.00|0.00|0.00|0.00|0.00|0.00|0.00|0.00|0.00|0.00|0.00|||||Anexo_5_Autopeças_1.xlsx|AutoPecas
01|38.0|01.038.00|84212990|Filtros a vácuo|DECRETO ICMS/PB Nº 39.158|2019-05-07 00:00:00|2023-12-31 00:00:00|0.18|0.00|0.7178|1.011082926829268|0.9482365853658534|0.843492682926829|0.3656|0.5987512195121949|0.5487902439024386|0.4655219512195119|0.00||0.00|0.00|0.00|0.00|0.00|0.00|0.00|0.00|0.00|0.00|0.00|0.00|0.00|0.00|0.00|0.00|0.00|||||Anexo_5_Autopeças_1.xlsx|AutoPecas
01|38.0|01.038.00|84212990|Filtros a vácuo|DECRETO ICMS/PB Nº 44.681/23|2024-01-01 00:00:00||0.2|0.00|0.7178|1.0613599999999996|0.9969424999999998|0.8895799999999998|0.3656|0.6387199999999997|0.5875099999999998|0.5021599999999997|0.00||0.00|0.00|0.00|0.00|0.00|0.00|0.00|0.00|0.00|0.00|0.00|0.00|0.00|0.00|0.00|0.00|0.00|||||Anexo_5_Autopeças_1.xlsx|AutoPecas
01|39.0|01.039.00|84219|Partes dos aparelhos para filtrar ou depurar líquidos ou gases|DECRETO ICMS/PB Nº 39.158|2019-05-07 00:00:00|2023-12-31 00:00:00|0.18|0.00|0.7178|1.011082926829268|0.9482365853658534|0.843492682926829|0.3656|0.5987512195121949|0.5487902439024386|0.4655219512195119|0.00||0.00|0.00|0.00|0.00|0.00|0.00|0.00|0.00|0.00|0.00|0.00|0.00|0.00|0.00|0.00|0.00|0.00|||||Anexo_5_Autopeças_1.xlsx|AutoPecas
01|39.0|01.039.00|84219|Partes dos aparelhos para filtrar ou depurar líquidos ou gases|DECRETO ICMS/PB Nº 44.681/23|2024-01-01 00:00:00||0.2|0.00|0.7178|1.0613599999999996|0.9969424999999998|0.8895799999999998|0.3656|0.6387199999999997|0.5875099999999998|0.5021599999999997|0.00||0.00|0.00|0.00|0.00|0.00|0.00|0.00|0.00|0.00|0.00|0.00|0.00|0.00|0.00|0.00|0.00|0.00|||||Anexo_5_Autopeças_1.xlsx|AutoPecas
01|40.0|01.040.00|84241000|Extintores, mesmo carregados|DECRETO ICMS/PB Nº 39.158|2019-05-07 00:00:00|2023-12-31 00:00:00|0.18|0.00|0.7178|1.011082926829268|0.9482365853658534|0.843492682926829|0.3656|0.5987512195121949|0.5487902439024386|0.4655219512195119|0.00||0.00|0.00|0.00|0.00|0.00|0.00|0.00|0.00|0.00|0.00|0.00|0.00|0.00|0.00|0.00|0.00|0.00|||||Anexo_5_Autopeças_1.xlsx|AutoPecas
01|40.0|01.040.00|84241000|Extintores, mesmo carregados|DECRETO ICMS/PB Nº 44.681/23|2024-01-01 00:00:00||0.2|0.00|0.7178|1.0613599999999996|0.9969424999999998|0.8895799999999998|0.3656|0.6387199999999997|0.5875099999999998|0.5021599999999997|0.00||0.00|0.00|0.00|0.00|0.00|0.00|0.00|0.00|0.00|0.00|0.00|0.00|0.00|0.00|0.00|0.00|0.00|||||Anexo_5_Autopeças_1.xlsx|AutoPecas
01|41.0|01.041.00|84213100|Filtros de entrada de ar para motores de ignição por centelha ou por compressão|DECRETO ICMS/PB Nº 39.158|2019-05-07 00:00:00|2023-12-31 00:00:00|0.18|0.00|0.7178|1.011082926829268|0.9482365853658534|0.843492682926829|0.3656|0.5987512195121949|0.5487902439024386|0.4655219512195119|0.00||0.00|0.00|0.00|0.00|0.00|0.00|0.00|0.00|0.00|0.00|0.00|0.00|0.00|0.00|0.00|0.00|0.00|||||Anexo_5_Autopeças_1.xlsx|AutoPecas
01|41.0|01.041.00|84213100|Filtros de entrada de ar para motores de ignição por centelha ou por compressão|DECRETO ICMS/PB Nº 44.681/23|2024-01-01 00:00:00||0.2|0.00|0.7178|1.0613599999999996|0.9969424999999998|0.8895799999999998|0.3656|0.6387199999999997|0.5875099999999998|0.5021599999999997|0.00||0.00|0.00|0.00|0.00|0.00|0.00|0.00|0.00|0.00|0.00|0.00|0.00|0.00|0.00|0.00|0.00|0.00|||||Anexo_5_Autopeças_1.xlsx|AutoPecas
01|42.0|01.042.00|84213200|Depuradores por conversão catalítica de gases de escape|DECRETO 43.079/2022|2022-05-02 00:00:00|2023-12-31 00:00:00|0.18|0.00|0.7178|1.011082926829268|0.9482365853658534|0.843492682926829|0.3656|0.5987512195121949|0.5487902439024386|0.4655219512195119|0.00||0.00|0.00|0.00|0.00|0.00|0.00|0.00|0.00|0.00|0.00|0.00|0.00|0.00|0.00|0.00|0.00|0.00|||||Anexo_5_Autopeças_1.xlsx|AutoPecas
01|42.0|01.042.00|84213200|Depuradores por conversão catalítica de gases de escape|DECRETO ICMS/PB Nº 44.681/23|2024-01-01 00:00:00||0.2|0.00|0.7178|1.0613599999999996|0.9969424999999998|0.8895799999999998|0.3656|0.6387199999999997|0.5875099999999998|0.5021599999999997|0.00||0.00|0.00|0.00|0.00|0.00|0.00|0.00|0.00|0.00|0.00|0.00|0.00|0.00|0.00|0.00|0.00|0.00|||||Anexo_5_Autopeças_1.xlsx|AutoPecas
01|42.0|01.042.00|84213920|Depuradores por conversão catalítica de gases de escape|DECRETO ICMS/PB Nº 39.158//DECRETO 43.079/2022|2019-05-07 00:00:00|2022-05-01 00:00:00|0.18|0.00|0.7178|1.011082926829268|0.9482365853658534|0.843492682926829|0.3656|0.5987512195121949|0.5487902439024386|0.4655219512195119|0.00||0.00|0.00|0.00|0.00|0.00|0.00|0.00|0.00|0.00|0.00|0.00|0.00|0.00|0.00|0.00|0.00|0.00|||||Anexo_5_Autopeças_1.xlsx|AutoPecas
01|43.0|01.043.00|84254200|Macacos|DECRETO ICMS/PB Nº 39.158|2019-05-07 00:00:00|2023-12-31 00:00:00|0.18|0.00|0.7178|1.011082926829268|0.9482365853658534|0.843492682926829|0.3656|0.5987512195121949|0.5487902439024386|0.4655219512195119|0.00||0.00|0.00|0.00|0.00|0.00|0.00|0.00|0.00|0.00|0.00|0.00|0.00|0.00|0.00|0.00|0.00|0.00|||||Anexo_5_Autopeças_1.xlsx|AutoPecas
01|43.0|01.043.00|84254200|Macacos|DECRETO ICMS/PB Nº 44.681/23|2024-01-01 00:00:00||0.2|0.00|0.7178|1.0613599999999996|0.9969424999999998|0.8895799999999998|0.3656|0.6387199999999997|0.5875099999999998|0.5021599999999997|0.00||0.00|0.00|0.00|0.00|0.00|0.00|0.00|0.00|0.00|0.00|0.00|0.00|0.00|0.00|0.00|0.00|0.00|||||Anexo_5_Autopeças_1.xlsx|AutoPecas
01|44.0|01.044.00|84311010|Partes para macacos do CEST 01.043.00|DECRETO ICMS/PB Nº 39.158|2019-05-07 00:00:00|2023-12-31 00:00:00|0.18|0.00|0.7178|1.011082926829268|0.9482365853658534|0.843492682926829|0.3656|0.5987512195121949|0.5487902439024386|0.4655219512195119|0.00||0.00|0.00|0.00|0.00|0.00|0.00|0.00|0.00|0.00|0.00|0.00|0.00|0.00|0.00|0.00|0.00|0.00|||||Anexo_5_Autopeças_1.xlsx|AutoPecas
01|44.0|01.044.00|84311010|Partes para macacos do CEST 01.043.00|DECRETO ICMS/PB Nº 44.681/23|2024-01-01 00:00:00||0.2|0.00|0.7178|1.0613599999999996|0.9969424999999998|0.8895799999999998|0.3656|0.6387199999999997|0.5875099999999998|0.5021599999999997|0.00||0.00|0.00|0.00|0.00|0.00|0.00|0.00|0.00|0.00|0.00|0.00|0.00|0.00|0.00|0.00|0.00|0.00|||||Anexo_5_Autopeças_1.xlsx|AutoPecas
01|45.0|01.045.00|8431492|Partes reconhecíveis como exclusiva ou principalmente destinadas às máquinas agrícolas ou rodoviárias|DECRETO ICMS/PB Nº 39.158|2019-05-07 00:00:00|2023-12-31 00:00:00|0.18|0.00|0.7178|1.011082926829268|0.9482365853658534|0.843492682926829|0.3656|0.5987512195121949|0.5487902439024386|0.4655219512195119|0.00||0.00|0.00|0.00|0.00|0.00|0.00|0.00|0.00|0.00|0.00|0.00|0.00|0.00|0.00|0.00|0.00|0.00|||||Anexo_5_Autopeças_1.xlsx|AutoPecas
01|45.0|01.045.00|8431492|Partes reconhecíveis como exclusiva ou principalmente destinadas às máquinas agrícolas ou rodoviárias|DECRETO ICMS/PB Nº 44.681/23|2024-01-01 00:00:00||0.2|0.00|0.7178|1.0613599999999996|0.9969424999999998|0.8895799999999998|0.3656|0.6387199999999997|0.5875099999999998|0.5021599999999997|0.00||0.00|0.00|0.00|0.00|0.00|0.00|0.00|0.00|0.00|0.00|0.00|0.00|0.00|0.00|0.00|0.00|0.00|||||Anexo_5_Autopeças_1.xlsx|AutoPecas
01|45.1|01.045.01|84339090|Partes reconhecíveis como exclusiva ou principalmente destinadas às máquinas agrícolas ou rodoviárias|DECRETO ICMS/PB Nº 39.158|2019-05-07 00:00:00|2023-12-31 00:00:00|0.18|0.00|0.7178|1.011082926829268|0.9482365853658534|0.843492682926829|0.3656|0.5987512195121949|0.5487902439024386|0.4655219512195119|0.00||0.00|0.00|0.00|0.00|0.00|0.00|0.00|0.00|0.00|0.00|0.00|0.00|0.00|0.00|0.00|0.00|0.00|||||Anexo_5_Autopeças_1.xlsx|AutoPecas
01|45.1|01.045.01|84339090|Partes reconhecíveis como exclusiva ou principalmente destinadas às máquinas agrícolas ou rodoviárias|DECRETO ICMS/PB Nº 44.681/23|2024-01-01 00:00:00||0.2|0.00|0.7178|1.0613599999999996|0.9969424999999998|0.8895799999999998|0.3656|0.6387199999999997|0.5875099999999998|0.5021599999999997|0.00||0.00|0.00|0.00|0.00|0.00|0.00|0.00|0.00|0.00|0.00|0.00|0.00|0.00|0.00|0.00|0.00|0.00|||||Anexo_5_Autopeças_1.xlsx|AutoPecas
01|46.0|01.046.00|84811000|Válvulas redutoras de pressão|DECRETO ICMS/PB Nº 39.158|2019-05-07 00:00:00|2023-12-31 00:00:00|0.18|0.00|0.7178|1.011082926829268|0.9482365853658534|0.843492682926829|0.3656|0.5987512195121949|0.5487902439024386|0.4655219512195119|0.00||0.00|0.00|0.00|0.00|0.00|0.00|0.00|0.00|0.00|0.00|0.00|0.00|0.00|0.00|0.00|0.00|0.00|||||Anexo_5_Autopeças_1.xlsx|AutoPecas
01|46.0|01.046.00|84811000|Válvulas redutoras de pressão|DECRETO ICMS/PB Nº 44.681/23|2024-01-01 00:00:00||0.2|0.00|0.7178|1.0613599999999996|0.9969424999999998|0.8895799999999998|0.3656|0.6387199999999997|0.5875099999999998|0.5021599999999997|0.00||0.00|0.00|0.00|0.00|0.00|0.00|0.00|0.00|0.00|0.00|0.00|0.00|0.00|0.00|0.00|0.00|0.00|||||Anexo_5_Autopeças_1.xlsx|AutoPecas
01|47.0|01.047.00|84812|Válvulas para transmissão óleo-hidráulicas ou pneumáticas|DECRETO ICMS/PB Nº 39.158|2019-05-07 00:00:00|2023-12-31 00:00:00|0.18|0.00|0.7178|1.011082926829268|0.9482365853658534|0.843492682926829|0.3656|0.5987512195121949|0.5487902439024386|0.4655219512195119|0.00||0.00|0.00|0.00|0.00|0.00|0.00|0.00|0.00|0.00|0.00|0.00|0.00|0.00|0.00|0.00|0.00|0.00|||||Anexo_5_Autopeças_1.xlsx|AutoPecas
01|47.0|01.047.00|84812|Válvulas para transmissão óleo-hidráulicas ou pneumáticas|DECRETO ICMS/PB Nº 44.681/23|2024-01-01 00:00:00||0.2|0.00|0.7178|1.0613599999999996|0.9969424999999998|0.8895799999999998|0.3656|0.6387199999999997|0.5875099999999998|0.5021599999999997|0.00||0.00|0.00|0.00|0.00|0.00|0.00|0.00|0.00|0.00|0.00|0.00|0.00|0.00|0.00|0.00|0.00|0.00|||||Anexo_5_Autopeças_1.xlsx|AutoPecas
01|48.0|01.048.00|84818092|Válvulas solenoides|DECRETO ICMS/PB Nº 39.158|2019-05-07 00:00:00|2023-12-31 00:00:00|0.18|0.00|0.7178|1.011082926829268|0.9482365853658534|0.843492682926829|0.3656|0.5987512195121949|0.5487902439024386|0.4655219512195119|0.00||0.00|0.00|0.00|0.00|0.00|0.00|0.00|0.00|0.00|0.00|0.00|0.00|0.00|0.00|0.00|0.00|0.00|||||Anexo_5_Autopeças_1.xlsx|AutoPecas
01|48.0|01.048.00|84818092|Válvulas solenoides|DECRETO ICMS/PB Nº 44.681/23|2024-01-01 00:00:00||0.2|0.00|0.7178|1.0613599999999996|0.9969424999999998|0.8895799999999998|0.3656|0.6387199999999997|0.5875099999999998|0.5021599999999997|0.00||0.00|0.00|0.00|0.00|0.00|0.00|0.00|0.00|0.00|0.00|0.00|0.00|0.00|0.00|0.00|0.00|0.00|||||Anexo_5_Autopeças_1.xlsx|AutoPecas
01|49.0|01.049.00|8482|Rolamentos|DECRETO ICMS/PB Nº 39.158|2019-05-07 00:00:00|2023-12-31 00:00:00|0.18|0.00|0.7178|1.011082926829268|0.9482365853658534|0.843492682926829|0.3656|0.5987512195121949|0.5487902439024386|0.4655219512195119|0.00||0.00|0.00|0.00|0.00|0.00|0.00|0.00|0.00|0.00|0.00|0.00|0.00|0.00|0.00|0.00|0.00|0.00|||||Anexo_5_Autopeças_1.xlsx|AutoPecas
01|49.0|01.049.00|8482|Rolamentos|DECRETO ICMS/PB Nº 44.681/23|2024-01-01 00:00:00||0.2|0.00|0.7178|1.0613599999999996|0.9969424999999998|0.8895799999999998|0.3656|0.6387199999999997|0.5875099999999998|0.5021599999999997|0.00||0.00|0.00|0.00|0.00|0.00|0.00|0.00|0.00|0.00|0.00|0.00|0.00|0.00|0.00|0.00|0.00|0.00|||||Anexo_5_Autopeças_1.xlsx|AutoPecas
01|50.0|01.050.00|8483|Árvores de transmissão (incluídas as árvores de “cames” e virabrequins) e manivelas; mancais e “bronzes”; engrenagens e rodas de fricção; eixos de esferas ou de roletes; redutores, multiplicadores, caixas de transmissão e variadores de velocidade, incluídos os conversores de torque; volantes e polias, incluídas as polias para cadernais; embreagens e dispositivos de acoplamento, incluídas as juntas de articulação|DECRETO ICMS/PB Nº 39.158|2019-05-07 00:00:00|2023-12-31 00:00:00|0.18|0.00|0.7178|1.011082926829268|0.9482365853658534|0.843492682926829|0.3656|0.5987512195121949|0.5487902439024386|0.4655219512195119|0.00||0.00|0.00|0.00|0.00|0.00|0.00|0.00|0.00|0.00|0.00|0.00|0.00|0.00|0.00|0.00|0.00|0.00|||||Anexo_5_Autopeças_1.xlsx|AutoPecas
01|50.0|01.050.00|8483|Árvores de transmissão (incluídas as árvores de “cames” e virabrequins) e manivelas; mancais e “bronzes”; engrenagens e rodas de fricção; eixos de esferas ou de roletes; redutores, multiplicadores, caixas de transmissão e variadores de velocidade, incluídos os conversores de torque; volantes e polias, incluídas as polias para cadernais; embreagens e dispositivos de acoplamento, incluídas as juntas de articulação|DECRETO ICMS/PB Nº 44.681/23|2024-01-01 00:00:00||0.2|0.00|0.7178|1.0613599999999996|0.9969424999999998|0.8895799999999998|0.3656|0.6387199999999997|0.5875099999999998|0.5021599999999997|0.00||0.00|0.00|0.00|0.00|0.00|0.00|0.00|0.00|0.00|0.00|0.00|0.00|0.00|0.00|0.00|0.00|0.00|||||Anexo_5_Autopeças_1.xlsx|AutoPecas
01|51.0|01.051.00|8484|Juntas metaloplásticas; jogos ou sortidos de juntas de composições diferentes, apresentados em bolsas, envelopes ou embalagens semelhantes; juntas de vedação mecânicas (selos mecânicos)|DECRETO ICMS/PB Nº 39.158|2019-05-07 00:00:00|2023-12-31 00:00:00|0.18|0.00|0.7178|1.011082926829268|0.9482365853658534|0.843492682926829|0.3656|0.5987512195121949|0.5487902439024386|0.4655219512195119|0.00||0.00|0.00|0.00|0.00|0.00|0.00|0.00|0.00|0.00|0.00|0.00|0.00|0.00|0.00|0.00|0.00|0.00|||||Anexo_5_Autopeças_1.xlsx|AutoPecas
01|51.0|01.051.00|8484|Juntas metaloplásticas; jogos ou sortidos de juntas de composições diferentes, apresentados em bolsas, envelopes ou embalagens semelhantes; juntas de vedação mecânicas (selos mecânicos)|DECRETO ICMS/PB Nº 44.681/23|2024-01-01 00:00:00||0.2|0.00|0.7178|1.0613599999999996|0.9969424999999998|0.8895799999999998|0.3656|0.6387199999999997|0.5875099999999998|0.5021599999999997|0.00||0.00|0.00|0.00|0.00|0.00|0.00|0.00|0.00|0.00|0.00|0.00|0.00|0.00|0.00|0.00|0.00|0.00|||||Anexo_5_Autopeças_1.xlsx|AutoPecas
01|52.0|01.052.00|850520|Acoplamentos, embreagens, variadores de velocidade e freios, eletromagnéticos|DECRETO ICMS/PB Nº 39.158|2019-05-07 00:00:00|2023-12-31 00:00:00|0.18|0.00|0.7178|1.011082926829268|0.9482365853658534|0.843492682926829|0.3656|0.5987512195121949|0.5487902439024386|0.4655219512195119|0.00||0.00|0.00|0.00|0.00|0.00|0.00|0.00|0.00|0.00|0.00|0.00|0.00|0.00|0.00|0.00|0.00|0.00|||||Anexo_5_Autopeças_1.xlsx|AutoPecas
01|52.0|01.052.00|850520|Acoplamentos, embreagens, variadores de velocidade e freios, eletromagnéticos|DECRETO ICMS/PB Nº 44.681/23|2024-01-01 00:00:00||0.2|0.00|0.7178|1.0613599999999996|0.9969424999999998|0.8895799999999998|0.3656|0.6387199999999997|0.5875099999999998|0.5021599999999997|0.00||0.00|0.00|0.00|0.00|0.00|0.00|0.00|0.00|0.00|0.00|0.00|0.00|0.00|0.00|0.00|0.00|0.00|||||Anexo_5_Autopeças_1.xlsx|AutoPecas
01|53.0|01.053.00|850710|Acumuladores elétricos de chumbo, do tipo utilizado para o arranque dos motores de pistão, exceto os classificados no CEST 01.053.01|DECRETO ICMS/PB Nº 39.158|2019-05-07 00:00:00|2023-12-31 00:00:00|0.18|0.00|0.7178|1.011082926829268|0.9482365853658534|0.843492682926829|0.3656|0.5987512195121949|0.5487902439024386|0.4655219512195119|0.00||0.00|0.00|0.00|0.00|0.00|0.00|0.00|0.00|0.00|0.00|0.00|0.00|0.00|0.00|0.00|0.00|0.00|||||Anexo_5_Autopeças_1.xlsx|AutoPecas
01|53.0|01.053.00|850710|Acumuladores elétricos de chumbo, do tipo utilizado para o arranque dos motores de pistão, exceto os classificados no CEST 01.053.01|DECRETO ICMS/PB Nº 44.681/23|2024-01-01 00:00:00||0.2|0.00|0.7178|1.0613599999999996|0.9969424999999998|0.8895799999999998|0.3656|0.6387199999999997|0.5875099999999998|0.5021599999999997|0.00||0.00|0.00|0.00|0.00|0.00|0.00|0.00|0.00|0.00|0.00|0.00|0.00|0.00|0.00|0.00|0.00|0.00|||||Anexo_5_Autopeças_1.xlsx|AutoPecas
01|53.1|01.053.01|85071010|Acumuladores elétricos de chumbo, do tipo utilizado para o arranque dos motores de pistão e de capacidade inferior ou igual a 20 Ah e tensão inferior ou igual a 12 V|DECRETO ICMS/PB Nº 39.158|2019-05-07 00:00:00|2023-12-31 00:00:00|0.18|0.00|0.7178|1.011082926829268|0.9482365853658534|0.843492682926829|0.3656|0.5987512195121949|0.5487902439024386|0.4655219512195119|0.00||0.00|0.00|0.00|0.00|0.00|0.00|0.00|0.00|0.00|0.00|0.00|0.00|0.00|0.00|0.00|0.00|0.00|||||Anexo_5_Autopeças_1.xlsx|AutoPecas
01|53.1|01.053.01|85071010|Acumuladores elétricos de chumbo, do tipo utilizado para o arranque dos motores de pistão e de capacidade inferior ou igual a 20 Ah e tensão inferior ou igual a 12 V|DECRETO ICMS/PB Nº 44.681/23|2024-01-01 00:00:00||0.2|0.00|0.7178|1.0613599999999996|0.9969424999999998|0.8895799999999998|0.3656|0.6387199999999997|0.5875099999999998|0.5021599999999997|0.00||0.00|0.00|0.00|0.00|0.00|0.00|0.00|0.00|0.00|0.00|0.00|0.00|0.00|0.00|0.00|0.00|0.00|||||Anexo_5_Autopeças_1.xlsx|AutoPecas
01|54.0|01.054.00|8511|Aparelhos e dispositivos elétricos de ignição ou de arranque para motores de ignição por centelha ou por compressão (por exemplo, magnetos, dínamos-magnetos, bobinas de ignição, velas de ignição ou de aquecimento, motores de arranque); geradores (dínamos e alternadores, por exemplo) e conjuntores-disjuntores utilizados com estes motores|DECRETO ICMS/PB Nº 39.158|2019-05-07 00:00:00|2023-12-31 00:00:00|0.18|0.00|0.7178|1.011082926829268|0.9482365853658534|0.843492682926829|0.3656|0.5987512195121949|0.5487902439024386|0.4655219512195119|0.00||0.00|0.00|0.00|0.00|0.00|0.00|0.00|0.00|0.00|0.00|0.00|0.00|0.00|0.00|0.00|0.00|0.00|||||Anexo_5_Autopeças_1.xlsx|AutoPecas
01|54.0|01.054.00|8511|Aparelhos e dispositivos elétricos de ignição ou de arranque para motores de ignição por centelha ou por compressão (por exemplo, magnetos, dínamos-magnetos, bobinas de ignição, velas de ignição ou de aquecimento, motores de arranque); geradores (dínamos e alternadores, por exemplo) e conjuntores-disjuntores utilizados com estes motores|DECRETO ICMS/PB Nº 44.681/23|2024-01-01 00:00:00||0.2|0.00|0.7178|1.0613599999999996|0.9969424999999998|0.8895799999999998|0.3656|0.6387199999999997|0.5875099999999998|0.5021599999999997|0.00||0.00|0.00|0.00|0.00|0.00|0.00|0.00|0.00|0.00|0.00|0.00|0.00|0.00|0.00|0.00|0.00|0.00|||||Anexo_5_Autopeças_1.xlsx|AutoPecas
01|55.0|01.055.00|851220|Aparelhos elétricos de iluminação ou de sinalização (exceto os da posição 8539), limpadores de para-brisas, degeladores e desembaçadores (desembaciadores) elétricos e suas partes|DECRETO ICMS/PB Nº 39.158|2019-05-07 00:00:00|2023-12-31 00:00:00|0.18|0.00|0.7178|1.011082926829268|0.9482365853658534|0.843492682926829|0.3656|0.5987512195121949|0.5487902439024386|0.4655219512195119|0.00||0.00|0.00|0.00|0.00|0.00|0.00|0.00|0.00|0.00|0.00|0.00|0.00|0.00|0.00|0.00|0.00|0.00|||||Anexo_5_Autopeças_1.xlsx|AutoPecas
01|55.0|01.055.00|851220|Aparelhos elétricos de iluminação ou de sinalização (exceto os da posição 8539), limpadores de para-brisas, degeladores e desembaçadores (desembaciadores) elétricos e suas partes|DECRETO ICMS/PB Nº 44.681/23|2024-01-01 00:00:00||0.2|0.00|0.7178|1.0613599999999996|0.9969424999999998|0.8895799999999998|0.3656|0.6387199999999997|0.5875099999999998|0.5021599999999997|0.00||0.00|0.00|0.00|0.00|0.00|0.00|0.00|0.00|0.00|0.00|0.00|0.00|0.00|0.00|0.00|0.00|0.00|||||Anexo_5_Autopeças_1.xlsx|AutoPecas
01|55.0|01.055.00|851240|Aparelhos elétricos de iluminação ou de sinalização (exceto os da posição 8539), limpadores de para-brisas, degeladores e desembaçadores (desembaciadores) elétricos e suas partes|DECRETO ICMS/PB Nº 39.158|2019-05-07 00:00:00|2023-12-31 00:00:00|0.18|0.00|0.7178|1.011082926829268|0.9482365853658534|0.843492682926829|0.3656|0.5987512195121949|0.5487902439024386|0.4655219512195119|0.00||0.00|0.00|0.00|0.00|0.00|0.00|0.00|0.00|0.00|0.00|0.00|0.00|0.00|0.00|0.00|0.00|0.00|||||Anexo_5_Autopeças_1.xlsx|AutoPecas
01|55.0|01.055.00|851240|Aparelhos elétricos de iluminação ou de sinalização (exceto os da posição 8539), limpadores de para-brisas, degeladores e desembaçadores (desembaciadores) elétricos e suas partes|DECRETO ICMS/PB Nº 44.681/23|2024-01-01 00:00:00||0.2|0.00|0.7178|1.0613599999999996|0.9969424999999998|0.8895799999999998|0.3656|0.6387199999999997|0.5875099999999998|0.5021599999999997|0.00||0.00|0.00|0.00|0.00|0.00|0.00|0.00|0.00|0.00|0.00|0.00|0.00|0.00|0.00|0.00|0.00|0.00|||||Anexo_5_Autopeças_1.xlsx|AutoPecas
01|55.0|01.055.00|85129000|Aparelhos elétricos de iluminação ou de sinalização (exceto os da posição 8539), limpadores de para-brisas, degeladores e desembaçadores (desembaciadores) elétricos e suas partes|DECRETO ICMS/PB Nº 39.158|2019-05-07 00:00:00|2023-12-31 00:00:00|0.18|0.00|0.7178|1.011082926829268|0.9482365853658534|0.843492682926829|0.3656|0.5987512195121949|0.5487902439024386|0.4655219512195119|0.00||0.00|0.00|0.00|0.00|0.00|0.00|0.00|0.00|0.00|0.00|0.00|0.00|0.00|0.00|0.00|0.00|0.00|||||Anexo_5_Autopeças_1.xlsx|AutoPecas
01|55.0|01.055.00|85129000|Aparelhos elétricos de iluminação ou de sinalização (exceto os da posição 8539), limpadores de para-brisas, degeladores e desembaçadores (desembaciadores) elétricos e suas partes|DECRETO ICMS/PB Nº 44.681/23|2024-01-01 00:00:00||0.2|0.00|0.7178|1.0613599999999996|0.9969424999999998|0.8895799999999998|0.3656|0.6387199999999997|0.5875099999999998|0.5021599999999997|0.00||0.00|0.00|0.00|0.00|0.00|0.00|0.00|0.00|0.00|0.00|0.00|0.00|0.00|0.00|0.00|0.00|0.00|||||Anexo_5_Autopeças_1.xlsx|AutoPecas
01|56.0|01.056.00|85171213|Telefones móveis do tipo dos utilizados em veículos automóveis.|DECRETO ICMS/PB Nº 39.158//DECRETO 43.079/2022|2019-05-07 00:00:00|2022-05-01 00:00:00|0.18|0.00|0.7178|1.011082926829268|0.9482365853658534|0.843492682926829|0.3656|0.5987512195121949|0.5487902439024386|0.4655219512195119|0.00||0.00|0.00|0.00|0.00|0.00|0.00|0.00|0.00|0.00|0.00|0.00|0.00|0.00|0.00|0.00|0.00|0.00|||||Anexo_5_Autopeças_1.xlsx|AutoPecas
01|56.0|01.056.00|85171410|Telefones móveis do tipo dos utilizados em veículos automóveis.|DECRETO 43.079/2022|2022-05-02 00:00:00|2023-12-31 00:00:00|0.18|0.00|0.7178|1.011082926829268|0.9482365853658534|0.843492682926829|0.3656|0.5987512195121949|0.5487902439024386|0.4655219512195119|0.00||0.00|0.00|0.00|0.00|0.00|0.00|0.00|0.00|0.00|0.00|0.00|0.00|0.00|0.00|0.00|0.00|0.00|||||Anexo_5_Autopeças_1.xlsx|AutoPecas
01|56.0|01.056.00|85171410|Telefones móveis do tipo dos utilizados em veículos automóveis.|DECRETO ICMS/PB Nº 44.681/23|2024-01-01 00:00:00||0.2|0.00|0.7178|1.0613599999999996|0.9969424999999998|0.8895799999999998|0.3656|0.6387199999999997|0.5875099999999998|0.5021599999999997|0.00||0.00|0.00|0.00|0.00|0.00|0.00|0.00|0.00|0.00|0.00|0.00|0.00|0.00|0.00|0.00|0.00|0.00|||||Anexo_5_Autopeças_1.xlsx|AutoPecas
01|57.0|01.057.00|8518|Alto-falantes, amplificadores elétricos de audiofrequência e partes|DECRETO ICMS/PB Nº 39.158|2019-05-07 00:00:00|2023-12-31 00:00:00|0.18|0.00|0.7178|1.011082926829268|0.9482365853658534|0.843492682926829|0.3656|0.5987512195121949|0.5487902439024386|0.4655219512195119|0.00||0.00|0.00|0.00|0.00|0.00|0.00|0.00|0.00|0.00|0.00|0.00|0.00|0.00|0.00|0.00|0.00|0.00|||||Anexo_5_Autopeças_1.xlsx|AutoPecas
01|57.0|01.057.00|8518|Alto-falantes, amplificadores elétricos de audiofrequência e partes|DECRETO ICMS/PB Nº 44.681/23|2024-01-01 00:00:00||0.2|0.00|0.7178|1.0613599999999996|0.9969424999999998|0.8895799999999998|0.3656|0.6387199999999997|0.5875099999999998|0.5021599999999997|0.00||0.00|0.00|0.00|0.00|0.00|0.00|0.00|0.00|0.00|0.00|0.00|0.00|0.00|0.00|0.00|0.00|0.00|||||Anexo_5_Autopeças_1.xlsx|AutoPecas
01|58.0|01.058.00|85185000|Aparelhos elétricos de amplificação de som para veículos automotores|DECRETO ICMS/PB Nº 39.158|2019-05-07 00:00:00|2023-12-31 00:00:00|0.18|0.00|0.7178|1.011082926829268|0.9482365853658534|0.843492682926829|0.3656|0.5987512195121949|0.5487902439024386|0.4655219512195119|0.00||0.00|0.00|0.00|0.00|0.00|0.00|0.00|0.00|0.00|0.00|0.00|0.00|0.00|0.00|0.00|0.00|0.00|||||Anexo_5_Autopeças_1.xlsx|AutoPecas
01|58.0|01.058.00|85185000|Aparelhos elétricos de amplificação de som para veículos automotores|DECRETO ICMS/PB Nº 44.681/23|2024-01-01 00:00:00||0.2|0.00|0.7178|1.0613599999999996|0.9969424999999998|0.8895799999999998|0.3656|0.6387199999999997|0.5875099999999998|0.5021599999999997|0.00||0.00|0.00|0.00|0.00|0.00|0.00|0.00|0.00|0.00|0.00|0.00|0.00|0.00|0.00|0.00|0.00|0.00|||||Anexo_5_Autopeças_1.xlsx|AutoPecas
01|59.0|01.059.00|851981|Aparelhos de reprodução de som|DECRETO ICMS/PB Nº 39.158|2019-05-07 00:00:00|2023-12-31 00:00:00|0.18|0.00|0.7178|1.011082926829268|0.9482365853658534|0.843492682926829|0.3656|0.5987512195121949|0.5487902439024386|0.4655219512195119|0.00||0.00|0.00|0.00|0.00|0.00|0.00|0.00|0.00|0.00|0.00|0.00|0.00|0.00|0.00|0.00|0.00|0.00|||||Anexo_5_Autopeças_1.xlsx|AutoPecas
01|59.0|01.059.00|851981|Aparelhos de reprodução de som|DECRETO ICMS/PB Nº 44.681/23|2024-01-01 00:00:00||0.2|0.00|0.7178|1.0613599999999996|0.9969424999999998|0.8895799999999998|0.3656|0.6387199999999997|0.5875099999999998|0.5021599999999997|0.00||0.00|0.00|0.00|0.00|0.00|0.00|0.00|0.00|0.00|0.00|0.00|0.00|0.00|0.00|0.00|0.00|0.00|||||Anexo_5_Autopeças_1.xlsx|AutoPecas
01|60.0|01.060.00|8525501|Aparelhos transmissores (emissores) de radiotelefonia ou radiotelegrafia (rádio receptor/transmissor)|DECRETO ICMS/PB Nº 39.158|2019-05-07 00:00:00|2023-12-31 00:00:00|0.18|0.00|0.7178|1.011082926829268|0.9482365853658534|0.843492682926829|0.3656|0.5987512195121949|0.5487902439024386|0.4655219512195119|0.00||0.00|0.00|0.00|0.00|0.00|0.00|0.00|0.00|0.00|0.00|0.00|0.00|0.00|0.00|0.00|0.00|0.00|||||Anexo_5_Autopeças_1.xlsx|AutoPecas
01|60.0|01.060.00|8525501|Aparelhos transmissores (emissores) de radiotelefonia ou radiotelegrafia (rádio receptor/transmissor)|DECRETO ICMS/PB Nº 44.681/23|2024-01-01 00:00:00||0.2|0.00|0.7178|1.0613599999999996|0.9969424999999998|0.8895799999999998|0.3656|0.6387199999999997|0.5875099999999998|0.5021599999999997|0.00||0.00|0.00|0.00|0.00|0.00|0.00|0.00|0.00|0.00|0.00|0.00|0.00|0.00|0.00|0.00|0.00|0.00|||||Anexo_5_Autopeças_1.xlsx|AutoPecas
01|60.0|01.060.00|85256010|Aparelhos transmissores (emissores) de radiotelefonia ou radiotelegrafia (rádio receptor/transmissor)|DECRETO ICMS/PB Nº 39.158|2019-05-07 00:00:00|2023-12-31 00:00:00|0.18|0.00|0.7178|1.011082926829268|0.9482365853658534|0.843492682926829|0.3656|0.5987512195121949|0.5487902439024386|0.4655219512195119|0.00||0.00|0.00|0.00|0.00|0.00|0.00|0.00|0.00|0.00|0.00|0.00|0.00|0.00|0.00|0.00|0.00|0.00|||||Anexo_5_Autopeças_1.xlsx|AutoPecas
01|60.0|01.060.00|85256010|Aparelhos transmissores (emissores) de radiotelefonia ou radiotelegrafia (rádio receptor/transmissor)|DECRETO ICMS/PB Nº 44.681/23|2024-01-01 00:00:00||0.2|0.00|0.7178|1.0613599999999996|0.9969424999999998|0.8895799999999998|0.3656|0.6387199999999997|0.5875099999999998|0.5021599999999997|0.00||0.00|0.00|0.00|0.00|0.00|0.00|0.00|0.00|0.00|0.00|0.00|0.00|0.00|0.00|0.00|0.00|0.00|||||Anexo_5_Autopeças_1.xlsx|AutoPecas
01|61.0|01.061.00|85272100|Aparelhos receptores de radiodifusão que só funcionem com fonte externa de energia combinados com um aparelho de gravação ou de reprodução de som, do tipo utilizado em veículos automóveis|DECRETO ICMS/PB Nº 39.158|2019-05-07 00:00:00|2023-12-31 00:00:00|0.18|0.00|0.7178|1.011082926829268|0.9482365853658534|0.843492682926829|0.3656|0.5987512195121949|0.5487902439024386|0.4655219512195119|0.00||0.00|0.00|0.00|0.00|0.00|0.00|0.00|0.00|0.00|0.00|0.00|0.00|0.00|0.00|0.00|0.00|0.00|||||Anexo_5_Autopeças_1.xlsx|AutoPecas
01|61.0|01.061.00|85272100|Aparelhos receptores de radiodifusão que só funcionem com fonte externa de energia combinados com um aparelho de gravação ou de reprodução de som, do tipo utilizado em veículos automóveis|DECRETO ICMS/PB Nº 44.681/23|2024-01-01 00:00:00||0.2|0.00|0.7178|1.0613599999999996|0.9969424999999998|0.8895799999999998|0.3656|0.6387199999999997|0.5875099999999998|0.5021599999999997|0.00||0.00|0.00|0.00|0.00|0.00|0.00|0.00|0.00|0.00|0.00|0.00|0.00|0.00|0.00|0.00|0.00|0.00|||||Anexo_5_Autopeças_1.xlsx|AutoPecas
01|62.0|01.062.00|85272900|Outros aparelhos receptores de radiodifusão que só funcionem com fonte externa de energia, do tipo utilizado em veículos automóveis|DECRETO ICMS/PB Nº 39.158|2019-05-07 00:00:00|2023-12-31 00:00:00|0.18|0.00|0.7178|1.011082926829268|0.9482365853658534|0.843492682926829|0.3656|0.5987512195121949|0.5487902439024386|0.4655219512195119|0.00||0.00|0.00|0.00|0.00|0.00|0.00|0.00|0.00|0.00|0.00|0.00|0.00|0.00|0.00|0.00|0.00|0.00|||||Anexo_5_Autopeças_1.xlsx|AutoPecas
01|62.0|01.062.00|85272900|Outros aparelhos receptores de radiodifusão que só funcionem com fonte externa de energia, do tipo utilizado em veículos automóveis|DECRETO ICMS/PB Nº 44.681/23|2024-01-01 00:00:00||0.2|0.00|0.7178|1.0613599999999996|0.9969424999999998|0.8895799999999998|0.3656|0.6387199999999997|0.5875099999999998|0.5021599999999997|0.00||0.00|0.00|0.00|0.00|0.00|0.00|0.00|0.00|0.00|0.00|0.00|0.00|0.00|0.00|0.00|0.00|0.00|||||Anexo_5_Autopeças_1.xlsx|AutoPecas
01|62.1|01.062.01|85219090|Outros aparelhos videofônicos de gravação ou de reprodução, mesmo incorporando um receptor de sinais videofônicos, dos tipos utilizados exclusivamente em veículos automotores|DECRETO ICMS/PB Nº 39.158|2019-05-07 00:00:00|2023-12-31 00:00:00|0.18|0.00|0.7178|1.011082926829268|0.9482365853658534|0.843492682926829|0.3656|0.5987512195121949|0.5487902439024386|0.4655219512195119|0.00||0.00|0.00|0.00|0.00|0.00|0.00|0.00|0.00|0.00|0.00|0.00|0.00|0.00|0.00|0.00|0.00|0.00|||||Anexo_5_Autopeças_1.xlsx|AutoPecas
01|62.1|01.062.01|85219090|Outros aparelhos videofônicos de gravação ou de reprodução, mesmo incorporando um receptor de sinais videofônicos, dos tipos utilizados exclusivamente em veículos automotores|DECRETO ICMS/PB Nº 44.681/23|2024-01-01 00:00:00||0.2|0.00|0.7178|1.0613599999999996|0.9969424999999998|0.8895799999999998|0.3656|0.6387199999999997|0.5875099999999998|0.5021599999999997|0.00||0.00|0.00|0.00|0.00|0.00|0.00|0.00|0.00|0.00|0.00|0.00|0.00|0.00|0.00|0.00|0.00|0.00|||||Anexo_5_Autopeças_1.xlsx|AutoPecas
01|63.0|01.063.00|852910|Antenas|DECRETO 43.079/2022|2022-05-02 00:00:00|2023-12-31 00:00:00|0.18|0.00|0.7178|1.011082926829268|0.9482365853658534|0.843492682926829|0.3656|0.5987512195121949|0.5487902439024386|0.4655219512195119|0.00||0.00|0.00|0.00|0.00|0.00|0.00|0.00|0.00|0.00|0.00|0.00|0.00|0.00|0.00|0.00|0.00|0.00|||||Anexo_5_Autopeças_1.xlsx|AutoPecas
01|63.0|01.063.00|852910|Antenas|DECRETO ICMS/PB Nº 44.681/23|2024-01-01 00:00:00||0.2|0.00|0.7178|1.0613599999999996|0.9969424999999998|0.8895799999999998|0.3656|0.6387199999999997|0.5875099999999998|0.5021599999999997|0.00||0.00|0.00|0.00|0.00|0.00|0.00|0.00|0.00|0.00|0.00|0.00|0.00|0.00|0.00|0.00|0.00|0.00|||||Anexo_5_Autopeças_1.xlsx|AutoPecas
01|63.0|01.063.00|85291090|Antenas|DECRETO ICMS/PB Nº 39.158//DECRETO 43.079/2022|2019-05-07 00:00:00|2022-05-01 00:00:00|0.18|0.00|0.7178|1.011082926829268|0.9482365853658534|0.843492682926829|0.3656|0.5987512195121949|0.5487902439024386|0.4655219512195119|0.00||0.00|0.00|0.00|0.00|0.00|0.00|0.00|0.00|0.00|0.00|0.00|0.00|0.00|0.00|0.00|0.00|0.00|||||Anexo_5_Autopeças_1.xlsx|AutoPecas
01|64.0|01.064.00|853400|Circuitos impressos|DECRETO ICMS/PB Nº 39.158|2019-05-07 00:00:00|2023-12-31 00:00:00|0.18|0.00|0.7178|1.011082926829268|0.9482365853658534|0.843492682926829|0.3656|0.5987512195121949|0.5487902439024386|0.4655219512195119|0.00||0.00|0.00|0.00|0.00|0.00|0.00|0.00|0.00|0.00|0.00|0.00|0.00|0.00|0.00|0.00|0.00|0.00|||||Anexo_5_Autopeças_1.xlsx|AutoPecas
01|64.0|01.064.00|853400|Circuitos impressos|DECRETO ICMS/PB Nº 44.681/23|2024-01-01 00:00:00||0.2|0.00|0.7178|1.0613599999999996|0.9969424999999998|0.8895799999999998|0.3656|0.6387199999999997|0.5875099999999998|0.5021599999999997|0.00||0.00|0.00|0.00|0.00|0.00|0.00|0.00|0.00|0.00|0.00|0.00|0.00|0.00|0.00|0.00|0.00|0.00|||||Anexo_5_Autopeças_1.xlsx|AutoPecas
01|65.0|01.065.00|853530|Interruptores e seccionadores e comutadores|DECRETO ICMS/PB Nº 39.158|2019-05-07 00:00:00|2023-12-31 00:00:00|0.18|0.00|0.7178|1.011082926829268|0.9482365853658534|0.843492682926829|0.3656|0.5987512195121949|0.5487902439024386|0.4655219512195119|0.00||0.00|0.00|0.00|0.00|0.00|0.00|0.00|0.00|0.00|0.00|0.00|0.00|0.00|0.00|0.00|0.00|0.00|||||Anexo_5_Autopeças_1.xlsx|AutoPecas
01|65.0|01.065.00|853530|Interruptores e seccionadores e comutadores|DECRETO ICMS/PB Nº 44.681/23|2024-01-01 00:00:00||0.2|0.00|0.7178|1.0613599999999996|0.9969424999999998|0.8895799999999998|0.3656|0.6387199999999997|0.5875099999999998|0.5021599999999997|0.00||0.00|0.00|0.00|0.00|0.00|0.00|0.00|0.00|0.00|0.00|0.00|0.00|0.00|0.00|0.00|0.00|0.00|||||Anexo_5_Autopeças_1.xlsx|AutoPecas
01|65.0|01.065.00|853650|Interruptores e seccionadores e comutadores|DECRETO ICMS/PB Nº 39.158|2019-05-07 00:00:00|2023-12-31 00:00:00|0.18|0.00|0.7178|1.011082926829268|0.9482365853658534|0.843492682926829|0.3656|0.5987512195121949|0.5487902439024386|0.4655219512195119|0.00||0.00|0.00|0.00|0.00|0.00|0.00|0.00|0.00|0.00|0.00|0.00|0.00|0.00|0.00|0.00|0.00|0.00|||||Anexo_5_Autopeças_1.xlsx|AutoPecas
01|65.0|01.065.00|853650|Interruptores e seccionadores e comutadores|DECRETO ICMS/PB Nº 44.681/23|2024-01-01 00:00:00||0.2|0.00|0.7178|1.0613599999999996|0.9969424999999998|0.8895799999999998|0.3656|0.6387199999999997|0.5875099999999998|0.5021599999999997|0.00||0.00|0.00|0.00|0.00|0.00|0.00|0.00|0.00|0.00|0.00|0.00|0.00|0.00|0.00|0.00|0.00|0.00|||||Anexo_5_Autopeças_1.xlsx|AutoPecas
01|66.0|01.066.00|85361000|Fusíveis e corta-circuitos de fusíveis|DECRETO ICMS/PB Nº 39.158|2019-05-07 00:00:00|2023-12-31 00:00:00|0.18|0.00|0.7178|1.011082926829268|0.9482365853658534|0.843492682926829|0.3656|0.5987512195121949|0.5487902439024386|0.4655219512195119|0.00||0.00|0.00|0.00|0.00|0.00|0.00|0.00|0.00|0.00|0.00|0.00|0.00|0.00|0.00|0.00|0.00|0.00|||||Anexo_5_Autopeças_1.xlsx|AutoPecas
01|66.0|01.066.00|85361000|Fusíveis e corta-circuitos de fusíveis|DECRETO ICMS/PB Nº 44.681/23|2024-01-01 00:00:00||0.2|0.00|0.7178|1.0613599999999996|0.9969424999999998|0.8895799999999998|0.3656|0.6387199999999997|0.5875099999999998|0.5021599999999997|0.00||0.00|0.00|0.00|0.00|0.00|0.00|0.00|0.00|0.00|0.00|0.00|0.00|0.00|0.00|0.00|0.00|0.00|||||Anexo_5_Autopeças_1.xlsx|AutoPecas
01|67.0|01.067.00|85362000|Disjuntores|DECRETO ICMS/PB Nº 39.158|2019-05-07 00:00:00|2023-12-31 00:00:00|0.18|0.00|0.7178|1.011082926829268|0.9482365853658534|0.843492682926829|0.3656|0.5987512195121949|0.5487902439024386|0.4655219512195119|0.00||0.00|0.00|0.00|0.00|0.00|0.00|0.00|0.00|0.00|0.00|0.00|0.00|0.00|0.00|0.00|0.00|0.00|||||Anexo_5_Autopeças_1.xlsx|AutoPecas
01|67.0|01.067.00|85362000|Disjuntores|DECRETO ICMS/PB Nº 44.681/23|2024-01-01 00:00:00||0.2|0.00|0.7178|1.0613599999999996|0.9969424999999998|0.8895799999999998|0.3656|0.6387199999999997|0.5875099999999998|0.5021599999999997|0.00||0.00|0.00|0.00|0.00|0.00|0.00|0.00|0.00|0.00|0.00|0.00|0.00|0.00|0.00|0.00|0.00|0.00|||||Anexo_5_Autopeças_1.xlsx|AutoPecas
01|68.0|01.068.00|85364|Relés|DECRETO ICMS/PB Nº 39.158|2019-05-07 00:00:00|2023-12-31 00:00:00|0.18|0.00|0.7178|1.011082926829268|0.9482365853658534|0.843492682926829|0.3656|0.5987512195121949|0.5487902439024386|0.4655219512195119|0.00||0.00|0.00|0.00|0.00|0.00|0.00|0.00|0.00|0.00|0.00|0.00|0.00|0.00|0.00|0.00|0.00|0.00|||||Anexo_5_Autopeças_1.xlsx|AutoPecas
01|68.0|01.068.00|85364|Relés|DECRETO ICMS/PB Nº 44.681/23|2024-01-01 00:00:00||0.2|0.00|0.7178|1.0613599999999996|0.9969424999999998|0.8895799999999998|0.3656|0.6387199999999997|0.5875099999999998|0.5021599999999997|0.00||0.00|0.00|0.00|0.00|0.00|0.00|0.00|0.00|0.00|0.00|0.00|0.00|0.00|0.00|0.00|0.00|0.00|||||Anexo_5_Autopeças_1.xlsx|AutoPecas
01|69.0|01.069.00|8538|Partes reconhecíveis como exclusivas ou principalmente destinados aos aparelhos dos CEST 01.065.00, 01.066.00, 01.067.00 e 01.068.00|DECRETO ICMS/PB Nº 39.158|2019-05-07 00:00:00|2023-12-31 00:00:00|0.18|0.00|0.7178|1.011082926829268|0.9482365853658534|0.843492682926829|0.3656|0.5987512195121949|0.5487902439024386|0.4655219512195119|0.00||0.00|0.00|0.00|0.00|0.00|0.00|0.00|0.00|0.00|0.00|0.00|0.00|0.00|0.00|0.00|0.00|0.00|||||Anexo_5_Autopeças_1.xlsx|AutoPecas
01|69.0|01.069.00|8538|Partes reconhecíveis como exclusivas ou principalmente destinados aos aparelhos dos CEST 01.065.00, 01.066.00, 01.067.00 e 01.068.00|DECRETO ICMS/PB Nº 44.681/23|2024-01-01 00:00:00||0.2|0.00|0.7178|1.0613599999999996|0.9969424999999998|0.8895799999999998|0.3656|0.6387199999999997|0.5875099999999998|0.5021599999999997|0.00||0.00|0.00|0.00|0.00|0.00|0.00|0.00|0.00|0.00|0.00|0.00|0.00|0.00|0.00|0.00|0.00|0.00|||||Anexo_5_Autopeças_1.xlsx|AutoPecas
01|70.0|01.070.00|853910|Faróis e projetores, em unidades seladas|DECRETO ICMS/PB Nº 39.158|2019-05-07 00:00:00|2023-12-31 00:00:00|0.18|0.00|0.7178|1.011082926829268|0.9482365853658534|0.843492682926829|0.3656|0.5987512195121949|0.5487902439024386|0.4655219512195119|0.00||0.00|0.00|0.00|0.00|0.00|0.00|0.00|0.00|0.00|0.00|0.00|0.00|0.00|0.00|0.00|0.00|0.00|||||Anexo_5_Autopeças_1.xlsx|AutoPecas
01|70.0|01.070.00|853910|Faróis e projetores, em unidades seladas|DECRETO ICMS/PB Nº 44.681/23|2024-01-01 00:00:00||0.2|0.00|0.7178|1.0613599999999996|0.9969424999999998|0.8895799999999998|0.3656|0.6387199999999997|0.5875099999999998|0.5021599999999997|0.00||0.00|0.00|0.00|0.00|0.00|0.00|0.00|0.00|0.00|0.00|0.00|0.00|0.00|0.00|0.00|0.00|0.00|||||Anexo_5_Autopeças_1.xlsx|AutoPecas
01|71.0|01.071.00|85392|Lâmpadas e tubos de incandescência, exceto de raios ultravioleta ou infravermelhos|DECRETO ICMS/PB Nº 39.158|2019-05-07 00:00:00|2023-12-31 00:00:00|0.18|0.00|0.7178|1.011082926829268|0.9482365853658534|0.843492682926829|0.3656|0.5987512195121949|0.5487902439024386|0.4655219512195119|0.00||0.00|0.00|0.00|0.00|0.00|0.00|0.00|0.00|0.00|0.00|0.00|0.00|0.00|0.00|0.00|0.00|0.00|||||Anexo_5_Autopeças_1.xlsx|AutoPecas
01|71.0|01.071.00|85392|Lâmpadas e tubos de incandescência, exceto de raios ultravioleta ou infravermelhos|DECRETO ICMS/PB Nº 44.681/23|2024-01-01 00:00:00||0.2|0.00|0.7178|1.0613599999999996|0.9969424999999998|0.8895799999999998|0.3656|0.6387199999999997|0.5875099999999998|0.5021599999999997|0.00||0.00|0.00|0.00|0.00|0.00|0.00|0.00|0.00|0.00|0.00|0.00|0.00|0.00|0.00|0.00|0.00|0.00|||||Anexo_5_Autopeças_1.xlsx|AutoPecas
01|72.0|01.072.00|85442000|Cabos coaxiais e outros condutores elétricos coaxiais|DECRETO ICMS/PB Nº 39.158|2019-05-07 00:00:00|2023-12-31 00:00:00|0.18|0.00|0.7178|1.011082926829268|0.9482365853658534|0.843492682926829|0.3656|0.5987512195121949|0.5487902439024386|0.4655219512195119|0.00||0.00|0.00|0.00|0.00|0.00|0.00|0.00|0.00|0.00|0.00|0.00|0.00|0.00|0.00|0.00|0.00|0.00|||||Anexo_5_Autopeças_1.xlsx|AutoPecas
01|72.0|01.072.00|85442000|Cabos coaxiais e outros condutores elétricos coaxiais|DECRETO ICMS/PB Nº 44.681/23|2024-01-01 00:00:00||0.2|0.00|0.7178|1.0613599999999996|0.9969424999999998|0.8895799999999998|0.3656|0.6387199999999997|0.5875099999999998|0.5021599999999997|0.00||0.00|0.00|0.00|0.00|0.00|0.00|0.00|0.00|0.00|0.00|0.00|0.00|0.00|0.00|0.00|0.00|0.00|||||Anexo_5_Autopeças_1.xlsx|AutoPecas
01|73.0|01.073.00|85443000|Jogos de fios para velas de ignição e outros jogos de fios|DECRETO ICMS/PB Nº 39.158|2019-05-07 00:00:00|2023-12-31 00:00:00|0.18|0.00|0.7178|1.011082926829268|0.9482365853658534|0.843492682926829|0.3656|0.5987512195121949|0.5487902439024386|0.4655219512195119|0.00||0.00|0.00|0.00|0.00|0.00|0.00|0.00|0.00|0.00|0.00|0.00|0.00|0.00|0.00|0.00|0.00|0.00|||||Anexo_5_Autopeças_1.xlsx|AutoPecas
01|73.0|01.073.00|85443000|Jogos de fios para velas de ignição e outros jogos de fios|DECRETO ICMS/PB Nº 44.681/23|2024-01-01 00:00:00||0.2|0.00|0.7178|1.0613599999999996|0.9969424999999998|0.8895799999999998|0.3656|0.6387199999999997|0.5875099999999998|0.5021599999999997|0.00||0.00|0.00|0.00|0.00|0.00|0.00|0.00|0.00|0.00|0.00|0.00|0.00|0.00|0.00|0.00|0.00|0.00|||||Anexo_5_Autopeças_1.xlsx|AutoPecas
01|74.0|01.074.00|8707|Carroçarias para os veículos automóveis das posições 8701 a 8705, incluídas as cabinas|DECRETO ICMS/PB Nº 39.158|2019-05-07 00:00:00|2023-12-31 00:00:00|0.18|0.00|0.7178|1.011082926829268|0.9482365853658534|0.843492682926829|0.3656|0.5987512195121949|0.5487902439024386|0.4655219512195119|0.00||0.00|0.00|0.00|0.00|0.00|0.00|0.00|0.00|0.00|0.00|0.00|0.00|0.00|0.00|0.00|0.00|0.00|||||Anexo_5_Autopeças_1.xlsx|AutoPecas
01|74.0|01.074.00|8707|Carroçarias para os veículos automóveis das posições 8701 a 8705, incluídas as cabinas|DECRETO ICMS/PB Nº 44.681/23|2024-01-01 00:00:00||0.2|0.00|0.7178|1.0613599999999996|0.9969424999999998|0.8895799999999998|0.3656|0.6387199999999997|0.5875099999999998|0.5021599999999997|0.00||0.00|0.00|0.00|0.00|0.00|0.00|0.00|0.00|0.00|0.00|0.00|0.00|0.00|0.00|0.00|0.00|0.00|||||Anexo_5_Autopeças_1.xlsx|AutoPecas
01|75.0|01.075.00|8708|Partes e acessórios dos veículos automóveis das posições 8701 a 8705|DECRETO ICMS/PB Nº 39.158|2019-05-07 00:00:00|2023-12-31 00:00:00|0.18|0.00|0.7178|1.011082926829268|0.9482365853658534|0.843492682926829|0.3656|0.5987512195121949|0.5487902439024386|0.4655219512195119|0.00||0.00|0.00|0.00|0.00|0.00|0.00|0.00|0.00|0.00|0.00|0.00|0.00|0.00|0.00|0.00|0.00|0.00|||||Anexo_5_Autopeças_1.xlsx|AutoPecas
01|75.0|01.075.00|8708|Partes e acessórios dos veículos automóveis das posições 8701 a 8705|DECRETO ICMS/PB Nº 44.681/23|2024-01-01 00:00:00||0.2|0.00|0.7178|1.0613599999999996|0.9969424999999998|0.8895799999999998|0.3656|0.6387199999999997|0.5875099999999998|0.5021599999999997|0.00||0.00|0.00|0.00|0.00|0.00|0.00|0.00|0.00|0.00|0.00|0.00|0.00|0.00|0.00|0.00|0.00|0.00|||||Anexo_5_Autopeças_1.xlsx|AutoPecas
01|76.0|01.076.00|87141|Parte e acessórios de motocicletas (incluídos os ciclomotores)|DECRETO ICMS/PB Nº 39.158|2019-05-07 00:00:00|2023-12-31 00:00:00|0.18|0.00|0.7178|1.011082926829268|0.9482365853658534|0.843492682926829|0.3656|0.5987512195121949|0.5487902439024386|0.4655219512195119|0.00||0.00|0.00|0.00|0.00|0.00|0.00|0.00|0.00|0.00|0.00|0.00|0.00|0.00|0.00|0.00|0.00|0.00|||||Anexo_5_Autopeças_1.xlsx|AutoPecas
01|76.0|01.076.00|87141|Parte e acessórios de motocicletas (incluídos os ciclomotores)|DECRETO ICMS/PB Nº 44.681/23|2024-01-01 00:00:00||0.2|0.00|0.7178|1.0613599999999996|0.9969424999999998|0.8895799999999998|0.3656|0.6387199999999997|0.5875099999999998|0.5021599999999997|0.00||0.00|0.00|0.00|0.00|0.00|0.00|0.00|0.00|0.00|0.00|0.00|0.00|0.00|0.00|0.00|0.00|0.00|||||Anexo_5_Autopeças_1.xlsx|AutoPecas
01|77.0|01.077.00|87169090|Engates para reboques e semirreboques|DECRETO ICMS/PB Nº 39.158|2019-05-07 00:00:00|2023-12-31 00:00:00|0.18|0.00|0.7178|1.011082926829268|0.9482365853658534|0.843492682926829|0.3656|0.5987512195121949|0.5487902439024386|0.4655219512195119|0.00||0.00|0.00|0.00|0.00|0.00|0.00|0.00|0.00|0.00|0.00|0.00|0.00|0.00|0.00|0.00|0.00|0.00|||||Anexo_5_Autopeças_1.xlsx|AutoPecas
01|77.0|01.077.00|87169090|Engates para reboques e semirreboques|DECRETO ICMS/PB Nº 44.681/23|2024-01-01 00:00:00||0.2|0.00|0.7178|1.0613599999999996|0.9969424999999998|0.8895799999999998|0.3656|0.6387199999999997|0.5875099999999998|0.5021599999999997|0.00||0.00|0.00|0.00|0.00|0.00|0.00|0.00|0.00|0.00|0.00|0.00|0.00|0.00|0.00|0.00|0.00|0.00|||||Anexo_5_Autopeças_1.xlsx|AutoPecas
01|78.0|01.078.00|902610|Medidores de nível; Medidores de vazão|DECRETO ICMS/PB Nº 39.158|2019-05-07 00:00:00|2023-12-31 00:00:00|0.18|0.00|0.7178|1.011082926829268|0.9482365853658534|0.843492682926829|0.3656|0.5987512195121949|0.5487902439024386|0.4655219512195119|0.00||0.00|0.00|0.00|0.00|0.00|0.00|0.00|0.00|0.00|0.00|0.00|0.00|0.00|0.00|0.00|0.00|0.00|||||Anexo_5_Autopeças_1.xlsx|AutoPecas
01|78.0|01.078.00|902610|Medidores de nível; Medidores de vazão|DECRETO ICMS/PB Nº 44.681/23|2024-01-01 00:00:00||0.2|0.00|0.7178|1.0613599999999996|0.9969424999999998|0.8895799999999998|0.3656|0.6387199999999997|0.5875099999999998|0.5021599999999997|0.00||0.00|0.00|0.00|0.00|0.00|0.00|0.00|0.00|0.00|0.00|0.00|0.00|0.00|0.00|0.00|0.00|0.00|||||Anexo_5_Autopeças_1.xlsx|AutoPecas
01|79.0|01.079.00|902620|Aparelhos para medida ou controle da pressão|DECRETO ICMS/PB Nº 39.158|2019-05-07 00:00:00|2023-12-31 00:00:00|0.18|0.00|0.7178|1.011082926829268|0.9482365853658534|0.843492682926829|0.3656|0.5987512195121949|0.5487902439024386|0.4655219512195119|0.00||0.00|0.00|0.00|0.00|0.00|0.00|0.00|0.00|0.00|0.00|0.00|0.00|0.00|0.00|0.00|0.00|0.00|||||Anexo_5_Autopeças_1.xlsx|AutoPecas
01|79.0|01.079.00|902620|Aparelhos para medida ou controle da pressão|DECRETO ICMS/PB Nº 44.681/23|2024-01-01 00:00:00||0.2|0.00|0.7178|1.0613599999999996|0.9969424999999998|0.8895799999999998|0.3656|0.6387199999999997|0.5875099999999998|0.5021599999999997|0.00||0.00|0.00|0.00|0.00|0.00|0.00|0.00|0.00|0.00|0.00|0.00|0.00|0.00|0.00|0.00|0.00|0.00|||||Anexo_5_Autopeças_1.xlsx|AutoPecas
01|80.0|01.080.00|9029|Contadores, indicadores de velocidade e tacômetros, suas partes e acessórios|DECRETO ICMS/PB Nº 39.158|2019-05-07 00:00:00|2023-12-31 00:00:00|0.18|0.00|0.7178|1.011082926829268|0.9482365853658534|0.843492682926829|0.3656|0.5987512195121949|0.5487902439024386|0.4655219512195119|0.00||0.00|0.00|0.00|0.00|0.00|0.00|0.00|0.00|0.00|0.00|0.00|0.00|0.00|0.00|0.00|0.00|0.00|||||Anexo_5_Autopeças_1.xlsx|AutoPecas
01|80.0|01.080.00|9029|Contadores, indicadores de velocidade e tacômetros, suas partes e acessórios|DECRETO ICMS/PB Nº 44.681/23|2024-01-01 00:00:00||0.2|0.00|0.7178|1.0613599999999996|0.9969424999999998|0.8895799999999998|0.3656|0.6387199999999997|0.5875099999999998|0.5021599999999997|0.00||0.00|0.00|0.00|0.00|0.00|0.00|0.00|0.00|0.00|0.00|0.00|0.00|0.00|0.00|0.00|0.00|0.00|||||Anexo_5_Autopeças_1.xlsx|AutoPecas
01|81.0|01.081.00|90303321|Amperímetros|DECRETO ICMS/PB Nº 39.158|2019-05-07 00:00:00|2023-12-31 00:00:00|0.18|0.00|0.7178|1.011082926829268|0.9482365853658534|0.843492682926829|0.3656|0.5987512195121949|0.5487902439024386|0.4655219512195119|0.00||0.00|0.00|0.00|0.00|0.00|0.00|0.00|0.00|0.00|0.00|0.00|0.00|0.00|0.00|0.00|0.00|0.00|||||Anexo_5_Autopeças_1.xlsx|AutoPecas
01|81.0|01.081.00|90303321|Amperímetros|DECRETO ICMS/PB Nº 44.681/23|2024-01-01 00:00:00||0.2|0.00|0.7178|1.0613599999999996|0.9969424999999998|0.8895799999999998|0.3656|0.6387199999999997|0.5875099999999998|0.5021599999999997|0.00||0.00|0.00|0.00|0.00|0.00|0.00|0.00|0.00|0.00|0.00|0.00|0.00|0.00|0.00|0.00|0.00|0.00|||||Anexo_5_Autopeças_1.xlsx|AutoPecas
01|82.0|01.082.00|90318040|Aparelhos digitais, de uso em veículos automóveis, para medida e indicação de múltiplas grandezas tais como: velocidade média, consumos instantâneo e médio e autonomia (computador de bordo)|DECRETO ICMS/PB Nº 39.158|2019-05-07 00:00:00|2023-12-31 00:00:00|0.18|0.00|0.7178|1.011082926829268|0.9482365853658534|0.843492682926829|0.3656|0.5987512195121949|0.5487902439024386|0.4655219512195119|0.00||0.00|0.00|0.00|0.00|0.00|0.00|0.00|0.00|0.00|0.00|0.00|0.00|0.00|0.00|0.00|0.00|0.00|||||Anexo_5_Autopeças_1.xlsx|AutoPecas
01|82.0|01.082.00|90318040|Aparelhos digitais, de uso em veículos automóveis, para medida e indicação de múltiplas grandezas tais como: velocidade média, consumos instantâneo e médio e autonomia (computador de bordo)|DECRETO ICMS/PB Nº 44.681/23|2024-01-01 00:00:00||0.2|0.00|0.7178|1.0613599999999996|0.9969424999999998|0.8895799999999998|0.3656|0.6387199999999997|0.5875099999999998|0.5021599999999997|0.00||0.00|0.00|0.00|0.00|0.00|0.00|0.00|0.00|0.00|0.00|0.00|0.00|0.00|0.00|0.00|0.00|0.00|||||Anexo_5_Autopeças_1.xlsx|AutoPecas
01|83.0|01.083.00|9032892|Controladores eletrônicos|DECRETO ICMS/PB Nº 39.158|2019-05-07 00:00:00|2023-12-31 00:00:00|0.18|0.00|0.7178|1.011082926829268|0.9482365853658534|0.843492682926829|0.3656|0.5987512195121949|0.5487902439024386|0.4655219512195119|0.00||0.00|0.00|0.00|0.00|0.00|0.00|0.00|0.00|0.00|0.00|0.00|0.00|0.00|0.00|0.00|0.00|0.00|||||Anexo_5_Autopeças_1.xlsx|AutoPecas
01|83.0|01.083.00|9032892|Controladores eletrônicos|DECRETO ICMS/PB Nº 44.681/23|2024-01-01 00:00:00||0.2|0.00|0.7178|1.0613599999999996|0.9969424999999998|0.8895799999999998|0.3656|0.6387199999999997|0.5875099999999998|0.5021599999999997|0.00||0.00|0.00|0.00|0.00|0.00|0.00|0.00|0.00|0.00|0.00|0.00|0.00|0.00|0.00|0.00|0.00|0.00|||||Anexo_5_Autopeças_1.xlsx|AutoPecas
01|84.0|01.084.00|91040000|Relógios para painéis de instrumentos e relógios semelhantes|DECRETO ICMS/PB Nº 39.158|2019-05-07 00:00:00|2023-12-31 00:00:00|0.18|0.00|0.7178|1.011082926829268|0.9482365853658534|0.843492682926829|0.3656|0.5987512195121949|0.5487902439024386|0.4655219512195119|0.00||0.00|0.00|0.00|0.00|0.00|0.00|0.00|0.00|0.00|0.00|0.00|0.00|0.00|0.00|0.00|0.00|0.00|||||Anexo_5_Autopeças_1.xlsx|AutoPecas
01|84.0|01.084.00|91040000|Relógios para painéis de instrumentos e relógios semelhantes|DECRETO ICMS/PB Nº 44.681/23|2024-01-01 00:00:00||0.2|0.00|0.7178|1.0613599999999996|0.9969424999999998|0.8895799999999998|0.3656|0.6387199999999997|0.5875099999999998|0.5021599999999997|0.00||0.00|0.00|0.00|0.00|0.00|0.00|0.00|0.00|0.00|0.00|0.00|0.00|0.00|0.00|0.00|0.00|0.00|||||Anexo_5_Autopeças_1.xlsx|AutoPecas
01|85.0|01.085.00|94012000|Assentos e partes de assentos|DECRETO ICMS/PB Nº 39.158//DECRETO 43.079/2022|2019-05-07 00:00:00|2022-05-01 00:00:00|0.18|0.00|0.7178|1.011082926829268|0.9482365853658534|0.843492682926829|0.3656|0.5987512195121949|0.5487902439024386|0.4655219512195119|0.00||0.00|0.00|0.00|0.00|0.00|0.00|0.00|0.00|0.00|0.00|0.00|0.00|0.00|0.00|0.00|0.00|0.00|||||Anexo_5_Autopeças_1.xlsx|AutoPecas
01|85.0|01.085.00|94012000|Assentos e partes de assentos|DECRETO 43.079/2022|2022-05-02 00:00:00|2023-12-31 00:00:00|0.18|0.00|0.7178|1.011082926829268|0.9482365853658534|0.843492682926829|0.3656|0.5987512195121949|0.5487902439024386|0.4655219512195119|0.00||0.00|0.00|0.00|0.00|0.00|0.00|0.00|0.00|0.00|0.00|0.00|0.00|0.00|0.00|0.00|0.00|0.00|||||Anexo_5_Autopeças_1.xlsx|AutoPecas
01|85.0|01.085.00|94012000|Assentos e partes de assentos|DECRETO ICMS/PB Nº 44.681/23|2024-01-01 00:00:00||0.2|0.00|0.7178|1.0613599999999996|0.9969424999999998|0.8895799999999998|0.3656|0.6387199999999997|0.5875099999999998|0.5021599999999997|0.00||0.00|0.00|0.00|0.00|0.00|0.00|0.00|0.00|0.00|0.00|0.00|0.00|0.00|0.00|0.00|0.00|0.00|||||Anexo_5_Autopeças_1.xlsx|AutoPecas
01|85.0|01.085.00|94019090|Assentos e partes de assentos|DECRETO ICMS/PB Nº 39.158//DECRETO 43.079/2022|2019-05-07 00:00:00|2022-05-01 00:00:00|0.18|0.00|0.7178|1.011082926829268|0.9482365853658534|0.843492682926829|0.3656|0.5987512195121949|0.5487902439024386|0.4655219512195119|0.00||0.00|0.00|0.00|0.00|0.00|0.00|0.00|0.00|0.00|0.00|0.00|0.00|0.00|0.00|0.00|0.00|0.00|||||Anexo_5_Autopeças_1.xlsx|AutoPecas
01|85.0|01.085.00|94019900|Assentos e partes de assentos|DECRETO 43.079/2022|2022-05-02 00:00:00|2023-12-31 00:00:00|0.18|0.00|0.7178|1.011082926829268|0.9482365853658534|0.843492682926829|0.3656|0.5987512195121949|0.5487902439024386|0.4655219512195119|0.00||0.00|0.00|0.00|0.00|0.00|0.00|0.00|0.00|0.00|0.00|0.00|0.00|0.00|0.00|0.00|0.00|0.00|||||Anexo_5_Autopeças_1.xlsx|AutoPecas
01|85.0|01.085.00|94019900|Assentos e partes de assentos|DECRETO ICMS/PB Nº 44.681/23|2024-01-01 00:00:00||0.2|0.00|0.7178|1.0613599999999996|0.9969424999999998|0.8895799999999998|0.3656|0.6387199999999997|0.5875099999999998|0.5021599999999997|0.00||0.00|0.00|0.00|0.00|0.00|0.00|0.00|0.00|0.00|0.00|0.00|0.00|0.00|0.00|0.00|0.00|0.00|||||Anexo_5_Autopeças_1.xlsx|AutoPecas
01|86.0|01.086.00|96138000|Acendedores|DECRETO ICMS/PB Nº 39.158|2019-05-07 00:00:00|2023-12-31 00:00:00|0.18|0.00|0.7178|1.011082926829268|0.9482365853658534|0.843492682926829|0.3656|0.5987512195121949|0.5487902439024386|0.4655219512195119|0.00||0.00|0.00|0.00|0.00|0.00|0.00|0.00|0.00|0.00|0.00|0.00|0.00|0.00|0.00|0.00|0.00|0.00|||||Anexo_5_Autopeças_1.xlsx|AutoPecas
01|86.0|01.086.00|96138000|Acendedores|DECRETO ICMS/PB Nº 44.681/23|2024-01-01 00:00:00||0.2|0.00|0.7178|1.0613599999999996|0.9969424999999998|0.8895799999999998|0.3656|0.6387199999999997|0.5875099999999998|0.5021599999999997|0.00||0.00|0.00|0.00|0.00|0.00|0.00|0.00|0.00|0.00|0.00|0.00|0.00|0.00|0.00|0.00|0.00|0.00|||||Anexo_5_Autopeças_1.xlsx|AutoPecas
01|87.0|01.087.00|4009|Tubos de borracha vulcanizada não endurecida, mesmo providos de seus acessórios|DECRETO ICMS/PB Nº 39.158|2019-05-07 00:00:00|2023-12-31 00:00:00|0.18|0.00|0.7178|1.011082926829268|0.9482365853658534|0.843492682926829|0.3656|0.5987512195121949|0.5487902439024386|0.4655219512195119|0.00||0.00|0.00|0.00|0.00|0.00|0.00|0.00|0.00|0.00|0.00|0.00|0.00|0.00|0.00|0.00|0.00|0.00|||||Anexo_5_Autopeças_1.xlsx|AutoPecas
01|87.0|01.087.00|4009|Tubos de borracha vulcanizada não endurecida, mesmo providos de seus acessórios|DECRETO ICMS/PB Nº 44.681/23|2024-01-01 00:00:00||0.2|0.00|0.7178|1.0613599999999996|0.9969424999999998|0.8895799999999998|0.3656|0.6387199999999997|0.5875099999999998|0.5021599999999997|0.00||0.00|0.00|0.00|0.00|0.00|0.00|0.00|0.00|0.00|0.00|0.00|0.00|0.00|0.00|0.00|0.00|0.00|||||Anexo_5_Autopeças_1.xlsx|AutoPecas
01|88.0|01.088.00|45049000|Juntas de vedação de cortiça natural e de amianto|DECRETO ICMS/PB Nº 39.158|2019-05-07 00:00:00|2023-12-31 00:00:00|0.18|0.00|0.7178|1.011082926829268|0.9482365853658534|0.843492682926829|0.3656|0.5987512195121949|0.5487902439024386|0.4655219512195119|0.00||0.00|0.00|0.00|0.00|0.00|0.00|0.00|0.00|0.00|0.00|0.00|0.00|0.00|0.00|0.00|0.00|0.00|||||Anexo_5_Autopeças_1.xlsx|AutoPecas
01|88.0|01.088.00|45049000|Juntas de vedação de cortiça natural e de amianto|DECRETO ICMS/PB Nº 44.681/23|2024-01-01 00:00:00||0.2|0.00|0.7178|1.0613599999999996|0.9969424999999998|0.8895799999999998|0.3656|0.6387199999999997|0.5875099999999998|0.5021599999999997|0.00||0.00|0.00|0.00|0.00|0.00|0.00|0.00|0.00|0.00|0.00|0.00|0.00|0.00|0.00|0.00|0.00|0.00|||||Anexo_5_Autopeças_1.xlsx|AutoPecas
01|88.0|01.088.00|68129910|Juntas de vedação de cortiça natural e de amianto|DECRETO ICMS/PB Nº 39.158|2019-05-07 00:00:00|2023-12-31 00:00:00|0.18|0.00|0.7178|1.011082926829268|0.9482365853658534|0.843492682926829|0.3656|0.5987512195121949|0.5487902439024386|0.4655219512195119|0.00||0.00|0.00|0.00|0.00|0.00|0.00|0.00|0.00|0.00|0.00|0.00|0.00|0.00|0.00|0.00|0.00|0.00|||||Anexo_5_Autopeças_1.xlsx|AutoPecas
01|88.0|01.088.00|68129910|Juntas de vedação de cortiça natural e de amianto|DECRETO ICMS/PB Nº 44.681/23|2024-01-01 00:00:00||0.2|0.00|0.7178|1.0613599999999996|0.9969424999999998|0.8895799999999998|0.3656|0.6387199999999997|0.5875099999999998|0.5021599999999997|0.00||0.00|0.00|0.00|0.00|0.00|0.00|0.00|0.00|0.00|0.00|0.00|0.00|0.00|0.00|0.00|0.00|0.00|||||Anexo_5_Autopeças_1.xlsx|AutoPecas
01|89.0|01.089.00|48234000|Papel-diagrama para tacógrafo, em disco|DECRETO ICMS/PB Nº 39.158|2019-05-07 00:00:00|2023-12-31 00:00:00|0.18|0.00|0.7178|1.011082926829268|0.9482365853658534|0.843492682926829|0.3656|0.5987512195121949|0.5487902439024386|0.4655219512195119|0.00||0.00|0.00|0.00|0.00|0.00|0.00|0.00|0.00|0.00|0.00|0.00|0.00|0.00|0.00|0.00|0.00|0.00|||||Anexo_5_Autopeças_1.xlsx|AutoPecas
01|89.0|01.089.00|48234000|Papel-diagrama para tacógrafo, em disco|DECRETO ICMS/PB Nº 44.681/23|2024-01-01 00:00:00||0.2|0.00|0.7178|1.0613599999999996|0.9969424999999998|0.8895799999999998|0.3656|0.6387199999999997|0.5875099999999998|0.5021599999999997|0.00||0.00|0.00|0.00|0.00|0.00|0.00|0.00|0.00|0.00|0.00|0.00|0.00|0.00|0.00|0.00|0.00|0.00|||||Anexo_5_Autopeças_1.xlsx|AutoPecas
01|90.0|01.090.00|391910|Fitas, tiras, adesivos, autocolantes, de plástico, refletores, mesmo em rolos; placas metálicas com película de plástico refletora, próprias para colocação em carrocerias, para-choques de veículos de carga, motocicletas, ciclomotores, capacetes, bonés de agentes de trânsito e de condutores de veículos, atuando como dispositivos refletivos de segurança rodoviários|DECRETO 43.079/2022|2022-05-02 00:00:00|2023-12-31 00:00:00|0.18|0.00|0.7178|1.011082926829268|0.9482365853658534|0.843492682926829|0.3656|0.5987512195121949|0.5487902439024386|0.4655219512195119|0.00||0.00|0.00|0.00|0.00|0.00|0.00|0.00|0.00|0.00|0.00|0.00|0.00|0.00|0.00|0.00|0.00|0.00|||||Anexo_5_Autopeças_1.xlsx|AutoPecas
01|90.0|01.090.00|391910|Fitas, tiras, adesivos, autocolantes, de plástico, refletores, mesmo em rolos; placas metálicas com película de plástico refletora, próprias para colocação em carrocerias, para-choques de veículos de carga, motocicletas, ciclomotores, capacetes, bonés de agentes de trânsito e de condutores de veículos, atuando como dispositivos refletivos de segurança rodoviários|DECRETO ICMS/PB Nº 44.681/23|2024-01-01 00:00:00||0.2|0.00|0.7178|1.0613599999999996|0.9969424999999998|0.8895799999999998|0.3656|0.6387199999999997|0.5875099999999998|0.5021599999999997|0.00||0.00|0.00|0.00|0.00|0.00|0.00|0.00|0.00|0.00|0.00|0.00|0.00|0.00|0.00|0.00|0.00|0.00|||||Anexo_5_Autopeças_1.xlsx|AutoPecas
01|90.0|01.090.00|391990|Fitas, tiras, adesivos, autocolantes, de plástico, refletores, mesmo em rolos; placas metálicas com película de plástico refletora, próprias para colocação em carrocerias, para-choques de veículos de carga, motocicletas, ciclomotores, capacetes, bonés de agentes de trânsito e de condutores de veículos, atuando como dispositivos refletivos de segurança rodoviários|DECRETO 43.079/2022|2022-05-02 00:00:00|2023-12-31 00:00:00|0.18|0.00|0.7178|1.011082926829268|0.9482365853658534|0.843492682926829|0.3656|0.5987512195121949|0.5487902439024386|0.4655219512195119|0.00||0.00|0.00|0.00|0.00|0.00|0.00|0.00|0.00|0.00|0.00|0.00|0.00|0.00|0.00|0.00|0.00|0.00|||||Anexo_5_Autopeças_1.xlsx|AutoPecas
01|90.0|01.090.00|391990|Fitas, tiras, adesivos, autocolantes, de plástico, refletores, mesmo em rolos; placas metálicas com película de plástico refletora, próprias para colocação em carrocerias, para-choques de veículos de carga, motocicletas, ciclomotores, capacetes, bonés de agentes de trânsito e de condutores de veículos, atuando como dispositivos refletivos de segurança rodoviários|DECRETO ICMS/PB Nº 44.681/23|2024-01-01 00:00:00||0.2|0.00|0.7178|1.0613599999999996|0.9969424999999998|0.8895799999999998|0.3656|0.6387199999999997|0.5875099999999998|0.5021599999999997|0.00||0.00|0.00|0.00|0.00|0.00|0.00|0.00|0.00|0.00|0.00|0.00|0.00|0.00|0.00|0.00|0.00|0.00|||||Anexo_5_Autopeças_1.xlsx|AutoPecas
01|90.0|01.090.00|39191000|Fitas, tiras, adesivos, autocolantes, de plástico, refletores, mesmo em rolos; placas metálicas com película de plástico refletora, próprias para colocação em carrocerias, para-choques de veículos de carga, motocicletas, ciclomotores, capacetes, bonés de agentes de trânsito e de condutores de veículos, atuando como dispositivos refletivos de segurança rodoviários|DECRETO ICMS/PB Nº 39.158//DECRETO 43.079/2022|2019-05-07 00:00:00|2022-05-01 00:00:00|0.18|0.00|0.7178|1.011082926829268|0.9482365853658534|0.843492682926829|0.3656|0.5987512195121949|0.5487902439024386|0.4655219512195119|0.00||0.00|0.00|0.00|0.00|0.00|0.00|0.00|0.00|0.00|0.00|0.00|0.00|0.00|0.00|0.00|0.00|0.00|||||Anexo_5_Autopeças_1.xlsx|AutoPecas
01|90.0|01.090.00|39199000|Fitas, tiras, adesivos, autocolantes, de plástico, refletores, mesmo em rolos; placas metálicas com película de plástico refletora, próprias para colocação em carrocerias, para-choques de veículos de carga, motocicletas, ciclomotores, capacetes, bonés de agentes de trânsito e de condutores de veículos, atuando como dispositivos refletivos de segurança rodoviários|DECRETO ICMS/PB Nº 39.158//DECRETO 43.079/2022|2019-05-07 00:00:00|2022-05-01 00:00:00|0.18|0.00|0.7178|1.011082926829268|0.9482365853658534|0.843492682926829|0.3656|0.5987512195121949|0.5487902439024386|0.4655219512195119|0.00||0.00|0.00|0.00|0.00|0.00|0.00|0.00|0.00|0.00|0.00|0.00|0.00|0.00|0.00|0.00|0.00|0.00|||||Anexo_5_Autopeças_1.xlsx|AutoPecas
01|90.0|01.090.00|87082999|Fitas, tiras, adesivos, autocolantes, de plástico, refletores, mesmo em rolos; placas metálicas com película de plástico refletora, próprias para colocação em carrocerias, para-choques de veículos de carga, motocicletas, ciclomotores, capacetes, bonés de agentes de trânsito e de condutores de veículos, atuando como dispositivos refletivos de segurança rodoviários|DECRETO ICMS/PB Nº 39.158//DECRETO 43.079/2022|2019-05-07 00:00:00|2022-05-01 00:00:00|0.18|0.00|0.7178|1.011082926829268|0.9482365853658534|0.843492682926829|0.3656|0.5987512195121949|0.5487902439024386|0.4655219512195119|0.00||0.00|0.00|0.00|0.00|0.00|0.00|0.00|0.00|0.00|0.00|0.00|0.00|0.00|0.00|0.00|0.00|0.00|||||Anexo_5_Autopeças_1.xlsx|AutoPecas
01|90.0|01.090.00|87082999|Fitas, tiras, adesivos, autocolantes, de plástico, refletores, mesmo em rolos; placas metálicas com película de plástico refletora, próprias para colocação em carrocerias, para-choques de veículos de carga, motocicletas, ciclomotores, capacetes, bonés de agentes de trânsito e de condutores de veículos, atuando como dispositivos refletivos de segurança rodoviários|DECRETO 43.079/2022|2022-05-02 00:00:00|2023-12-31 00:00:00|0.18|0.00|0.7178|1.011082926829268|0.9482365853658534|0.843492682926829|0.3656|0.5987512195121949|0.5487902439024386|0.4655219512195119|0.00||0.00|0.00|0.00|0.00|0.00|0.00|0.00|0.00|0.00|0.00|0.00|0.00|0.00|0.00|0.00|0.00|0.00|||||Anexo_5_Autopeças_1.xlsx|AutoPecas
01|90.0|01.090.00|87082999|Fitas, tiras, adesivos, autocolantes, de plástico, refletores, mesmo em rolos; placas metálicas com película de plástico refletora, próprias para colocação em carrocerias, para-choques de veículos de carga, motocicletas, ciclomotores, capacetes, bonés de agentes de trânsito e de condutores de veículos, atuando como dispositivos refletivos de segurança rodoviários|DECRETO ICMS/PB Nº 44.681/23|2024-01-01 00:00:00||0.2|0.00|0.7178|1.0613599999999996|0.9969424999999998|0.8895799999999998|0.3656|0.6387199999999997|0.5875099999999998|0.5021599999999997|0.00||0.00|0.00|0.00|0.00|0.00|0.00|0.00|0.00|0.00|0.00|0.00|0.00|0.00|0.00|0.00|0.00|0.00|||||Anexo_5_Autopeças_1.xlsx|AutoPecas
01|91.0|01.091.00|84123110|Cilindros pneumáticos|DECRETO ICMS/PB Nº 39.158|2019-05-07 00:00:00|2023-12-31 00:00:00|0.18|0.00|0.7178|1.011082926829268|0.9482365853658534|0.843492682926829|0.3656|0.5987512195121949|0.5487902439024386|0.4655219512195119|0.00||0.00|0.00|0.00|0.00|0.00|0.00|0.00|0.00|0.00|0.00|0.00|0.00|0.00|0.00|0.00|0.00|0.00|||||Anexo_5_Autopeças_1.xlsx|AutoPecas
01|91.0|01.091.00|84123110|Cilindros pneumáticos|DECRETO ICMS/PB Nº 44.681/23|2024-01-01 00:00:00||0.2|0.00|0.7178|1.0613599999999996|0.9969424999999998|0.8895799999999998|0.3656|0.6387199999999997|0.5875099999999998|0.5021599999999997|0.00||0.00|0.00|0.00|0.00|0.00|0.00|0.00|0.00|0.00|0.00|0.00|0.00|0.00|0.00|0.00|0.00|0.00|||||Anexo_5_Autopeças_1.xlsx|AutoPecas
01|92.0|01.092.00|84131900|Bomba elétrica de lavador de para-brisa|DECRETO ICMS/PB Nº 39.158|2019-05-07 00:00:00|2023-12-31 00:00:00|0.18|0.00|0.7178|1.011082926829268|0.9482365853658534|0.843492682926829|0.3656|0.5987512195121949|0.5487902439024386|0.4655219512195119|0.00||0.00|0.00|0.00|0.00|0.00|0.00|0.00|0.00|0.00|0.00|0.00|0.00|0.00|0.00|0.00|0.00|0.00|||||Anexo_5_Autopeças_1.xlsx|AutoPecas
01|92.0|01.092.00|84131900|Bomba elétrica de lavador de para-brisa|DECRETO ICMS/PB Nº 44.681/23|2024-01-01 00:00:00||0.2|0.00|0.7178|1.0613599999999996|0.9969424999999998|0.8895799999999998|0.3656|0.6387199999999997|0.5875099999999998|0.5021599999999997|0.00||0.00|0.00|0.00|0.00|0.00|0.00|0.00|0.00|0.00|0.00|0.00|0.00|0.00|0.00|0.00|0.00|0.00|||||Anexo_5_Autopeças_1.xlsx|AutoPecas
01|92.0|01.092.00|84135090|Bomba elétrica de lavador de para-brisa|DECRETO ICMS/PB Nº 39.158|2019-05-07 00:00:00|2023-12-31 00:00:00|0.18|0.00|0.7178|1.011082926829268|0.9482365853658534|0.843492682926829|0.3656|0.5987512195121949|0.5487902439024386|0.4655219512195119|0.00||0.00|0.00|0.00|0.00|0.00|0.00|0.00|0.00|0.00|0.00|0.00|0.00|0.00|0.00|0.00|0.00|0.00|||||Anexo_5_Autopeças_1.xlsx|AutoPecas
01|92.0|01.092.00|84135090|Bomba elétrica de lavador de para-brisa|DECRETO ICMS/PB Nº 44.681/23|2024-01-01 00:00:00||0.2|0.00|0.7178|1.0613599999999996|0.9969424999999998|0.8895799999999998|0.3656|0.6387199999999997|0.5875099999999998|0.5021599999999997|0.00||0.00|0.00|0.00|0.00|0.00|0.00|0.00|0.00|0.00|0.00|0.00|0.00|0.00|0.00|0.00|0.00|0.00|||||Anexo_5_Autopeças_1.xlsx|AutoPecas
01|92.0|01.092.00|84138100|Bomba elétrica de lavador de para-brisa|DECRETO ICMS/PB Nº 39.158|2019-05-07 00:00:00|2023-12-31 00:00:00|0.18|0.00|0.7178|1.011082926829268|0.9482365853658534|0.843492682926829|0.3656|0.5987512195121949|0.5487902439024386|0.4655219512195119|0.00||0.00|0.00|0.00|0.00|0.00|0.00|0.00|0.00|0.00|0.00|0.00|0.00|0.00|0.00|0.00|0.00|0.00|||||Anexo_5_Autopeças_1.xlsx|AutoPecas
01|92.0|01.092.00|84138100|Bomba elétrica de lavador de para-brisa|DECRETO ICMS/PB Nº 44.681/23|2024-01-01 00:00:00||0.2|0.00|0.7178|1.0613599999999996|0.9969424999999998|0.8895799999999998|0.3656|0.6387199999999997|0.5875099999999998|0.5021599999999997|0.00||0.00|0.00|0.00|0.00|0.00|0.00|0.00|0.00|0.00|0.00|0.00|0.00|0.00|0.00|0.00|0.00|0.00|||||Anexo_5_Autopeças_1.xlsx|AutoPecas
01|93.0|01.093.00|84136019|Bomba de assistência de direção hidráulica|DECRETO ICMS/PB Nº 39.158|2019-05-07 00:00:00|2023-12-31 00:00:00|0.18|0.00|0.7178|1.011082926829268|0.9482365853658534|0.843492682926829|0.3656|0.5987512195121949|0.5487902439024386|0.4655219512195119|0.00||0.00|0.00|0.00|0.00|0.00|0.00|0.00|0.00|0.00|0.00|0.00|0.00|0.00|0.00|0.00|0.00|0.00|||||Anexo_5_Autopeças_1.xlsx|AutoPecas
01|93.0|01.093.00|84136019|Bomba de assistência de direção hidráulica|DECRETO ICMS/PB Nº 44.681/23|2024-01-01 00:00:00||0.2|0.00|0.7178|1.0613599999999996|0.9969424999999998|0.8895799999999998|0.3656|0.6387199999999997|0.5875099999999998|0.5021599999999997|0.00||0.00|0.00|0.00|0.00|0.00|0.00|0.00|0.00|0.00|0.00|0.00|0.00|0.00|0.00|0.00|0.00|0.00|||||Anexo_5_Autopeças_1.xlsx|AutoPecas
01|93.0|01.093.00|84137010|Bomba de assistência de direção hidráulica|DECRETO ICMS/PB Nº 39.158|2019-05-07 00:00:00|2023-12-31 00:00:00|0.18|0.00|0.7178|1.011082926829268|0.9482365853658534|0.843492682926829|0.3656|0.5987512195121949|0.5487902439024386|0.4655219512195119|0.00||0.00|0.00|0.00|0.00|0.00|0.00|0.00|0.00|0.00|0.00|0.00|0.00|0.00|0.00|0.00|0.00|0.00|||||Anexo_5_Autopeças_1.xlsx|AutoPecas
01|93.0|01.093.00|84137010|Bomba de assistência de direção hidráulica|DECRETO ICMS/PB Nº 44.681/23|2024-01-01 00:00:00||0.2|0.00|0.7178|1.0613599999999996|0.9969424999999998|0.8895799999999998|0.3656|0.6387199999999997|0.5875099999999998|0.5021599999999997|0.00||0.00|0.00|0.00|0.00|0.00|0.00|0.00|0.00|0.00|0.00|0.00|0.00|0.00|0.00|0.00|0.00|0.00|||||Anexo_5_Autopeças_1.xlsx|AutoPecas
01|94.0|01.094.00|84145910|Motoventiladores|DECRETO ICMS/PB Nº 39.158|2019-05-07 00:00:00|2023-12-31 00:00:00|0.18|0.00|0.7178|1.011082926829268|0.9482365853658534|0.843492682926829|0.3656|0.5987512195121949|0.5487902439024386|0.4655219512195119|0.00||0.00|0.00|0.00|0.00|0.00|0.00|0.00|0.00|0.00|0.00|0.00|0.00|0.00|0.00|0.00|0.00|0.00|||||Anexo_5_Autopeças_1.xlsx|AutoPecas
01|94.0|01.094.00|84145910|Motoventiladores|DECRETO ICMS/PB Nº 44.681/23|2024-01-01 00:00:00||0.2|0.00|0.7178|1.0613599999999996|0.9969424999999998|0.8895799999999998|0.3656|0.6387199999999997|0.5875099999999998|0.5021599999999997|0.00||0.00|0.00|0.00|0.00|0.00|0.00|0.00|0.00|0.00|0.00|0.00|0.00|0.00|0.00|0.00|0.00|0.00|||||Anexo_5_Autopeças_1.xlsx|AutoPecas
01|94.0|01.094.00|84145990|Motoventiladores|DECRETO ICMS/PB Nº 39.158|2019-05-07 00:00:00|2023-12-31 00:00:00|0.18|0.00|0.7178|1.011082926829268|0.9482365853658534|0.843492682926829|0.3656|0.5987512195121949|0.5487902439024386|0.4655219512195119|0.00||0.00|0.00|0.00|0.00|0.00|0.00|0.00|0.00|0.00|0.00|0.00|0.00|0.00|0.00|0.00|0.00|0.00|||||Anexo_5_Autopeças_1.xlsx|AutoPecas
01|94.0|01.094.00|84145990|Motoventiladores|DECRETO ICMS/PB Nº 44.681/23|2024-01-01 00:00:00||0.2|0.00|0.7178|1.0613599999999996|0.9969424999999998|0.8895799999999998|0.3656|0.6387199999999997|0.5875099999999998|0.5021599999999997|0.00||0.00|0.00|0.00|0.00|0.00|0.00|0.00|0.00|0.00|0.00|0.00|0.00|0.00|0.00|0.00|0.00|0.00|||||Anexo_5_Autopeças_1.xlsx|AutoPecas
01|95.0|01.095.00|84213990|Filtros de pólen do ar-condicionado|DECRETO ICMS/PB Nº 39.158|2019-05-07 00:00:00|2023-12-31 00:00:00|0.18|0.00|0.7178|1.011082926829268|0.9482365853658534|0.843492682926829|0.3656|0.5987512195121949|0.5487902439024386|0.4655219512195119|0.00||0.00|0.00|0.00|0.00|0.00|0.00|0.00|0.00|0.00|0.00|0.00|0.00|0.00|0.00|0.00|0.00|0.00|||||Anexo_5_Autopeças_1.xlsx|AutoPecas
01|95.0|01.095.00|84213990|Filtros de pólen do ar-condicionado|DECRETO ICMS/PB Nº 44.681/23|2024-01-01 00:00:00||0.2|0.00|0.7178|1.0613599999999996|0.9969424999999998|0.8895799999999998|0.3656|0.6387199999999997|0.5875099999999998|0.5021599999999997|0.00||0.00|0.00|0.00|0.00|0.00|0.00|0.00|0.00|0.00|0.00|0.00|0.00|0.00|0.00|0.00|0.00|0.00|||||Anexo_5_Autopeças_1.xlsx|AutoPecas
01|96.0|01.096.00|85011019|“Máquina” de vidro elétrico de porta|DECRETO ICMS/PB Nº 39.158|2019-05-07 00:00:00|2023-12-31 00:00:00|0.18|0.00|0.7178|1.011082926829268|0.9482365853658534|0.843492682926829|0.3656|0.5987512195121949|0.5487902439024386|0.4655219512195119|0.00||0.00|0.00|0.00|0.00|0.00|0.00|0.00|0.00|0.00|0.00|0.00|0.00|0.00|0.00|0.00|0.00|0.00|||||Anexo_5_Autopeças_1.xlsx|AutoPecas
01|96.0|01.096.00|85011019|“Máquina” de vidro elétrico de porta|DECRETO ICMS/PB Nº 44.681/23|2024-01-01 00:00:00||0.2|0.00|0.7178|1.0613599999999996|0.9969424999999998|0.8895799999999998|0.3656|0.6387199999999997|0.5875099999999998|0.5021599999999997|0.00||0.00|0.00|0.00|0.00|0.00|0.00|0.00|0.00|0.00|0.00|0.00|0.00|0.00|0.00|0.00|0.00|0.00|||||Anexo_5_Autopeças_1.xlsx|AutoPecas
01|97.0|01.097.00|85013110|Motor de limpador de para-brisa|DECRETO ICMS/PB Nº 39.158|2019-05-07 00:00:00|2023-12-31 00:00:00|0.18|0.00|0.7178|1.011082926829268|0.9482365853658534|0.843492682926829|0.3656|0.5987512195121949|0.5487902439024386|0.4655219512195119|0.00||0.00|0.00|0.00|0.00|0.00|0.00|0.00|0.00|0.00|0.00|0.00|0.00|0.00|0.00|0.00|0.00|0.00|||||Anexo_5_Autopeças_1.xlsx|AutoPecas
01|97.0|01.097.00|85013110|Motor de limpador de para-brisa|DECRETO ICMS/PB Nº 44.681/23|2024-01-01 00:00:00||0.2|0.00|0.7178|1.0613599999999996|0.9969424999999998|0.8895799999999998|0.3656|0.6387199999999997|0.5875099999999998|0.5021599999999997|0.00||0.00|0.00|0.00|0.00|0.00|0.00|0.00|0.00|0.00|0.00|0.00|0.00|0.00|0.00|0.00|0.00|0.00|||||Anexo_5_Autopeças_1.xlsx|AutoPecas
01|98.0|01.098.00|85045000|Bobinas de reatância e de autoindução|DECRETO ICMS/PB Nº 39.158|2019-05-07 00:00:00|2023-12-31 00:00:00|0.18|0.00|0.7178|1.011082926829268|0.9482365853658534|0.843492682926829|0.3656|0.5987512195121949|0.5487902439024386|0.4655219512195119|0.00||0.00|0.00|0.00|0.00|0.00|0.00|0.00|0.00|0.00|0.00|0.00|0.00|0.00|0.00|0.00|0.00|0.00|||||Anexo_5_Autopeças_1.xlsx|AutoPecas
01|98.0|01.098.00|85045000|Bobinas de reatância e de autoindução|DECRETO ICMS/PB Nº 44.681/23|2024-01-01 00:00:00||0.2|0.00|0.7178|1.0613599999999996|0.9969424999999998|0.8895799999999998|0.3656|0.6387199999999997|0.5875099999999998|0.5021599999999997|0.00||0.00|0.00|0.00|0.00|0.00|0.00|0.00|0.00|0.00|0.00|0.00|0.00|0.00|0.00|0.00|0.00|0.00|||||Anexo_5_Autopeças_1.xlsx|AutoPecas
01|99.0|01.099.00|850720|Baterias de chumbo e de níquel-cádmio|DECRETO ICMS/PB Nº 39.158|2019-05-07 00:00:00|2023-12-31 00:00:00|0.18|0.00|0.7178|1.011082926829268|0.9482365853658534|0.843492682926829|0.3656|0.5987512195121949|0.5487902439024386|0.4655219512195119|0.00||0.00|0.00|0.00|0.00|0.00|0.00|0.00|0.00|0.00|0.00|0.00|0.00|0.00|0.00|0.00|0.00|0.00|||||Anexo_5_Autopeças_1.xlsx|AutoPecas
01|99.0|01.099.00|850720|Baterias de chumbo e de níquel-cádmio|DECRETO ICMS/PB Nº 44.681/23|2024-01-01 00:00:00||0.2|0.00|0.7178|1.0613599999999996|0.9969424999999998|0.8895799999999998|0.3656|0.6387199999999997|0.5875099999999998|0.5021599999999997|0.00||0.00|0.00|0.00|0.00|0.00|0.00|0.00|0.00|0.00|0.00|0.00|0.00|0.00|0.00|0.00|0.00|0.00|||||Anexo_5_Autopeças_1.xlsx|AutoPecas
01|99.0|01.099.00|850730|Baterias de chumbo e de níquel-cádmio|DECRETO ICMS/PB Nº 39.158|2019-05-07 00:00:00|2023-12-31 00:00:00|0.18|0.00|0.7178|1.011082926829268|0.9482365853658534|0.843492682926829|0.3656|0.5987512195121949|0.5487902439024386|0.4655219512195119|0.00||0.00|0.00|0.00|0.00|0.00|0.00|0.00|0.00|0.00|0.00|0.00|0.00|0.00|0.00|0.00|0.00|0.00|||||Anexo_5_Autopeças_1.xlsx|AutoPecas
01|99.0|01.099.00|850730|Baterias de chumbo e de níquel-cádmio|DECRETO ICMS/PB Nº 44.681/23|2024-01-01 00:00:00||0.2|0.00|0.7178|1.0613599999999996|0.9969424999999998|0.8895799999999998|0.3656|0.6387199999999997|0.5875099999999998|0.5021599999999997|0.00||0.00|0.00|0.00|0.00|0.00|0.00|0.00|0.00|0.00|0.00|0.00|0.00|0.00|0.00|0.00|0.00|0.00|||||Anexo_5_Autopeças_1.xlsx|AutoPecas
01|100.0|01.100.00|85123000|Aparelhos de sinalização acústica (buzina)|DECRETO ICMS/PB Nº 39.158|2019-05-07 00:00:00|2023-12-31 00:00:00|0.18|0.00|0.7178|1.011082926829268|0.9482365853658534|0.843492682926829|0.3656|0.5987512195121949|0.5487902439024386|0.4655219512195119|0.00||0.00|0.00|0.00|0.00|0.00|0.00|0.00|0.00|0.00|0.00|0.00|0.00|0.00|0.00|0.00|0.00|0.00|||||Anexo_5_Autopeças_1.xlsx|AutoPecas
01|100.0|01.100.00|85123000|Aparelhos de sinalização acústica (buzina)|DECRETO ICMS/PB Nº 44.681/23|2024-01-01 00:00:00||0.2|0.00|0.7178|1.0613599999999996|0.9969424999999998|0.8895799999999998|0.3656|0.6387199999999997|0.5875099999999998|0.5021599999999997|0.00||0.00|0.00|0.00|0.00|0.00|0.00|0.00|0.00|0.00|0.00|0.00|0.00|0.00|0.00|0.00|0.00|0.00|||||Anexo_5_Autopeças_1.xlsx|AutoPecas
01|101.0|01.101.00|9032898|Instrumentos para regulação de grandezas não elétricas|DECRETO ICMS/PB Nº 39.158|2019-05-07 00:00:00|2023-12-31 00:00:00|0.18|0.00|0.7178|1.011082926829268|0.9482365853658534|0.843492682926829|0.3656|0.5987512195121949|0.5487902439024386|0.4655219512195119|0.00||0.00|0.00|0.00|0.00|0.00|0.00|0.00|0.00|0.00|0.00|0.00|0.00|0.00|0.00|0.00|0.00|0.00|||||Anexo_5_Autopeças_1.xlsx|AutoPecas
01|101.0|01.101.00|9032898|Instrumentos para regulação de grandezas não elétricas|DECRETO ICMS/PB Nº 44.681/23|2024-01-01 00:00:00||0.2|0.00|0.7178|1.0613599999999996|0.9969424999999998|0.8895799999999998|0.3656|0.6387199999999997|0.5875099999999998|0.5021599999999997|0.00||0.00|0.00|0.00|0.00|0.00|0.00|0.00|0.00|0.00|0.00|0.00|0.00|0.00|0.00|0.00|0.00|0.00|||||Anexo_5_Autopeças_1.xlsx|AutoPecas
01|101.0|01.101.00|9032899|Instrumentos para regulação de grandezas não elétricas|DECRETO ICMS/PB Nº 39.158|2019-05-07 00:00:00|2023-12-31 00:00:00|0.18|0.00|0.7178|1.011082926829268|0.9482365853658534|0.843492682926829|0.3656|0.5987512195121949|0.5487902439024386|0.4655219512195119|0.00||0.00|0.00|0.00|0.00|0.00|0.00|0.00|0.00|0.00|0.00|0.00|0.00|0.00|0.00|0.00|0.00|0.00|||||Anexo_5_Autopeças_1.xlsx|AutoPecas
01|101.0|01.101.00|9032899|Instrumentos para regulação de grandezas não elétricas|DECRETO ICMS/PB Nº 44.681/23|2024-01-01 00:00:00||0.2|0.00|0.7178|1.0613599999999996|0.9969424999999998|0.8895799999999998|0.3656|0.6387199999999997|0.5875099999999998|0.5021599999999997|0.00||0.00|0.00|0.00|0.00|0.00|0.00|0.00|0.00|0.00|0.00|0.00|0.00|0.00|0.00|0.00|0.00|0.00|||||Anexo_5_Autopeças_1.xlsx|AutoPecas
01|102.0|01.102.00|90271000|Analisadores de gases ou de fumaça (sonda lambda)|DECRETO ICMS/PB Nº 39.158|2019-05-07 00:00:00|2023-12-31 00:00:00|0.18|0.00|0.7178|1.011082926829268|0.9482365853658534|0.843492682926829|0.3656|0.5987512195121949|0.5487902439024386|0.4655219512195119|0.00||0.00|0.00|0.00|0.00|0.00|0.00|0.00|0.00|0.00|0.00|0.00|0.00|0.00|0.00|0.00|0.00|0.00|||||Anexo_5_Autopeças_1.xlsx|AutoPecas
01|102.0|01.102.00|90271000|Analisadores de gases ou de fumaça (sonda lambda)|DECRETO ICMS/PB Nº 44.681/23|2024-01-01 00:00:00||0.2|0.00|0.7178|1.0613599999999996|0.9969424999999998|0.8895799999999998|0.3656|0.6387199999999997|0.5875099999999998|0.5021599999999997|0.00||0.00|0.00|0.00|0.00|0.00|0.00|0.00|0.00|0.00|0.00|0.00|0.00|0.00|0.00|0.00|0.00|0.00|||||Anexo_5_Autopeças_1.xlsx|AutoPecas
01|103.0|01.103.00|40081100|Perfilados de borracha vulcanizada não endurecida|DECRETO ICMS/PB Nº 39.158|2019-05-07 00:00:00|2023-12-31 00:00:00|0.18|0.00|0.7178|1.011082926829268|0.9482365853658534|0.843492682926829|0.3656|0.5987512195121949|0.5487902439024386|0.4655219512195119|0.00||0.00|0.00|0.00|0.00|0.00|0.00|0.00|0.00|0.00|0.00|0.00|0.00|0.00|0.00|0.00|0.00|0.00|||||Anexo_5_Autopeças_1.xlsx|AutoPecas
01|103.0|01.103.00|40081100|Perfilados de borracha vulcanizada não endurecida|DECRETO ICMS/PB Nº 44.681/23|2024-01-01 00:00:00||0.2|0.00|0.7178|1.0613599999999996|0.9969424999999998|0.8895799999999998|0.3656|0.6387199999999997|0.5875099999999998|0.5021599999999997|0.00||0.00|0.00|0.00|0.00|0.00|0.00|0.00|0.00|0.00|0.00|0.00|0.00|0.00|0.00|0.00|0.00|0.00|||||Anexo_5_Autopeças_1.xlsx|AutoPecas
01|104.0|01.104.00|56012219|Artefatos de pasta de fibra de uso automotivo|DECRETO ICMS/PB Nº 39.158|2019-05-07 00:00:00|2023-12-31 00:00:00|0.18|0.00|0.7178|1.011082926829268|0.9482365853658534|0.843492682926829|0.3656|0.5987512195121949|0.5487902439024386|0.4655219512195119|0.00||0.00|0.00|0.00|0.00|0.00|0.00|0.00|0.00|0.00|0.00|0.00|0.00|0.00|0.00|0.00|0.00|0.00|||||Anexo_5_Autopeças_1.xlsx|AutoPecas
01|104.0|01.104.00|56012219|Artefatos de pasta de fibra de uso automotivo|DECRETO ICMS/PB Nº 44.681/23|2024-01-01 00:00:00||0.2|0.00|0.7178|1.0613599999999996|0.9969424999999998|0.8895799999999998|0.3656|0.6387199999999997|0.5875099999999998|0.5021599999999997|0.00||0.00|0.00|0.00|0.00|0.00|0.00|0.00|0.00|0.00|0.00|0.00|0.00|0.00|0.00|0.00|0.00|0.00|||||Anexo_5_Autopeças_1.xlsx|AutoPecas
01|105.0|01.105.00|57032000|Tapetes/carpetes - nailón|DECRETO ICMS/PB Nº 39.158//DECRETO 43.079/2022|2019-05-07 00:00:00|2022-05-01 00:00:00|0.18|0.00|0.7178|1.011082926829268|0.9482365853658534|0.843492682926829|0.3656|0.5987512195121949|0.5487902439024386|0.4655219512195119|0.00||0.00|0.00|0.00|0.00|0.00|0.00|0.00|0.00|0.00|0.00|0.00|0.00|0.00|0.00|0.00|0.00|0.00|||||Anexo_5_Autopeças_1.xlsx|AutoPecas
01|105.0|01.105.00|57032900|Tapetes/carpetes - nailón|DECRETO 43.079/2022|2022-05-02 00:00:00|2023-12-31 00:00:00|0.18|0.00|0.7178|1.011082926829268|0.9482365853658534|0.843492682926829|0.3656|0.5987512195121949|0.5487902439024386|0.4655219512195119|0.00||0.00|0.00|0.00|0.00|0.00|0.00|0.00|0.00|0.00|0.00|0.00|0.00|0.00|0.00|0.00|0.00|0.00|||||Anexo_5_Autopeças_1.xlsx|AutoPecas
01|105.0|01.105.00|57032900|Tapetes/carpetes - nailón|DECRETO ICMS/PB Nº 44.681/23|2024-01-01 00:00:00||0.2|0.00|0.7178|1.0613599999999996|0.9969424999999998|0.8895799999999998|0.3656|0.6387199999999997|0.5875099999999998|0.5021599999999997|0.00||0.00|0.00|0.00|0.00|0.00|0.00|0.00|0.00|0.00|0.00|0.00|0.00|0.00|0.00|0.00|0.00|0.00|||||Anexo_5_Autopeças_1.xlsx|AutoPecas
01|106.0|01.106.00|57033000|Tapetes de matérias têxteis sintéticas|DECRETO ICMS/PB Nº 39.158//DECRETO 43.079/2022|2019-05-07 00:00:00|2022-05-01 00:00:00|0.18|0.00|0.7178|1.011082926829268|0.9482365853658534|0.843492682926829|0.3656|0.5987512195121949|0.5487902439024386|0.4655219512195119|0.00||0.00|0.00|0.00|0.00|0.00|0.00|0.00|0.00|0.00|0.00|0.00|0.00|0.00|0.00|0.00|0.00|0.00|||||Anexo_5_Autopeças_1.xlsx|AutoPecas
01|106.0|01.106.00|57033900|Tapetes de matérias têxteis sintéticas|DECRETO 43.079/2022|2022-05-02 00:00:00|2023-12-31 00:00:00|0.18|0.00|0.7178|1.011082926829268|0.9482365853658534|0.843492682926829|0.3656|0.5987512195121949|0.5487902439024386|0.4655219512195119|0.00||0.00|0.00|0.00|0.00|0.00|0.00|0.00|0.00|0.00|0.00|0.00|0.00|0.00|0.00|0.00|0.00|0.00|||||Anexo_5_Autopeças_1.xlsx|AutoPecas
01|106.0|01.106.00|57033900|Tapetes de matérias têxteis sintéticas|DECRETO ICMS/PB Nº 44.681/23|2024-01-01 00:00:00||0.2|0.00|0.7178|1.0613599999999996|0.9969424999999998|0.8895799999999998|0.3656|0.6387199999999997|0.5875099999999998|0.5021599999999997|0.00||0.00|0.00|0.00|0.00|0.00|0.00|0.00|0.00|0.00|0.00|0.00|0.00|0.00|0.00|0.00|0.00|0.00|||||Anexo_5_Autopeças_1.xlsx|AutoPecas
01|107.0|01.107.00|59119000|Forração interior capacete|DECRETO ICMS/PB Nº 39.158|2019-05-07 00:00:00|2023-12-31 00:00:00|0.18|0.00|0.7178|1.011082926829268|0.9482365853658534|0.843492682926829|0.3656|0.5987512195121949|0.5487902439024386|0.4655219512195119|0.00||0.00|0.00|0.00|0.00|0.00|0.00|0.00|0.00|0.00|0.00|0.00|0.00|0.00|0.00|0.00|0.00|0.00|||||Anexo_5_Autopeças_1.xlsx|AutoPecas
01|107.0|01.107.00|59119000|Forração interior capacete|DECRETO ICMS/PB Nº 44.681/23|2024-01-01 00:00:00||0.2|0.00|0.7178|1.0613599999999996|0.9969424999999998|0.8895799999999998|0.3656|0.6387199999999997|0.5875099999999998|0.5021599999999997|0.00||0.00|0.00|0.00|0.00|0.00|0.00|0.00|0.00|0.00|0.00|0.00|0.00|0.00|0.00|0.00|0.00|0.00|||||Anexo_5_Autopeças_1.xlsx|AutoPecas
01|108.0|01.108.00|69039099|Outros para-brisas|DECRETO ICMS/PB Nº 39.158|2019-05-07 00:00:00|2023-12-31 00:00:00|0.18|0.00|0.7178|1.011082926829268|0.9482365853658534|0.843492682926829|0.3656|0.5987512195121949|0.5487902439024386|0.4655219512195119|0.00||0.00|0.00|0.00|0.00|0.00|0.00|0.00|0.00|0.00|0.00|0.00|0.00|0.00|0.00|0.00|0.00|0.00|||||Anexo_5_Autopeças_1.xlsx|AutoPecas
01|108.0|01.108.00|69039099|Outros para-brisas|DECRETO ICMS/PB Nº 44.681/23|2024-01-01 00:00:00||0.2|0.00|0.7178|1.0613599999999996|0.9969424999999998|0.8895799999999998|0.3656|0.6387199999999997|0.5875099999999998|0.5021599999999997|0.00||0.00|0.00|0.00|0.00|0.00|0.00|0.00|0.00|0.00|0.00|0.00|0.00|0.00|0.00|0.00|0.00|0.00|||||Anexo_5_Autopeças_1.xlsx|AutoPecas
01|109.0|01.109.00|70072900|Moldura com espelho|DECRETO ICMS/PB Nº 39.158|2019-05-07 00:00:00|2023-12-31 00:00:00|0.18|0.00|0.7178|1.011082926829268|0.9482365853658534|0.843492682926829|0.3656|0.5987512195121949|0.5487902439024386|0.4655219512195119|0.00||0.00|0.00|0.00|0.00|0.00|0.00|0.00|0.00|0.00|0.00|0.00|0.00|0.00|0.00|0.00|0.00|0.00|||||Anexo_5_Autopeças_1.xlsx|AutoPecas
01|109.0|01.109.00|70072900|Moldura com espelho|DECRETO ICMS/PB Nº 44.681/23|2024-01-01 00:00:00||0.2|0.00|0.7178|1.0613599999999996|0.9969424999999998|0.8895799999999998|0.3656|0.6387199999999997|0.5875099999999998|0.5021599999999997|0.00||0.00|0.00|0.00|0.00|0.00|0.00|0.00|0.00|0.00|0.00|0.00|0.00|0.00|0.00|0.00|0.00|0.00|||||Anexo_5_Autopeças_1.xlsx|AutoPecas
01|110.0|01.110.00|73145000|Corrente de transmissão|DECRETO ICMS/PB Nº 39.158|2019-05-07 00:00:00|2023-12-31 00:00:00|0.18|0.00|0.7178|1.011082926829268|0.9482365853658534|0.843492682926829|0.3656|0.5987512195121949|0.5487902439024386|0.4655219512195119|0.00||0.00|0.00|0.00|0.00|0.00|0.00|0.00|0.00|0.00|0.00|0.00|0.00|0.00|0.00|0.00|0.00|0.00|||||Anexo_5_Autopeças_1.xlsx|AutoPecas
01|110.0|01.110.00|73145000|Corrente de transmissão|DECRETO ICMS/PB Nº 44.681/23|2024-01-01 00:00:00||0.2|0.00|0.7178|1.0613599999999996|0.9969424999999998|0.8895799999999998|0.3656|0.6387199999999997|0.5875099999999998|0.5021599999999997|0.00||0.00|0.00|0.00|0.00|0.00|0.00|0.00|0.00|0.00|0.00|0.00|0.00|0.00|0.00|0.00|0.00|0.00|||||Anexo_5_Autopeças_1.xlsx|AutoPecas
01|111.0|01.111.00|73151100|Corrente transmissão|DECRETO ICMS/PB Nº 39.158|2019-05-07 00:00:00|2023-12-31 00:00:00|0.18|0.00|0.7178|1.011082926829268|0.9482365853658534|0.843492682926829|0.3656|0.5987512195121949|0.5487902439024386|0.4655219512195119|0.00||0.00|0.00|0.00|0.00|0.00|0.00|0.00|0.00|0.00|0.00|0.00|0.00|0.00|0.00|0.00|0.00|0.00|||||Anexo_5_Autopeças_1.xlsx|AutoPecas
01|111.0|01.111.00|73151100|Corrente transmissão|DECRETO ICMS/PB Nº 44.681/23|2024-01-01 00:00:00||0.2|0.00|0.7178|1.0613599999999996|0.9969424999999998|0.8895799999999998|0.3656|0.6387199999999997|0.5875099999999998|0.5021599999999997|0.00||0.00|0.00|0.00|0.00|0.00|0.00|0.00|0.00|0.00|0.00|0.00|0.00|0.00|0.00|0.00|0.00|0.00|||||Anexo_5_Autopeças_1.xlsx|AutoPecas
01|112.0|01.112.00|73151210|Outras correntes de transmissão|DECRETO ICMS/PB Nº 39.158|2019-05-07 00:00:00|2023-12-31 00:00:00|0.18|0.00|0.7178|1.011082926829268|0.9482365853658534|0.843492682926829|0.3656|0.5987512195121949|0.5487902439024386|0.4655219512195119|0.00||0.00|0.00|0.00|0.00|0.00|0.00|0.00|0.00|0.00|0.00|0.00|0.00|0.00|0.00|0.00|0.00|0.00|||||Anexo_5_Autopeças_1.xlsx|AutoPecas
01|112.0|01.112.00|73151210|Outras correntes de transmissão|DECRETO ICMS/PB Nº 44.681/23|2024-01-01 00:00:00||0.2|0.00|0.7178|1.0613599999999996|0.9969424999999998|0.8895799999999998|0.3656|0.6387199999999997|0.5875099999999998|0.5021599999999997|0.00||0.00|0.00|0.00|0.00|0.00|0.00|0.00|0.00|0.00|0.00|0.00|0.00|0.00|0.00|0.00|0.00|0.00|||||Anexo_5_Autopeças_1.xlsx|AutoPecas
01|113.0|01.113.00|84189900|Condensador tubular metálico|DECRETO ICMS/PB Nº 39.158|2019-05-07 00:00:00|2023-12-31 00:00:00|0.18|0.00|0.7178|1.011082926829268|0.9482365853658534|0.843492682926829|0.3656|0.5987512195121949|0.5487902439024386|0.4655219512195119|0.00||0.00|0.00|0.00|0.00|0.00|0.00|0.00|0.00|0.00|0.00|0.00|0.00|0.00|0.00|0.00|0.00|0.00|||||Anexo_5_Autopeças_1.xlsx|AutoPecas
01|113.0|01.113.00|84189900|Condensador tubular metálico|DECRETO ICMS/PB Nº 44.681/23|2024-01-01 00:00:00||0.2|0.00|0.7178|1.0613599999999996|0.9969424999999998|0.8895799999999998|0.3656|0.6387199999999997|0.5875099999999998|0.5021599999999997|0.00||0.00|0.00|0.00|0.00|0.00|0.00|0.00|0.00|0.00|0.00|0.00|0.00|0.00|0.00|0.00|0.00|0.00|||||Anexo_5_Autopeças_1.xlsx|AutoPecas
01|114.0|01.114.00|841950|Trocadores de calor|DECRETO ICMS/PB Nº 39.158|2019-05-07 00:00:00|2023-12-31 00:00:00|0.18|0.00|0.7178|1.011082926829268|0.9482365853658534|0.843492682926829|0.3656|0.5987512195121949|0.5487902439024386|0.4655219512195119|0.00||0.00|0.00|0.00|0.00|0.00|0.00|0.00|0.00|0.00|0.00|0.00|0.00|0.00|0.00|0.00|0.00|0.00|||||Anexo_5_Autopeças_1.xlsx|AutoPecas
01|114.0|01.114.00|841950|Trocadores de calor|DECRETO ICMS/PB Nº 44.681/23|2024-01-01 00:00:00||0.2|0.00|0.7178|1.0613599999999996|0.9969424999999998|0.8895799999999998|0.3656|0.6387199999999997|0.5875099999999998|0.5021599999999997|0.00||0.00|0.00|0.00|0.00|0.00|0.00|0.00|0.00|0.00|0.00|0.00|0.00|0.00|0.00|0.00|0.00|0.00|||||Anexo_5_Autopeças_1.xlsx|AutoPecas
01|115.0|01.115.00|84249090|Partes de aparelhos mecânicos de pulverizar ou dispersar|DECRETO ICMS/PB Nº 39.158|2019-05-07 00:00:00|2023-12-31 00:00:00|0.18|0.00|0.7178|1.011082926829268|0.9482365853658534|0.843492682926829|0.3656|0.5987512195121949|0.5487902439024386|0.4655219512195119|0.00||0.00|0.00|0.00|0.00|0.00|0.00|0.00|0.00|0.00|0.00|0.00|0.00|0.00|0.00|0.00|0.00|0.00|||||Anexo_5_Autopeças_1.xlsx|AutoPecas
01|115.0|01.115.00|84249090|Partes de aparelhos mecânicos de pulverizar ou dispersar|DECRETO ICMS/PB Nº 44.681/23|2024-01-01 00:00:00||0.2|0.00|0.7178|1.0613599999999996|0.9969424999999998|0.8895799999999998|0.3656|0.6387199999999997|0.5875099999999998|0.5021599999999997|0.00||0.00|0.00|0.00|0.00|0.00|0.00|0.00|0.00|0.00|0.00|0.00|0.00|0.00|0.00|0.00|0.00|0.00|||||Anexo_5_Autopeças_1.xlsx|AutoPecas
01|116.0|01.116.00|84254910|Macacos manuais para veículos|DECRETO ICMS/PB Nº 39.158|2019-05-07 00:00:00|2023-12-31 00:00:00|0.18|0.00|0.7178|1.011082926829268|0.9482365853658534|0.843492682926829|0.3656|0.5987512195121949|0.5487902439024386|0.4655219512195119|0.00||0.00|0.00|0.00|0.00|0.00|0.00|0.00|0.00|0.00|0.00|0.00|0.00|0.00|0.00|0.00|0.00|0.00|||||Anexo_5_Autopeças_1.xlsx|AutoPecas
01|116.0|01.116.00|84254910|Macacos manuais para veículos|DECRETO ICMS/PB Nº 44.681/23|2024-01-01 00:00:00||0.2|0.00|0.7178|1.0613599999999996|0.9969424999999998|0.8895799999999998|0.3656|0.6387199999999997|0.5875099999999998|0.5021599999999997|0.00||0.00|0.00|0.00|0.00|0.00|0.00|0.00|0.00|0.00|0.00|0.00|0.00|0.00|0.00|0.00|0.00|0.00|||||Anexo_5_Autopeças_1.xlsx|AutoPecas
01|117.0|01.117.00|84314100|Caçambas, pás, ganchos e tenazes para máquinas rodoviárias|DECRETO ICMS/PB Nº 39.158|2019-05-07 00:00:00|2023-12-31 00:00:00|0.18|0.00|0.7178|1.011082926829268|0.9482365853658534|0.843492682926829|0.3656|0.5987512195121949|0.5487902439024386|0.4655219512195119|0.00||0.00|0.00|0.00|0.00|0.00|0.00|0.00|0.00|0.00|0.00|0.00|0.00|0.00|0.00|0.00|0.00|0.00|||||Anexo_5_Autopeças_1.xlsx|AutoPecas
01|117.0|01.117.00|84314100|Caçambas, pás, ganchos e tenazes para máquinas rodoviárias|DECRETO ICMS/PB Nº 44.681/23|2024-01-01 00:00:00||0.2|0.00|0.7178|1.0613599999999996|0.9969424999999998|0.8895799999999998|0.3656|0.6387199999999997|0.5875099999999998|0.5021599999999997|0.00||0.00|0.00|0.00|0.00|0.00|0.00|0.00|0.00|0.00|0.00|0.00|0.00|0.00|0.00|0.00|0.00|0.00|||||Anexo_5_Autopeças_1.xlsx|AutoPecas
01|118.0|01.118.00|85016100|Geradores de corrente alternada de potência não superior a 75 kva|DECRETO ICMS/PB Nº 39.158|2019-05-07 00:00:00|2023-12-31 00:00:00|0.18|0.00|0.7178|1.011082926829268|0.9482365853658534|0.843492682926829|0.3656|0.5987512195121949|0.5487902439024386|0.4655219512195119|0.00||0.00|0.00|0.00|0.00|0.00|0.00|0.00|0.00|0.00|0.00|0.00|0.00|0.00|0.00|0.00|0.00|0.00|||||Anexo_5_Autopeças_1.xlsx|AutoPecas
01|118.0|01.118.00|85016100|Geradores de corrente alternada de potência não superior a 75 kva|DECRETO ICMS/PB Nº 44.681/23|2024-01-01 00:00:00||0.2|0.00|0.7178|1.0613599999999996|0.9969424999999998|0.8895799999999998|0.3656|0.6387199999999997|0.5875099999999998|0.5021599999999997|0.00||0.00|0.00|0.00|0.00|0.00|0.00|0.00|0.00|0.00|0.00|0.00|0.00|0.00|0.00|0.00|0.00|0.00|||||Anexo_5_Autopeças_1.xlsx|AutoPecas
01|119.0|01.119.00|85311090|Aparelhos elétricos para alarme de uso automotivo|DECRETO ICMS/PB Nº 39.158|2019-05-07 00:00:00|2023-12-31 00:00:00|0.18|0.00|0.7178|1.011082926829268|0.9482365853658534|0.843492682926829|0.3656|0.5987512195121949|0.5487902439024386|0.4655219512195119|0.00||0.00|0.00|0.00|0.00|0.00|0.00|0.00|0.00|0.00|0.00|0.00|0.00|0.00|0.00|0.00|0.00|0.00|||||Anexo_5_Autopeças_1.xlsx|AutoPecas
01|119.0|01.119.00|85311090|Aparelhos elétricos para alarme de uso automotivo|DECRETO ICMS/PB Nº 44.681/23|2024-01-01 00:00:00||0.2|0.00|0.7178|1.0613599999999996|0.9969424999999998|0.8895799999999998|0.3656|0.6387199999999997|0.5875099999999998|0.5021599999999997|0.00||0.00|0.00|0.00|0.00|0.00|0.00|0.00|0.00|0.00|0.00|0.00|0.00|0.00|0.00|0.00|0.00|0.00|||||Anexo_5_Autopeças_1.xlsx|AutoPecas
01|120.0|01.120.00|90141000|Bússolas|DECRETO ICMS/PB Nº 39.158|2019-05-07 00:00:00|2023-12-31 00:00:00|0.18|0.00|0.7178|1.011082926829268|0.9482365853658534|0.843492682926829|0.3656|0.5987512195121949|0.5487902439024386|0.4655219512195119|0.00||0.00|0.00|0.00|0.00|0.00|0.00|0.00|0.00|0.00|0.00|0.00|0.00|0.00|0.00|0.00|0.00|0.00|||||Anexo_5_Autopeças_1.xlsx|AutoPecas
01|120.0|01.120.00|90141000|Bússolas|DECRETO ICMS/PB Nº 44.681/23|2024-01-01 00:00:00||0.2|0.00|0.7178|1.0613599999999996|0.9969424999999998|0.8895799999999998|0.3656|0.6387199999999997|0.5875099999999998|0.5021599999999997|0.00||0.00|0.00|0.00|0.00|0.00|0.00|0.00|0.00|0.00|0.00|0.00|0.00|0.00|0.00|0.00|0.00|0.00|||||Anexo_5_Autopeças_1.xlsx|AutoPecas
01|121.0|01.121.00|90251990|Indicadores de temperatura|DECRETO ICMS/PB Nº 39.158|2019-05-07 00:00:00|2023-12-31 00:00:00|0.18|0.00|0.7178|1.011082926829268|0.9482365853658534|0.843492682926829|0.3656|0.5987512195121949|0.5487902439024386|0.4655219512195119|0.00||0.00|0.00|0.00|0.00|0.00|0.00|0.00|0.00|0.00|0.00|0.00|0.00|0.00|0.00|0.00|0.00|0.00|||||Anexo_5_Autopeças_1.xlsx|AutoPecas
01|121.0|01.121.00|90251990|Indicadores de temperatura|DECRETO ICMS/PB Nº 44.681/23|2024-01-01 00:00:00||0.2|0.00|0.7178|1.0613599999999996|0.9969424999999998|0.8895799999999998|0.3656|0.6387199999999997|0.5875099999999998|0.5021599999999997|0.00||0.00|0.00|0.00|0.00|0.00|0.00|0.00|0.00|0.00|0.00|0.00|0.00|0.00|0.00|0.00|0.00|0.00|||||Anexo_5_Autopeças_1.xlsx|AutoPecas
01|122.0|01.122.00|90259010|Partes de indicadores de temperatura|DECRETO ICMS/PB Nº 39.158|2019-05-07 00:00:00|2023-12-31 00:00:00|0.18|0.00|0.7178|1.011082926829268|0.9482365853658534|0.843492682926829|0.3656|0.5987512195121949|0.5487902439024386|0.4655219512195119|0.00||0.00|0.00|0.00|0.00|0.00|0.00|0.00|0.00|0.00|0.00|0.00|0.00|0.00|0.00|0.00|0.00|0.00|||||Anexo_5_Autopeças_1.xlsx|AutoPecas
01|122.0|01.122.00|90259010|Partes de indicadores de temperatura|DECRETO ICMS/PB Nº 44.681/23|2024-01-01 00:00:00||0.2|0.00|0.7178|1.0613599999999996|0.9969424999999998|0.8895799999999998|0.3656|0.6387199999999997|0.5875099999999998|0.5021599999999997|0.00||0.00|0.00|0.00|0.00|0.00|0.00|0.00|0.00|0.00|0.00|0.00|0.00|0.00|0.00|0.00|0.00|0.00|||||Anexo_5_Autopeças_1.xlsx|AutoPecas
01|123.0|01.123.00|902690|Partes de aparelhos de medida ou controle|DECRETO ICMS/PB Nº 39.158|2019-05-07 00:00:00|2023-12-31 00:00:00|0.18|0.00|0.7178|1.011082926829268|0.9482365853658534|0.843492682926829|0.3656|0.5987512195121949|0.5487902439024386|0.4655219512195119|0.00||0.00|0.00|0.00|0.00|0.00|0.00|0.00|0.00|0.00|0.00|0.00|0.00|0.00|0.00|0.00|0.00|0.00|||||Anexo_5_Autopeças_1.xlsx|AutoPecas
01|123.0|01.123.00|902690|Partes de aparelhos de medida ou controle|DECRETO ICMS/PB Nº 44.681/23|2024-01-01 00:00:00||0.2|0.00|0.7178|1.0613599999999996|0.9969424999999998|0.8895799999999998|0.3656|0.6387199999999997|0.5875099999999998|0.5021599999999997|0.00||0.00|0.00|0.00|0.00|0.00|0.00|0.00|0.00|0.00|0.00|0.00|0.00|0.00|0.00|0.00|0.00|0.00|||||Anexo_5_Autopeças_1.xlsx|AutoPecas
01|124.0|01.124.00|90321010|Termostatos|DECRETO ICMS/PB Nº 39.158|2019-05-07 00:00:00|2023-12-31 00:00:00|0.18|0.00|0.7178|1.011082926829268|0.9482365853658534|0.843492682926829|0.3656|0.5987512195121949|0.5487902439024386|0.4655219512195119|0.00||0.00|0.00|0.00|0.00|0.00|0.00|0.00|0.00|0.00|0.00|0.00|0.00|0.00|0.00|0.00|0.00|0.00|||||Anexo_5_Autopeças_1.xlsx|AutoPecas
01|124.0|01.124.00|90321010|Termostatos|DECRETO ICMS/PB Nº 44.681/23|2024-01-01 00:00:00||0.2|0.00|0.7178|1.0613599999999996|0.9969424999999998|0.8895799999999998|0.3656|0.6387199999999997|0.5875099999999998|0.5021599999999997|0.00||0.00|0.00|0.00|0.00|0.00|0.00|0.00|0.00|0.00|0.00|0.00|0.00|0.00|0.00|0.00|0.00|0.00|||||Anexo_5_Autopeças_1.xlsx|AutoPecas
01|125.0|01.125.00|90321090|Instrumentos e aparelhos para regulação|DECRETO ICMS/PB Nº 39.158|2019-05-07 00:00:00|2023-12-31 00:00:00|0.18|0.00|0.7178|1.011082926829268|0.9482365853658534|0.843492682926829|0.3656|0.5987512195121949|0.5487902439024386|0.4655219512195119|0.00||0.00|0.00|0.00|0.00|0.00|0.00|0.00|0.00|0.00|0.00|0.00|0.00|0.00|0.00|0.00|0.00|0.00|||||Anexo_5_Autopeças_1.xlsx|AutoPecas
01|125.0|01.125.00|90321090|Instrumentos e aparelhos para regulação|DECRETO ICMS/PB Nº 44.681/23|2024-01-01 00:00:00||0.2|0.00|0.7178|1.0613599999999996|0.9969424999999998|0.8895799999999998|0.3656|0.6387199999999997|0.5875099999999998|0.5021599999999997|0.00||0.00|0.00|0.00|0.00|0.00|0.00|0.00|0.00|0.00|0.00|0.00|0.00|0.00|0.00|0.00|0.00|0.00|||||Anexo_5_Autopeças_1.xlsx|AutoPecas
01|126.0|01.126.00|90322000|Pressostatos|DECRETO ICMS/PB Nº 39.158|2019-05-07 00:00:00|2023-12-31 00:00:00|0.18|0.00|0.7178|1.011082926829268|0.9482365853658534|0.843492682926829|0.3656|0.5987512195121949|0.5487902439024386|0.4655219512195119|0.00||0.00|0.00|0.00|0.00|0.00|0.00|0.00|0.00|0.00|0.00|0.00|0.00|0.00|0.00|0.00|0.00|0.00|||||Anexo_5_Autopeças_1.xlsx|AutoPecas
01|126.0|01.126.00|90322000|Pressostatos|DECRETO ICMS/PB Nº 44.681/23|2024-01-01 00:00:00||0.2|0.00|0.7178|1.0613599999999996|0.9969424999999998|0.8895799999999998|0.3656|0.6387199999999997|0.5875099999999998|0.5021599999999997|0.00||0.00|0.00|0.00|0.00|0.00|0.00|0.00|0.00|0.00|0.00|0.00|0.00|0.00|0.00|0.00|0.00|0.00|||||Anexo_5_Autopeças_1.xlsx|AutoPecas
01|127.0|01.127.00|871690|Peças para reboques e semirreboques, exceto os itens classificados no CEST 01.077.00|DECRETO ICMS/PB Nº 39.158|2019-05-07 00:00:00|2023-12-31 00:00:00|0.18|0.00|0.7178|1.011082926829268|0.9482365853658534|0.843492682926829|0.3656|0.5987512195121949|0.5487902439024386|0.4655219512195119|0.00||0.00|0.00|0.00|0.00|0.00|0.00|0.00|0.00|0.00|0.00|0.00|0.00|0.00|0.00|0.00|0.00|0.00|||||Anexo_5_Autopeças_1.xlsx|AutoPecas
01|127.0|01.127.00|871690|Peças para reboques e semirreboques, exceto os itens classificados no CEST 01.077.00|DECRETO ICMS/PB Nº 44.681/23|2024-01-01 00:00:00||0.2|0.00|0.7178|1.0613599999999996|0.9969424999999998|0.8895799999999998|0.3656|0.6387199999999997|0.5875099999999998|0.5021599999999997|0.00||0.00|0.00|0.00|0.00|0.00|0.00|0.00|0.00|0.00|0.00|0.00|0.00|0.00|0.00|0.00|0.00|0.00|||||Anexo_5_Autopeças_1.xlsx|AutoPecas
01|128.0|01.128.00|73229010|Geradores de ar quente a combustível líquido, com capacidade superior ou igual a 1.500 kcal/h, mas inferior ou igual a 10.400 kcal/h, do tipo dos utilizados em veículos automóveis|DECRETO ICMS/PB Nº 39.158|2019-05-07 00:00:00|2023-12-31 00:00:00|0.18|0.00|0.7178|1.011082926829268|0.9482365853658534|0.843492682926829|0.3656|0.5987512195121949|0.5487902439024386|0.4655219512195119|0.00||0.00|0.00|0.00|0.00|0.00|0.00|0.00|0.00|0.00|0.00|0.00|0.00|0.00|0.00|0.00|0.00|0.00|||||Anexo_5_Autopeças_1.xlsx|AutoPecas
01|128.0|01.128.00|73229010|Geradores de ar quente a combustível líquido, com capacidade superior ou igual a 1.500 kcal/h, mas inferior ou igual a 10.400 kcal/h, do tipo dos utilizados em veículos automóveis|DECRETO ICMS/PB Nº 44.681/23|2024-01-01 00:00:00||0.2|0.00|0.7178|1.0613599999999996|0.9969424999999998|0.8895799999999998|0.3656|0.6387199999999997|0.5875099999999998|0.5021599999999997|0.00||0.00|0.00|0.00|0.00|0.00|0.00|0.00|0.00|0.00|0.00|0.00|0.00|0.00|0.00|0.00|0.00|0.00|||||Anexo_5_Autopeças_1.xlsx|AutoPecas
01|999.0|01.999.00||Outras peças, partes e acessórios para veículos automotores não relacionados nos demais itens deste anexo|DECRETO ICMS/PB Nº 39.158|2019-05-07 00:00:00|2023-12-31 00:00:00|0.18|0.00|0.7178|1.011082926829268|0.9482365853658534|0.843492682926829|0.3656|0.5987512195121949|0.5487902439024386|0.4655219512195119|0.00||0.00|0.00|0.00|0.00|0.00|0.00|0.00|0.00|0.00|0.00|0.00|0.00|0.00|0.00|0.00|0.00|0.00|||||Anexo_5_Autopeças_1.xlsx|AutoPecas
01|999.0|01.999.00||Outras peças, partes e acessórios para veículos automotores não relacionados nos demais itens deste anexo|DECRETO ICMS/PB Nº 44.681/23|2024-01-01 00:00:00||0.2|0.00|0.7178|1.0613599999999996|0.9969424999999998|0.8895799999999998|0.3656|0.6387199999999997|0.5875099999999998|0.5021599999999997|0.00||0.00|0.00|0.00|0.00|0.00|0.00|0.00|0.00|0.00|0.00|0.00|0.00|0.00|0.00|0.00|0.00|0.00|||||Anexo_5_Autopeças_1.xlsx|AutoPecas
02|1.0|02.001.00|2205|Aperitivos, amargos, bitter e similares|DECRETO ICMS/PB Nº 39.158|2019-05-07 00:00:00||0.25|0.2904|0.00|0.00|0.00|0.00|0.00|0.00|0.00|0.00|0.02||0.6517119999999998|0.6000959999999997|0.5140693333333333|0.00|0.00|0.00|0.00|0.00|0.00|0.00|0.00|0.00|0.00|0.00|0.00|0.00|0.00|||||Anexo_5_Bebidas_alcóolicas_exceto_cerveja_e_chope.xlsx|Bebidas
02|1.0|02.001.00|22089000|Aperitivos, amargos, bitter e similares|DECRETO ICMS/PB Nº 39.158|2019-05-07 00:00:00||0.25|0.2904|0.00|0.00|0.00|0.00|0.00|0.00|0.00|0.00|0.02||0.6517119999999998|0.6000959999999997|0.5140693333333333|0.00|0.00|0.00|0.00|0.00|0.00|0.00|0.00|0.00|0.00|0.00|0.00|0.00|0.00|||||Anexo_5_Bebidas_alcóolicas_exceto_cerveja_e_chope.xlsx|Bebidas
02|2.0|02.002.00|22089000|Batida e similares|DECRETO ICMS/PB Nº 39.158|2019-05-07 00:00:00||0.25|0.2904|0.00|0.00|0.00|0.00|0.00|0.00|0.00|0.00|0.02||0.6517119999999998|0.6000959999999997|0.5140693333333333|0.00|0.00|0.00|0.00|0.00|0.00|0.00|0.00|0.00|0.00|0.00|0.00|0.00|0.00|||||Anexo_5_Bebidas_alcóolicas_exceto_cerveja_e_chope.xlsx|Bebidas
02|3.0|02.003.00|22089000|Bebida ice|DECRETO ICMS/PB Nº 39.158|2019-05-07 00:00:00||0.25|0.2904|0.00|0.00|0.00|0.00|0.00|0.00|0.00|0.00|0.02||0.6517119999999998|0.6000959999999997|0.5140693333333333|0.00|0.00|0.00|0.00|0.00|0.00|0.00|0.00|0.00|0.00|0.00|0.00|0.00|0.00|||||Anexo_5_Bebidas_alcóolicas_exceto_cerveja_e_chope.xlsx|Bebidas
02|4.0|02.004.00|220720|Cachaça e aguardentes|DECRETO ICMS/PB Nº 39.158|2019-05-07 00:00:00||0.18|0.2904|0.00|0.00|0.00|0.00|0.00|0.00|0.00|0.00|0.00||0.5107121951219509|0.4635024390243898|0.38481951219512167|0.00|0.00|0.00|0.00|0.00|0.00|0.00|0.00|0.00|0.00|0.00|0.00|0.00|0.00|||||Anexo_5_Bebidas_alcóolicas_exceto_cerveja_e_chope.xlsx|Bebidas
02|4.0|02.004.00|22084000|Cachaça e aguardentes|DECRETO ICMS/PB Nº 39.158|2019-05-07 00:00:00||0.18|0.2904|0.00|0.00|0.00|0.00|0.00|0.00|0.00|0.00|0.00||0.5107121951219509|0.4635024390243898|0.38481951219512167|0.00|0.00|0.00|0.00|0.00|0.00|0.00|0.00|0.00|0.00|0.00|0.00|0.00|0.00|||||Anexo_5_Bebidas_alcóolicas_exceto_cerveja_e_chope.xlsx|Bebidas
02|5.0|02.005.00|2205|Catuaba e similares|DECRETO ICMS/PB Nº 39.158|2019-05-07 00:00:00||0.25|0.2904|0.00|0.00|0.00|0.00|0.00|0.00|0.00|0.00|0.02||0.6517119999999998|0.6000959999999997|0.5140693333333333|0.00|0.00|0.00|0.00|0.00|0.00|0.00|0.00|0.00|0.00|0.00|0.00|0.00|0.00|||||Anexo_5_Bebidas_alcóolicas_exceto_cerveja_e_chope.xlsx|Bebidas
02|5.0|02.005.00|22060090|Catuaba e similares|DECRETO ICMS/PB Nº 39.158|2019-05-07 00:00:00||0.25|0.2904|0.00|0.00|0.00|0.00|0.00|0.00|0.00|0.00|0.02||0.6517119999999998|0.6000959999999997|0.5140693333333333|0.00|0.00|0.00|0.00|0.00|0.00|0.00|0.00|0.00|0.00|0.00|0.00|0.00|0.00|||||Anexo_5_Bebidas_alcóolicas_exceto_cerveja_e_chope.xlsx|Bebidas
02|5.0|02.005.00|22089000|Catuaba e similares|DECRETO ICMS/PB Nº 39.158|2019-05-07 00:00:00||0.25|0.2904|0.00|0.00|0.00|0.00|0.00|0.00|0.00|0.00|0.02||0.6517119999999998|0.6000959999999997|0.5140693333333333|0.00|0.00|0.00|0.00|0.00|0.00|0.00|0.00|0.00|0.00|0.00|0.00|0.00|0.00|||||Anexo_5_Bebidas_alcóolicas_exceto_cerveja_e_chope.xlsx|Bebidas
02|6.0|02.006.00|22082000|Conhaque, brandy e similares|DECRETO ICMS/PB Nº 39.158|2019-05-07 00:00:00||0.25|0.2904|0.00|0.00|0.00|0.00|0.00|0.00|0.00|0.00|0.02||0.6517119999999998|0.6000959999999997|0.5140693333333333|0.00|0.00|0.00|0.00|0.00|0.00|0.00|0.00|0.00|0.00|0.00|0.00|0.00|0.00|||||Anexo_5_Bebidas_alcóolicas_exceto_cerveja_e_chope.xlsx|Bebidas
02|7.0|02.007.00|22060090|Cooler|DECRETO ICMS/PB Nº 39.158|2019-05-07 00:00:00||0.25|0.2904|0.00|0.00|0.00|0.00|0.00|0.00|0.00|0.00|0.02||0.6517119999999998|0.6000959999999997|0.5140693333333333|0.00|0.00|0.00|0.00|0.00|0.00|0.00|0.00|0.00|0.00|0.00|0.00|0.00|0.00|||||Anexo_5_Bebidas_alcóolicas_exceto_cerveja_e_chope.xlsx|Bebidas
02|7.0|02.007.00|22089000|Cooler|DECRETO ICMS/PB Nº 39.158|2019-05-07 00:00:00||0.25|0.2904|0.00|0.00|0.00|0.00|0.00|0.00|0.00|0.00|0.02||0.6517119999999998|0.6000959999999997|0.5140693333333333|0.00|0.00|0.00|0.00|0.00|0.00|0.00|0.00|0.00|0.00|0.00|0.00|0.00|0.00|||||Anexo_5_Bebidas_alcóolicas_exceto_cerveja_e_chope.xlsx|Bebidas
02|8.0|02.008.00|22085000|Gim (gin) e genebra|DECRETO ICMS/PB Nº 39.158|2019-05-07 00:00:00||0.25|0.2904|0.00|0.00|0.00|0.00|0.00|0.00|0.00|0.00|0.02||0.6517119999999998|0.6000959999999997|0.5140693333333333|0.00|0.00|0.00|0.00|0.00|0.00|0.00|0.00|0.00|0.00|0.00|0.00|0.00|0.00|||||Anexo_5_Bebidas_alcóolicas_exceto_cerveja_e_chope.xlsx|Bebidas
02|9.0|02.009.00|2205|Jurubeba e similares|DECRETO ICMS/PB Nº 39.158|2019-05-07 00:00:00||0.25|0.2904|0.00|0.00|0.00|0.00|0.00|0.00|0.00|0.00|0.02||0.6517119999999998|0.6000959999999997|0.5140693333333333|0.00|0.00|0.00|0.00|0.00|0.00|0.00|0.00|0.00|0.00|0.00|0.00|0.00|0.00|||||Anexo_5_Bebidas_alcóolicas_exceto_cerveja_e_chope.xlsx|Bebidas
02|9.0|02.009.00|22060090|Jurubeba e similares|DECRETO ICMS/PB Nº 39.158|2019-05-07 00:00:00||0.25|0.2904|0.00|0.00|0.00|0.00|0.00|0.00|0.00|0.00|0.02||0.6517119999999998|0.6000959999999997|0.5140693333333333|0.00|0.00|0.00|0.00|0.00|0.00|0.00|0.00|0.00|0.00|0.00|0.00|0.00|0.00|||||Anexo_5_Bebidas_alcóolicas_exceto_cerveja_e_chope.xlsx|Bebidas
02|9.0|02.009.00|22089000|Jurubeba e similares|DECRETO ICMS/PB Nº 39.158|2019-05-07 00:00:00||0.25|0.2904|0.00|0.00|0.00|0.00|0.00|0.00|0.00|0.00|0.02||0.6517119999999998|0.6000959999999997|0.5140693333333333|0.00|0.00|0.00|0.00|0.00|0.00|0.00|0.00|0.00|0.00|0.00|0.00|0.00|0.00|||||Anexo_5_Bebidas_alcóolicas_exceto_cerveja_e_chope.xlsx|Bebidas
02|10.0|02.010.00|22087000|Licores e similares|DECRETO ICMS/PB Nº 39.158|2019-05-07 00:00:00||0.25|0.2904|0.00|0.00|0.00|0.00|0.00|0.00|0.00|0.00|0.02||0.6517119999999998|0.6000959999999997|0.5140693333333333|0.00|0.00|0.00|0.00|0.00|0.00|0.00|0.00|0.00|0.00|0.00|0.00|0.00|0.00|||||Anexo_5_Bebidas_alcóolicas_exceto_cerveja_e_chope.xlsx|Bebidas
02|11.0|02.011.00|22082000|Pisco|DECRETO ICMS/PB Nº 39.158|2019-05-07 00:00:00||0.25|0.2904|0.00|0.00|0.00|0.00|0.00|0.00|0.00|0.00|0.02||0.6517119999999998|0.6000959999999997|0.5140693333333333|0.00|0.00|0.00|0.00|0.00|0.00|0.00|0.00|0.00|0.00|0.00|0.00|0.00|0.00|||||Anexo_5_Bebidas_alcóolicas_exceto_cerveja_e_chope.xlsx|Bebidas
02|12.0|02.012.00|22084000|Rum|DECRETO ICMS/PB Nº 39.158|2019-05-07 00:00:00||0.25|0.2904|0.00|0.00|0.00|0.00|0.00|0.00|0.00|0.00|0.02||0.6517119999999998|0.6000959999999997|0.5140693333333333|0.00|0.00|0.00|0.00|0.00|0.00|0.00|0.00|0.00|0.00|0.00|0.00|0.00|0.00|||||Anexo_5_Bebidas_alcóolicas_exceto_cerveja_e_chope.xlsx|Bebidas
02|13.0|02.013.00|22060090|Saquê|DECRETO ICMS/PB Nº 39.158|2019-05-07 00:00:00||0.25|0.2904|0.00|0.00|0.00|0.00|0.00|0.00|0.00|0.00|0.02||0.6517119999999998|0.6000959999999997|0.5140693333333333|0.00|0.00|0.00|0.00|0.00|0.00|0.00|0.00|0.00|0.00|0.00|0.00|0.00|0.00|||||Anexo_5_Bebidas_alcóolicas_exceto_cerveja_e_chope.xlsx|Bebidas
02|14.0|02.014.00|22089000|Steinhaeger|DECRETO ICMS/PB Nº 39.158|2019-05-07 00:00:00||0.25|0.2904|0.00|0.00|0.00|0.00|0.00|0.00|0.00|0.00|0.02||0.6517119999999998|0.6000959999999997|0.5140693333333333|0.00|0.00|0.00|0.00|0.00|0.00|0.00|0.00|0.00|0.00|0.00|0.00|0.00|0.00|||||Anexo_5_Bebidas_alcóolicas_exceto_cerveja_e_chope.xlsx|Bebidas
02|15.0|02.015.00|22089000|Tequila|DECRETO ICMS/PB Nº 39.158|2019-05-07 00:00:00||0.25|0.2904|0.00|0.00|0.00|0.00|0.00|0.00|0.00|0.00|0.02||0.6517119999999998|0.6000959999999997|0.5140693333333333|0.00|0.00|0.00|0.00|0.00|0.00|0.00|0.00|0.00|0.00|0.00|0.00|0.00|0.00|||||Anexo_5_Bebidas_alcóolicas_exceto_cerveja_e_chope.xlsx|Bebidas
02|16.0|02.016.00|220830|Uísque|DECRETO ICMS/PB Nº 39.158|2019-05-07 00:00:00||0.25|0.2904|0.00|0.00|0.00|0.00|0.00|0.00|0.00|0.00|0.02||0.6517119999999998|0.6000959999999997|0.5140693333333333|0.00|0.00|0.00|0.00|0.00|0.00|0.00|0.00|0.00|0.00|0.00|0.00|0.00|0.00|||||Anexo_5_Bebidas_alcóolicas_exceto_cerveja_e_chope.xlsx|Bebidas
02|17.0|02.017.00|2205|Vermute e similares|DECRETO ICMS/PB Nº 39.158|2019-05-07 00:00:00||0.25|0.2904|0.00|0.00|0.00|0.00|0.00|0.00|0.00|0.00|0.02||0.6517119999999998|0.6000959999999997|0.5140693333333333|0.00|0.00|0.00|0.00|0.00|0.00|0.00|0.00|0.00|0.00|0.00|0.00|0.00|0.00|||||Anexo_5_Bebidas_alcóolicas_exceto_cerveja_e_chope.xlsx|Bebidas
02|18.0|02.018.00|22086000|Vodka|DECRETO ICMS/PB Nº 39.158|2019-05-07 00:00:00||0.25|0.2904|0.00|0.00|0.00|0.00|0.00|0.00|0.00|0.00|0.02||0.6517119999999998|0.6000959999999997|0.5140693333333333|0.00|0.00|0.00|0.00|0.00|0.00|0.00|0.00|0.00|0.00|0.00|0.00|0.00|0.00|||||Anexo_5_Bebidas_alcóolicas_exceto_cerveja_e_chope.xlsx|Bebidas
02|19.0|02.019.00|22089000|Derivados de vodka|DECRETO ICMS/PB Nº 39.158|2019-05-07 00:00:00||0.25|0.2904|0.00|0.00|0.00|0.00|0.00|0.00|0.00|0.00|0.02||0.6517119999999998|0.6000959999999997|0.5140693333333333|0.00|0.00|0.00|0.00|0.00|0.00|0.00|0.00|0.00|0.00|0.00|0.00|0.00|0.00|||||Anexo_5_Bebidas_alcóolicas_exceto_cerveja_e_chope.xlsx|Bebidas
02|20.0|02.020.00|22089000|Arak|DECRETO ICMS/PB Nº 39.158|2019-05-07 00:00:00||0.25|0.2904|0.00|0.00|0.00|0.00|0.00|0.00|0.00|0.00|0.02||0.6517119999999998|0.6000959999999997|0.5140693333333333|0.00|0.00|0.00|0.00|0.00|0.00|0.00|0.00|0.00|0.00|0.00|0.00|0.00|0.00|||||Anexo_5_Bebidas_alcóolicas_exceto_cerveja_e_chope.xlsx|Bebidas
02|21.0|02.021.00|22082000|Aguardente vínica / grappa|DECRETO ICMS/PB Nº 39.158|2019-05-07 00:00:00||0.25|0.2904|0.00|0.00|0.00|0.00|0.00|0.00|0.00|0.00|0.02||0.6517119999999998|0.6000959999999997|0.5140693333333333|0.00|0.00|0.00|0.00|0.00|0.00|0.00|0.00|0.00|0.00|0.00|0.00|0.00|0.00|||||Anexo_5_Bebidas_alcóolicas_exceto_cerveja_e_chope.xlsx|Bebidas
02|22.0|02.022.00|22060010|Sidra e similares|DECRETO ICMS/PB Nº 39.158|2019-05-07 00:00:00||0.25|0.2904|0.00|0.00|0.00|0.00|0.00|0.00|0.00|0.00|0.02||0.6517119999999998|0.6000959999999997|0.5140693333333333|0.00|0.00|0.00|0.00|0.00|0.00|0.00|0.00|0.00|0.00|0.00|0.00|0.00|0.00|||||Anexo_5_Bebidas_alcóolicas_exceto_cerveja_e_chope.xlsx|Bebidas
02|23.0|02.023.00|2205|Sangrias e coquetéis|DECRETO ICMS/PB Nº 39.158|2019-05-07 00:00:00||0.25|0.2904|0.00|0.00|0.00|0.00|0.00|0.00|0.00|0.00|0.02||0.6517119999999998|0.6000959999999997|0.5140693333333333|0.00|0.00|0.00|0.00|0.00|0.00|0.00|0.00|0.00|0.00|0.00|0.00|0.00|0.00|||||Anexo_5_Bebidas_alcóolicas_exceto_cerveja_e_chope.xlsx|Bebidas
02|23.0|02.023.00|22060090|Sangrias e coquetéis|DECRETO ICMS/PB Nº 39.158|2019-05-07 00:00:00||0.25|0.2904|0.00|0.00|0.00|0.00|0.00|0.00|0.00|0.00|0.02||0.6517119999999998|0.6000959999999997|0.5140693333333333|0.00|0.00|0.00|0.00|0.00|0.00|0.00|0.00|0.00|0.00|0.00|0.00|0.00|0.00|||||Anexo_5_Bebidas_alcóolicas_exceto_cerveja_e_chope.xlsx|Bebidas
02|23.0|02.023.00|22089000|Sangrias e coquetéis|DECRETO ICMS/PB Nº 39.158|2019-05-07 00:00:00||0.25|0.2904|0.00|0.00|0.00|0.00|0.00|0.00|0.00|0.00|0.02||0.6517119999999998|0.6000959999999997|0.5140693333333333|0.00|0.00|0.00|0.00|0.00|0.00|0.00|0.00|0.00|0.00|0.00|0.00|0.00|0.00|||||Anexo_5_Bebidas_alcóolicas_exceto_cerveja_e_chope.xlsx|Bebidas
02|24.0|02.024.00|2204|Vinhos de uvas frescas, incluindo os vinhos enriquecidos com álcool; mostos de uvas.|DECRETO ICMS/PB Nº 39.158|2019-05-07 00:00:00||0.25|0.2904|0.00|0.00|0.00|0.00|0.00|0.00|0.00|0.00|0.02||0.6517119999999998|0.6000959999999997|0.5140693333333333|0.00|0.00|0.00|0.00|0.00|0.00|0.00|0.00|0.00|0.00|0.00|0.00|0.00|0.00|||||Anexo_5_Bebidas_alcóolicas_exceto_cerveja_e_chope.xlsx|Bebidas
02|999.0|02.999.00|2205|Outras bebidas alcoólicas não especificadas nos itens anteriores|DECRETO ICMS/PB Nº 39.158|2019-05-07 00:00:00||0.25|0.2904|0.00|0.00|0.00|0.00|0.00|0.00|0.00|0.00|0.02||0.6517119999999998|0.6000959999999997|0.5140693333333333|0.00|0.00|0.00|0.00|0.00|0.00|0.00|0.00|0.00|0.00|0.00|0.00|0.00|0.00|||||Anexo_5_Bebidas_alcóolicas_exceto_cerveja_e_chope.xlsx|Bebidas
02|999.0|02.999.00|2206|Outras bebidas alcoólicas não especificadas nos itens anteriores|DECRETO ICMS/PB Nº 39.158|2019-05-07 00:00:00||0.25|0.2904|0.00|0.00|0.00|0.00|0.00|0.00|0.00|0.00|0.02||0.6517119999999998|0.6000959999999997|0.5140693333333333|0.00|0.00|0.00|0.00|0.00|0.00|0.00|0.00|0.00|0.00|0.00|0.00|0.00|0.00|||||Anexo_5_Bebidas_alcóolicas_exceto_cerveja_e_chope.xlsx|Bebidas
02|999.0|02.999.00|2207|Outras bebidas alcoólicas não especificadas nos itens anteriores|DECRETO ICMS/PB Nº 39.158|2019-05-07 00:00:00||0.25|0.2904|0.00|0.00|0.00|0.00|0.00|0.00|0.00|0.00|0.02||0.6517119999999998|0.6000959999999997|0.5140693333333333|0.00|0.00|0.00|0.00|0.00|0.00|0.00|0.00|0.00|0.00|0.00|0.00|0.00|0.00|||||Anexo_5_Bebidas_alcóolicas_exceto_cerveja_e_chope.xlsx|Bebidas
02|999.0|02.999.00|2208|Outras bebidas alcoólicas não especificadas nos itens anteriores|DECRETO ICMS/PB Nº 39.158|2019-05-07 00:00:00||0.25|0.2904|0.00|0.00|0.00|0.00|0.00|0.00|0.00|0.00|0.02||0.6517119999999998|0.6000959999999997|0.5140693333333333|0.00|0.00|0.00|0.00|0.00|0.00|0.00|0.00|0.00|0.00|0.00|0.00|0.00|0.00|||||Anexo_5_Bebidas_alcóolicas_exceto_cerveja_e_chope.xlsx|Bebidas
02|1.0|02.001.00|2205|Aperitivos, amargos, bitter e similares|DECRETO ICMS/PB Nº 39.158|2019-05-07 00:00:00||0.25|0.2904|0.00|0.00|0.00|0.00|0.00|0.00|0.00|0.00|0.02||0.6517119999999998|0.6000959999999997|0.5140693333333333|0.00|0.00|0.00|0.00|0.00|0.00|0.00|0.00|0.00|0.00|0.00|0.00|0.00|0.00|||||Anexo_5_Bebidas_alcóolicas_exceto_cerveja_e_chope_1.xlsx|Bebidas
02|1.0|02.001.00|22089000|Aperitivos, amargos, bitter e similares|DECRETO ICMS/PB Nº 39.158|2019-05-07 00:00:00||0.25|0.2904|0.00|0.00|0.00|0.00|0.00|0.00|0.00|0.00|0.02||0.6517119999999998|0.6000959999999997|0.5140693333333333|0.00|0.00|0.00|0.00|0.00|0.00|0.00|0.00|0.00|0.00|0.00|0.00|0.00|0.00|||||Anexo_5_Bebidas_alcóolicas_exceto_cerveja_e_chope_1.xlsx|Bebidas
02|2.0|02.002.00|22089000|Batida e similares|DECRETO ICMS/PB Nº 39.158|2019-05-07 00:00:00||0.25|0.2904|0.00|0.00|0.00|0.00|0.00|0.00|0.00|0.00|0.02||0.6517119999999998|0.6000959999999997|0.5140693333333333|0.00|0.00|0.00|0.00|0.00|0.00|0.00|0.00|0.00|0.00|0.00|0.00|0.00|0.00|||||Anexo_5_Bebidas_alcóolicas_exceto_cerveja_e_chope_1.xlsx|Bebidas
02|3.0|02.003.00|22089000|Bebida ice|DECRETO ICMS/PB Nº 39.158|2019-05-07 00:00:00||0.25|0.2904|0.00|0.00|0.00|0.00|0.00|0.00|0.00|0.00|0.02||0.6517119999999998|0.6000959999999997|0.5140693333333333|0.00|0.00|0.00|0.00|0.00|0.00|0.00|0.00|0.00|0.00|0.00|0.00|0.00|0.00|||||Anexo_5_Bebidas_alcóolicas_exceto_cerveja_e_chope_1.xlsx|Bebidas
02|4.0|02.004.00|220720|Cachaça e aguardentes|DECRETO ICMS/PB Nº 39.158|2019-05-07 00:00:00|2023-12-31 00:00:00|0.18|0.2904|0.00|0.00|0.00|0.00|0.00|0.00|0.00|0.00|0.00||0.5107121951219509|0.4635024390243898|0.38481951219512167|0.00|0.00|0.00|0.00|0.00|0.00|0.00|0.00|0.00|0.00|0.00|0.00|0.00|0.00|||||Anexo_5_Bebidas_alcóolicas_exceto_cerveja_e_chope_1.xlsx|Bebidas
02|4.0|02.004.00|220720|Cachaça e aguardentes|DECRETO ICMS/PB Nº 44.681/23|2024-01-01 00:00:00||0.2|0.2904|0.00|0.00|0.00|0.00|0.00|0.00|0.00|0.00|0.00||0.5484799999999999|0.5000899999999997|0.4194399999999998|0.00|0.00|0.00|0.00|0.00|0.00|0.00|0.00|0.00|0.00|0.00|0.00|0.00|0.00|||||Anexo_5_Bebidas_alcóolicas_exceto_cerveja_e_chope_1.xlsx|Bebidas
02|4.0|02.004.00|22084000|Cachaça e aguardentes|DECRETO ICMS/PB Nº 39.158|2019-05-07 00:00:00|2023-12-31 00:00:00|0.18|0.2904|0.00|0.00|0.00|0.00|0.00|0.00|0.00|0.00|0.00||0.5107121951219509|0.4635024390243898|0.38481951219512167|0.00|0.00|0.00|0.00|0.00|0.00|0.00|0.00|0.00|0.00|0.00|0.00|0.00|0.00|||||Anexo_5_Bebidas_alcóolicas_exceto_cerveja_e_chope_1.xlsx|Bebidas
02|4.0|02.004.00|22084000|Cachaça e aguardentes|DECRETO ICMS/PB Nº 44.681/23|2024-01-01 00:00:00||0.2|0.2904|0.00|0.00|0.00|0.00|0.00|0.00|0.00|0.00|0.00||0.5484799999999999|0.5000899999999997|0.4194399999999998|0.00|0.00|0.00|0.00|0.00|0.00|0.00|0.00|0.00|0.00|0.00|0.00|0.00|0.00|||||Anexo_5_Bebidas_alcóolicas_exceto_cerveja_e_chope_1.xlsx|Bebidas
02|5.0|02.005.00|2205|Catuaba e similares|DECRETO ICMS/PB Nº 39.158|2019-05-07 00:00:00||0.25|0.2904|0.00|0.00|0.00|0.00|0.00|0.00|0.00|0.00|0.02||0.6517119999999998|0.6000959999999997|0.5140693333333333|0.00|0.00|0.00|0.00|0.00|0.00|0.00|0.00|0.00|0.00|0.00|0.00|0.00|0.00|||||Anexo_5_Bebidas_alcóolicas_exceto_cerveja_e_chope_1.xlsx|Bebidas
02|5.0|02.005.00|22060090|Catuaba e similares|DECRETO ICMS/PB Nº 39.158|2019-05-07 00:00:00||0.25|0.2904|0.00|0.00|0.00|0.00|0.00|0.00|0.00|0.00|0.02||0.6517119999999998|0.6000959999999997|0.5140693333333333|0.00|0.00|0.00|0.00|0.00|0.00|0.00|0.00|0.00|0.00|0.00|0.00|0.00|0.00|||||Anexo_5_Bebidas_alcóolicas_exceto_cerveja_e_chope_1.xlsx|Bebidas
02|5.0|02.005.00|22089000|Catuaba e similares|DECRETO ICMS/PB Nº 39.158|2019-05-07 00:00:00||0.25|0.2904|0.00|0.00|0.00|0.00|0.00|0.00|0.00|0.00|0.02||0.6517119999999998|0.6000959999999997|0.5140693333333333|0.00|0.00|0.00|0.00|0.00|0.00|0.00|0.00|0.00|0.00|0.00|0.00|0.00|0.00|||||Anexo_5_Bebidas_alcóolicas_exceto_cerveja_e_chope_1.xlsx|Bebidas
02|6.0|02.006.00|22082000|Conhaque, brandy e similares|DECRETO ICMS/PB Nº 39.158|2019-05-07 00:00:00||0.25|0.2904|0.00|0.00|0.00|0.00|0.00|0.00|0.00|0.00|0.02||0.6517119999999998|0.6000959999999997|0.5140693333333333|0.00|0.00|0.00|0.00|0.00|0.00|0.00|0.00|0.00|0.00|0.00|0.00|0.00|0.00|||||Anexo_5_Bebidas_alcóolicas_exceto_cerveja_e_chope_1.xlsx|Bebidas
02|7.0|02.007.00|22060090|Cooler|DECRETO ICMS/PB Nº 39.158|2019-05-07 00:00:00||0.25|0.2904|0.00|0.00|0.00|0.00|0.00|0.00|0.00|0.00|0.02||0.6517119999999998|0.6000959999999997|0.5140693333333333|0.00|0.00|0.00|0.00|0.00|0.00|0.00|0.00|0.00|0.00|0.00|0.00|0.00|0.00|||||Anexo_5_Bebidas_alcóolicas_exceto_cerveja_e_chope_1.xlsx|Bebidas
02|7.0|02.007.00|22089000|Cooler|DECRETO ICMS/PB Nº 39.158|2019-05-07 00:00:00||0.25|0.2904|0.00|0.00|0.00|0.00|0.00|0.00|0.00|0.00|0.02||0.6517119999999998|0.6000959999999997|0.5140693333333333|0.00|0.00|0.00|0.00|0.00|0.00|0.00|0.00|0.00|0.00|0.00|0.00|0.00|0.00|||||Anexo_5_Bebidas_alcóolicas_exceto_cerveja_e_chope_1.xlsx|Bebidas
02|8.0|02.008.00|22085000|Gim (gin) e genebra|DECRETO ICMS/PB Nº 39.158|2019-05-07 00:00:00||0.25|0.2904|0.00|0.00|0.00|0.00|0.00|0.00|0.00|0.00|0.02||0.6517119999999998|0.6000959999999997|0.5140693333333333|0.00|0.00|0.00|0.00|0.00|0.00|0.00|0.00|0.00|0.00|0.00|0.00|0.00|0.00|||||Anexo_5_Bebidas_alcóolicas_exceto_cerveja_e_chope_1.xlsx|Bebidas
02|9.0|02.009.00|2205|Jurubeba e similares|DECRETO ICMS/PB Nº 39.158|2019-05-07 00:00:00||0.25|0.2904|0.00|0.00|0.00|0.00|0.00|0.00|0.00|0.00|0.02||0.6517119999999998|0.6000959999999997|0.5140693333333333|0.00|0.00|0.00|0.00|0.00|0.00|0.00|0.00|0.00|0.00|0.00|0.00|0.00|0.00|||||Anexo_5_Bebidas_alcóolicas_exceto_cerveja_e_chope_1.xlsx|Bebidas
02|9.0|02.009.00|22060090|Jurubeba e similares|DECRETO ICMS/PB Nº 39.158|2019-05-07 00:00:00||0.25|0.2904|0.00|0.00|0.00|0.00|0.00|0.00|0.00|0.00|0.02||0.6517119999999998|0.6000959999999997|0.5140693333333333|0.00|0.00|0.00|0.00|0.00|0.00|0.00|0.00|0.00|0.00|0.00|0.00|0.00|0.00|||||Anexo_5_Bebidas_alcóolicas_exceto_cerveja_e_chope_1.xlsx|Bebidas
02|9.0|02.009.00|22089000|Jurubeba e similares|DECRETO ICMS/PB Nº 39.158|2019-05-07 00:00:00||0.25|0.2904|0.00|0.00|0.00|0.00|0.00|0.00|0.00|0.00|0.02||0.6517119999999998|0.6000959999999997|0.5140693333333333|0.00|0.00|0.00|0.00|0.00|0.00|0.00|0.00|0.00|0.00|0.00|0.00|0.00|0.00|||||Anexo_5_Bebidas_alcóolicas_exceto_cerveja_e_chope_1.xlsx|Bebidas
02|10.0|02.010.00|22087000|Licores e similares|DECRETO ICMS/PB Nº 39.158|2019-05-07 00:00:00||0.25|0.2904|0.00|0.00|0.00|0.00|0.00|0.00|0.00|0.00|0.02||0.6517119999999998|0.6000959999999997|0.5140693333333333|0.00|0.00|0.00|0.00|0.00|0.00|0.00|0.00|0.00|0.00|0.00|0.00|0.00|0.00|||||Anexo_5_Bebidas_alcóolicas_exceto_cerveja_e_chope_1.xlsx|Bebidas
02|11.0|02.011.00|22082000|Pisco|DECRETO ICMS/PB Nº 39.158|2019-05-07 00:00:00||0.25|0.2904|0.00|0.00|0.00|0.00|0.00|0.00|0.00|0.00|0.02||0.6517119999999998|0.6000959999999997|0.5140693333333333|0.00|0.00|0.00|0.00|0.00|0.00|0.00|0.00|0.00|0.00|0.00|0.00|0.00|0.00|||||Anexo_5_Bebidas_alcóolicas_exceto_cerveja_e_chope_1.xlsx|Bebidas
02|12.0|02.012.00|22084000|Rum|DECRETO ICMS/PB Nº 39.158|2019-05-07 00:00:00||0.25|0.2904|0.00|0.00|0.00|0.00|0.00|0.00|0.00|0.00|0.02||0.6517119999999998|0.6000959999999997|0.5140693333333333|0.00|0.00|0.00|0.00|0.00|0.00|0.00|0.00|0.00|0.00|0.00|0.00|0.00|0.00|||||Anexo_5_Bebidas_alcóolicas_exceto_cerveja_e_chope_1.xlsx|Bebidas
02|13.0|02.013.00|22060090|Saquê|DECRETO ICMS/PB Nº 39.158|2019-05-07 00:00:00||0.25|0.2904|0.00|0.00|0.00|0.00|0.00|0.00|0.00|0.00|0.02||0.6517119999999998|0.6000959999999997|0.5140693333333333|0.00|0.00|0.00|0.00|0.00|0.00|0.00|0.00|0.00|0.00|0.00|0.00|0.00|0.00|||||Anexo_5_Bebidas_alcóolicas_exceto_cerveja_e_chope_1.xlsx|Bebidas
02|14.0|02.014.00|22089000|Steinhaeger|DECRETO ICMS/PB Nº 39.158|2019-05-07 00:00:00||0.25|0.2904|0.00|0.00|0.00|0.00|0.00|0.00|0.00|0.00|0.02||0.6517119999999998|0.6000959999999997|0.5140693333333333|0.00|0.00|0.00|0.00|0.00|0.00|0.00|0.00|0.00|0.00|0.00|0.00|0.00|0.00|||||Anexo_5_Bebidas_alcóolicas_exceto_cerveja_e_chope_1.xlsx|Bebidas
02|15.0|02.015.00|22089000|Tequila|DECRETO ICMS/PB Nº 39.158|2019-05-07 00:00:00||0.25|0.2904|0.00|0.00|0.00|0.00|0.00|0.00|0.00|0.00|0.02||0.6517119999999998|0.6000959999999997|0.5140693333333333|0.00|0.00|0.00|0.00|0.00|0.00|0.00|0.00|0.00|0.00|0.00|0.00|0.00|0.00|||||Anexo_5_Bebidas_alcóolicas_exceto_cerveja_e_chope_1.xlsx|Bebidas
02|16.0|02.016.00|220830|Uísque|DECRETO ICMS/PB Nº 39.158|2019-05-07 00:00:00||0.25|0.2904|0.00|0.00|0.00|0.00|0.00|0.00|0.00|0.00|0.02||0.6517119999999998|0.6000959999999997|0.5140693333333333|0.00|0.00|0.00|0.00|0.00|0.00|0.00|0.00|0.00|0.00|0.00|0.00|0.00|0.00|||||Anexo_5_Bebidas_alcóolicas_exceto_cerveja_e_chope_1.xlsx|Bebidas
02|17.0|02.017.00|2205|Vermute e similares|DECRETO ICMS/PB Nº 39.158|2019-05-07 00:00:00||0.25|0.2904|0.00|0.00|0.00|0.00|0.00|0.00|0.00|0.00|0.02||0.6517119999999998|0.6000959999999997|0.5140693333333333|0.00|0.00|0.00|0.00|0.00|0.00|0.00|0.00|0.00|0.00|0.00|0.00|0.00|0.00|||||Anexo_5_Bebidas_alcóolicas_exceto_cerveja_e_chope_1.xlsx|Bebidas
02|18.0|02.018.00|22086000|Vodka|DECRETO ICMS/PB Nº 39.158|2019-05-07 00:00:00||0.25|0.2904|0.00|0.00|0.00|0.00|0.00|0.00|0.00|0.00|0.02||0.6517119999999998|0.6000959999999997|0.5140693333333333|0.00|0.00|0.00|0.00|0.00|0.00|0.00|0.00|0.00|0.00|0.00|0.00|0.00|0.00|||||Anexo_5_Bebidas_alcóolicas_exceto_cerveja_e_chope_1.xlsx|Bebidas
02|19.0|02.019.00|22089000|Derivados de vodka|DECRETO ICMS/PB Nº 39.158|2019-05-07 00:00:00||0.25|0.2904|0.00|0.00|0.00|0.00|0.00|0.00|0.00|0.00|0.02||0.6517119999999998|0.6000959999999997|0.5140693333333333|0.00|0.00|0.00|0.00|0.00|0.00|0.00|0.00|0.00|0.00|0.00|0.00|0.00|0.00|||||Anexo_5_Bebidas_alcóolicas_exceto_cerveja_e_chope_1.xlsx|Bebidas
02|20.0|02.020.00|22089000|Arak|DECRETO ICMS/PB Nº 39.158|2019-05-07 00:00:00||0.25|0.2904|0.00|0.00|0.00|0.00|0.00|0.00|0.00|0.00|0.02||0.6517119999999998|0.6000959999999997|0.5140693333333333|0.00|0.00|0.00|0.00|0.00|0.00|0.00|0.00|0.00|0.00|0.00|0.00|0.00|0.00|||||Anexo_5_Bebidas_alcóolicas_exceto_cerveja_e_chope_1.xlsx|Bebidas
02|21.0|02.021.00|22082000|Aguardente vínica / grappa|DECRETO ICMS/PB Nº 39.158|2019-05-07 00:00:00||0.25|0.2904|0.00|0.00|0.00|0.00|0.00|0.00|0.00|0.00|0.02||0.6517119999999998|0.6000959999999997|0.5140693333333333|0.00|0.00|0.00|0.00|0.00|0.00|0.00|0.00|0.00|0.00|0.00|0.00|0.00|0.00|||||Anexo_5_Bebidas_alcóolicas_exceto_cerveja_e_chope_1.xlsx|Bebidas
02|22.0|02.022.00|22060010|Sidra e similares|DECRETO ICMS/PB Nº 39.158|2019-05-07 00:00:00||0.25|0.2904|0.00|0.00|0.00|0.00|0.00|0.00|0.00|0.00|0.02||0.6517119999999998|0.6000959999999997|0.5140693333333333|0.00|0.00|0.00|0.00|0.00|0.00|0.00|0.00|0.00|0.00|0.00|0.00|0.00|0.00|||||Anexo_5_Bebidas_alcóolicas_exceto_cerveja_e_chope_1.xlsx|Bebidas
02|23.0|02.023.00|2205|Sangrias e coquetéis|DECRETO ICMS/PB Nº 39.158|2019-05-07 00:00:00||0.25|0.2904|0.00|0.00|0.00|0.00|0.00|0.00|0.00|0.00|0.02||0.6517119999999998|0.6000959999999997|0.5140693333333333|0.00|0.00|0.00|0.00|0.00|0.00|0.00|0.00|0.00|0.00|0.00|0.00|0.00|0.00|||||Anexo_5_Bebidas_alcóolicas_exceto_cerveja_e_chope_1.xlsx|Bebidas
02|23.0|02.023.00|22060090|Sangrias e coquetéis|DECRETO ICMS/PB Nº 39.158|2019-05-07 00:00:00||0.25|0.2904|0.00|0.00|0.00|0.00|0.00|0.00|0.00|0.00|0.02||0.6517119999999998|0.6000959999999997|0.5140693333333333|0.00|0.00|0.00|0.00|0.00|0.00|0.00|0.00|0.00|0.00|0.00|0.00|0.00|0.00|||||Anexo_5_Bebidas_alcóolicas_exceto_cerveja_e_chope_1.xlsx|Bebidas
02|23.0|02.023.00|22089000|Sangrias e coquetéis|DECRETO ICMS/PB Nº 39.158|2019-05-07 00:00:00||0.25|0.2904|0.00|0.00|0.00|0.00|0.00|0.00|0.00|0.00|0.02||0.6517119999999998|0.6000959999999997|0.5140693333333333|0.00|0.00|0.00|0.00|0.00|0.00|0.00|0.00|0.00|0.00|0.00|0.00|0.00|0.00|||||Anexo_5_Bebidas_alcóolicas_exceto_cerveja_e_chope_1.xlsx|Bebidas
02|24.0|02.024.00|2204|Vinhos de uvas frescas, incluindo os vinhos enriquecidos com álcool; mostos de uvas.|DECRETO ICMS/PB Nº 39.158|2019-05-07 00:00:00||0.25|0.2904|0.00|0.00|0.00|0.00|0.00|0.00|0.00|0.00|0.02||0.6517119999999998|0.6000959999999997|0.5140693333333333|0.00|0.00|0.00|0.00|0.00|0.00|0.00|0.00|0.00|0.00|0.00|0.00|0.00|0.00|||||Anexo_5_Bebidas_alcóolicas_exceto_cerveja_e_chope_1.xlsx|Bebidas
02|999.0|02.999.00|2205|Outras bebidas alcoólicas não especificadas nos itens anteriores|DECRETO ICMS/PB Nº 39.158|2019-05-07 00:00:00||0.25|0.2904|0.00|0.00|0.00|0.00|0.00|0.00|0.00|0.00|0.02||0.6517119999999998|0.6000959999999997|0.5140693333333333|0.00|0.00|0.00|0.00|0.00|0.00|0.00|0.00|0.00|0.00|0.00|0.00|0.00|0.00|||||Anexo_5_Bebidas_alcóolicas_exceto_cerveja_e_chope_1.xlsx|Bebidas
02|999.0|02.999.00|2206|Outras bebidas alcoólicas não especificadas nos itens anteriores|DECRETO ICMS/PB Nº 39.158|2019-05-07 00:00:00||0.25|0.2904|0.00|0.00|0.00|0.00|0.00|0.00|0.00|0.00|0.02||0.6517119999999998|0.6000959999999997|0.5140693333333333|0.00|0.00|0.00|0.00|0.00|0.00|0.00|0.00|0.00|0.00|0.00|0.00|0.00|0.00|||||Anexo_5_Bebidas_alcóolicas_exceto_cerveja_e_chope_1.xlsx|Bebidas
02|999.0|02.999.00|2207|Outras bebidas alcoólicas não especificadas nos itens anteriores|DECRETO ICMS/PB Nº 39.158|2019-05-07 00:00:00||0.25|0.2904|0.00|0.00|0.00|0.00|0.00|0.00|0.00|0.00|0.02||0.6517119999999998|0.6000959999999997|0.5140693333333333|0.00|0.00|0.00|0.00|0.00|0.00|0.00|0.00|0.00|0.00|0.00|0.00|0.00|0.00|||||Anexo_5_Bebidas_alcóolicas_exceto_cerveja_e_chope_1.xlsx|Bebidas
02|999.0|02.999.00|2208|Outras bebidas alcoólicas não especificadas nos itens anteriores|DECRETO ICMS/PB Nº 39.158|2019-05-07 00:00:00||0.25|0.2904|0.00|0.00|0.00|0.00|0.00|0.00|0.00|0.00|0.02||0.6517119999999998|0.6000959999999997|0.5140693333333333|0.00|0.00|0.00|0.00|0.00|0.00|0.00|0.00|0.00|0.00|0.00|0.00|0.00|0.00|||||Anexo_5_Bebidas_alcóolicas_exceto_cerveja_e_chope_1.xlsx|Bebidas
03|1.0|03.001.00|22011000|Água mineral, gasosa ou não, ou potável, naturais, em garrafa de vidro, retornável ou não, com capacidade de até 500 ml|DECRETO ICMS/PB Nº 39.158 // Dec 41.030/21|2019-05-07 00:00:00|2021-06-01 00:00:00|0.18|2.5|0.00|0.00|0.00|0.00|0.00|0.00|0.00|0.00|0.00|Pauta|0.00|0.00|0.00|0.02|0.00|0.00|0.00|0.00|0.00|0.00|0.00|0.00|0.00|0.00|0.00|0.00|0.00|||||Anexo_5_Cervejas_chopes_refrigerante_águas_e_outras_bebidas.xlsx|Agua_Chop
03|2.0|03.002.00|22011000|Água mineral, gasosa ou não, ou potável, naturais, em embalagem com capacidade igual ou superior a 5.000 ml; exceto as classificadas no CEST 03.024.00 e 03.025.00|DECRETO ICMS/PB Nº 39.158 // Dec 41.030/21|2019-05-07 00:00:00|2021-06-01 00:00:00|0.18|1|0.00|0.00|0.00|0.00|0.00|0.00|0.00|0.00|0.00|Pauta|0.00|0.00|0.00|0.02|0.00|0.00|0.00|0.00|0.00|0.00|0.00|0.00|0.00|0.00|0.00|0.00|0.00|||||Anexo_5_Cervejas_chopes_refrigerante_águas_e_outras_bebidas.xlsx|Agua_Chop
03|3.0|03.003.00|22011000|Água mineral, gasosa ou não, ou potável, naturais, em embalagem de vidro, não retornável, com capacidade de até 300 ml|DECRETO ICMS/PB Nº 39.158//Dec 41.030/21|2019-05-07 00:00:00|2021-05-31 00:00:00|0.18|1.4|0.00|0.00|0.00|0.00|0.00|0.00|0.00|0.00|0.00|Pauta|0.00|0.00|0.00|0.02|0.00|0.00|0.00|0.00|0.00|0.00|0.00|0.00|0.00|0.00|0.00|0.00|0.00|||||Anexo_5_Cervejas_chopes_refrigerante_águas_e_outras_bebidas.xlsx|Agua_Chop
03|3.0|03.003.00|22011000|Água mineral, gasosa ou não, ou potável, naturais, em embalagem de vidro descartável|Decreto  41.030/21|2021-06-01 00:00:00||0.18|1.4|0.00|0.00|0.00|0.00|0.00|0.00|0.00|0.00|0.00|Pauta|0.00|0.00|0.00|0.02|0.00|0.00|0.00|0.00|0.00|0.00|0.00|0.00|0.00|0.00|0.00|0.00|0.00|||||Anexo_5_Cervejas_chopes_refrigerante_águas_e_outras_bebidas.xlsx|Agua_Chop
03|3.1|03.003.01|22011000|Água mineral, gasosa ou não, ou potável, naturais, adicionadas de sais, em embalagem de vidro descartável|Decreto  41.030/21|2021-06-01 00:00:00||0.18|1.4|0.00|0.00|0.00|0.00|0.00|0.00|0.00|0.00|0.00|Pauta|0.00|0.00|0.00|0.02|0.00|0.00|0.00|0.00|0.00|0.00|0.00|0.00|0.00|0.00|0.00|0.00|0.00|||||Anexo_5_Cervejas_chopes_refrigerante_águas_e_outras_bebidas.xlsx|Agua_Chop
03|4.0|03.004.00|22011000|Água mineral, gasosa ou não, ou potável, naturais, em garrafa plástica de 1.500 ml|DECRETO ICMS/PB Nº 39.158//Dec 41.030/21|2019-05-07 00:00:00|2021-06-01 00:00:00|0.18|1.2|0.00|0.00|0.00|0.00|0.00|0.00|0.00|0.00|0.00|Pauta|0.00|0.00|0.00|0.02|0.00|0.00|0.00|0.00|0.00|0.00|0.00|0.00|0.00|0.00|0.00|0.00|0.00|||||Anexo_5_Cervejas_chopes_refrigerante_águas_e_outras_bebidas.xlsx|Agua_Chop
03|5.0|03.005.00|22011000|Água mineral, gasosa ou não, ou potável, naturais, em copos plásticos e embalagem plástica com capacidade de até 500 ml|DECRETO ICMS/PB Nº 39.158//Dec 41.030/21|2019-05-07 00:00:00|2021-05-31 00:00:00|0.18|1.4|0.00|0.00|0.00|0.00|0.00|0.00|0.00|0.00|0.00|Pauta|0.00|0.00|0.00|0.02|0.00|0.00|0.00|0.00|0.00|0.00|0.00|0.00|0.00|0.00|0.00|0.00|0.00|||||Anexo_5_Cervejas_chopes_refrigerante_águas_e_outras_bebidas.xlsx|Agua_Chop
03|5.0|03.005.00|22011000|Água mineral, gasosa ou não, ou potável, naturais, em copos plásticos descartável|Dec 41.030/21|2021-06-01 00:00:00||0.18|1.4|0.00|0.00|0.00|0.00|0.00|0.00|0.00|0.00|0.00|Pauta|0.00|0.00|0.00|0.02|0.00|0.00|0.00|0.00|0.00|0.00|0.00|0.00|0.00|0.00|0.00|0.00|0.00|||||Anexo_5_Cervejas_chopes_refrigerante_águas_e_outras_bebidas.xlsx|Agua_Chop
03|5.1|03.005.01|22011000|Água mineral, gasosa ou não, ou potável, naturais, adicionadas de sais, em copo plástico descartável|Dec 41.030/21|2021-06-01 00:00:00||0.18|1.4|0.00|0.00|0.00|0.00|0.00|0.00|0.00|0.00|0.00|Pauta|0.00|0.00|0.00|0.02|0.00|0.00|0.00|0.00|0.00|0.00|0.00|0.00|0.00|0.00|0.00|0.00|0.00|||||Anexo_5_Cervejas_chopes_refrigerante_águas_e_outras_bebidas.xlsx|Agua_Chop
03|5.2|03.005.02|22011000|Água mineral, gasosa ou não, ou potável, naturais, em jarra descartável|Dec 41.030/21|2021-06-01 00:00:00||0.18|1.4|0.00|0.00|0.00|0.00|0.00|0.00|0.00|0.00|0.00|Pauta|0.00|0.00|0.00|0.02|0.00|0.00|0.00|0.00|0.00|0.00|0.00|0.00|0.00|0.00|0.00|0.00|0.00|||||Anexo_5_Cervejas_chopes_refrigerante_águas_e_outras_bebidas.xlsx|Agua_Chop
03|5.3|03.005.03|22011000|Água mineral, gasosa ou não, ou potável, naturais, adicionadas de sais, em jarra descartável|Dec 41.030/21|2021-06-01 00:00:00||0.18|1.4|0.00|0.00|0.00|0.00|0.00|0.00|0.00|0.00|0.00|Pauta|0.00|0.00|0.00|0.02|0.00|0.00|0.00|0.00|0.00|0.00|0.00|0.00|0.00|0.00|0.00|0.00|0.00|||||Anexo_5_Cervejas_chopes_refrigerante_águas_e_outras_bebidas.xlsx|Agua_Chop
03|5.4|03.005.04|22011000|Água mineral, gasosa ou não, ou potável, naturais, em demais embalagens descartáveis|Dec 41.030/21|2021-06-01 00:00:00||0.18|1.4|0.00|0.00|0.00|0.00|0.00|0.00|0.00|0.00|0.00|Pauta|0.00|0.00|0.00|0.02|0.00|0.00|0.00|0.00|0.00|0.00|0.00|0.00|0.00|0.00|0.00|0.00|0.00|||||Anexo_5_Cervejas_chopes_refrigerante_águas_e_outras_bebidas.xlsx|Agua_Chop
03|5.5|03.005.05|22011000|Água mineral, gasosa ou não, ou potável, naturais, adicionadas de sais, em demais embalagens descartáveis|Dec 41.030/21|2021-06-01 00:00:00||0.18|1.4|0.00|0.00|0.00|0.00|0.00|0.00|0.00|0.00|0.00|Pauta|0.00|0.00|0.00|0.02|0.00|0.00|0.00|0.00|0.00|0.00|0.00|0.00|0.00|0.00|0.00|0.00|0.00|||||Anexo_5_Cervejas_chopes_refrigerante_águas_e_outras_bebidas.xlsx|Agua_Chop
03|6.0|03.006.00|22011000|Outras águas minerais, potáveis ou naturais, gasosas ou não, inclusive gaseificadas; exceto as classificadas no CEST 03.024.00 e 03.025.00|DECRETO ICMS/PB Nº 39.158// Decreto 41.030/21|2019-05-07 00:00:00|2021-05-31 00:00:00|0.18|1.4|0.00|0.00|0.00|0.00|0.00|0.00|0.00|0.00|0.00||0.00|0.00|0.00|0.02|0.00|0.00|0.00|0.00|0.00|0.00|0.00|0.00|0.00|0.00|0.00|0.00|0.00|||||Anexo_5_Cervejas_chopes_refrigerante_águas_e_outras_bebidas.xlsx|Agua_Chop
03|6.0|03.006.00|2201|Outras águas minerais,  gasosas ou não, ou potável, naturais;exceto as classificadas no CEST 03.003.00, 03.003.01, 03.005.00,03.005.01 a 03.005.05, 03.024.00 e 03.025.00|Decreto 41.030/21|2021-06-01 00:00:00||0.18|1.4|0.00|0.00|0.00|0.00|0.00|0.00|0.00|0.00|0.00|Pauta|0.00|0.00|0.00|0.02|0.00|0.00|0.00|0.00|0.00|0.00|0.00|0.00|0.00|0.00|0.00|0.00|0.00|||||Anexo_5_Cervejas_chopes_refrigerante_águas_e_outras_bebidas.xlsx|Agua_Chop
03|7.0|03.007.00|22021000|Águas minerais, potáveis ou naturais, gasosas ou não, inclusive gaseificadas ou aromatizadas artificialmente, exceto os refrescos e refrigerantes|DECRETO ICMS/PB Nº 39.158//Dec 41.030/21|2019-05-07 00:00:00|2021-05-31 00:00:00|0.18|1.4|0.00|0.00|0.00|0.00|0.00|0.00|0.00|0.00|0.00||0.00|0.00|0.00|0.02|0.00|0.00|0.00|0.00|0.00|0.00|0.00|0.00|0.00|0.00|0.00|0.00|0.00|||||Anexo_5_Cervejas_chopes_refrigerante_águas_e_outras_bebidas.xlsx|Agua_Chop
03|7.0|03.007.00|22021000|Água aromatizadas artificialmente, exceto os refrescos e refrigerantes|Decreto 41.030/21|2021-06-01 00:00:00||0.18|1.4|0.00|0.00|0.00|0.00|0.00|0.00|0.00|0.00|0.00|Pauta|0.00|0.00|0.00|0.02|0.00|0.00|0.00|0.00|0.00|0.00|0.00|0.00|0.00|0.00|0.00|0.00|0.00|||||Anexo_5_Cervejas_chopes_refrigerante_águas_e_outras_bebidas.xlsx|Agua_Chop
03|8.0|03.008.00|22029900|Outras águas minerais, potáveis ou naturais, gasosas ou não, inclusive gaseificadas ou aromatizadas artificialmente|DECRETO ICMS/PB Nº 39.158//Dec 41.030/21|2019-05-07 00:00:00|2021-05-31 00:00:00|0.18|1.4|0.00|0.00|0.00|0.00|0.00|0.00|0.00|0.00|0.00||0.00|0.00|0.00|0.02|0.00|0.00|0.00|0.00|0.00|0.00|0.00|0.00|0.00|0.00|0.00|0.00|0.00|||||Anexo_5_Cervejas_chopes_refrigerante_águas_e_outras_bebidas.xlsx|Agua_Chop
03|8.0|03.008.00|22029900|Outras águas minerais, gasosas ou não,ou potável,naturais,  inclusive gaseificadas ou aromatizadas artificialmente, exceto os refrescos e refrigerantes|Decreto 41.030/21|2021-06-01 00:00:00||0.18|1.4|0.00|0.00|0.00|0.00|0.00|0.00|0.00|0.00|0.00|Pauta|0.00|0.00|0.00|0.02|0.00|0.00|0.00|0.00|0.00|0.00|0.00|0.00|0.00|0.00|0.00|0.00|0.00|||||Anexo_5_Cervejas_chopes_refrigerante_águas_e_outras_bebidas.xlsx|Agua_Chop
03|10.0|03.010.00|2202|Refrigerantes em garrafa com capacidade igual ou superior a 600 ml, exceto os classificados no CEST 03.011.01|DECRETO ICMS/PB Nº 39.158//Dec 41.030/21|2019-05-07 00:00:00|2021-05-31 00:00:00|0.18|1.4|0.00|0.00|0.00|0.00|0.00|0.00|0.00|0.00|0.00|Pauta|0.00|0.00|0.00|0.02|0.00|0.00|0.00|0.00|0.00|0.00|0.00|0.00|0.00|0.00|0.00|0.00|0.00|||||Anexo_5_Cervejas_chopes_refrigerante_águas_e_outras_bebidas.xlsx|Agua_Chop
03|10.0|03.010.00|22021000|Refrigerantes em vidro descartável|Decreto 41.030/21|2021-06-01 00:00:00||0.18|1.4|0.00|0.00|0.00|0.00|0.00|0.00|0.00|0.00|0.00|Pauta|0.00|0.00|0.00|0.02|0.00|0.00|0.00|0.00|0.00|0.00|0.00|0.00|0.00|0.00|0.00|0.00|0.00|||||Anexo_5_Cervejas_chopes_refrigerante_águas_e_outras_bebidas.xlsx|Agua_Chop
03|10.0|03.010.00|22029900|Refrigerantes em vidro descartável|Decreto 41.030/21|2021-06-01 00:00:00||0.18|1.4|0.00|0.00|0.00|0.00|0.00|0.00|0.00|0.00|0.00|Pauta|0.00|0.00|0.00|0.02|0.00|0.00|0.00|0.00|0.00|0.00|0.00|0.00|0.00|0.00|0.00|0.00|0.00|||||Anexo_5_Cervejas_chopes_refrigerante_águas_e_outras_bebidas.xlsx|Agua_Chop
03|10.1|03.010.01|22021000|Refrigerante em embalagem pet|Decreto 41.030/21|2021-06-01 00:00:00||0.18|1.4|0.00|0.00|0.00|0.00|0.00|0.00|0.00|0.00|0.00|Pauta|0.00|0.00|0.00|0.02|0.00|0.00|0.00|0.00|0.00|0.00|0.00|0.00|0.00|0.00|0.00|0.00|0.00|||||Anexo_5_Cervejas_chopes_refrigerante_águas_e_outras_bebidas.xlsx|Agua_Chop
03|10.1|03.010.01|22029900|Refrigerante em embalagem pet|Decreto 41.030/21|2021-06-01 00:00:00||0.18|1.4|0.00|0.00|0.00|0.00|0.00|0.00|0.00|0.00|0.00|Pauta|0.00|0.00|0.00|0.02|0.00|0.00|0.00|0.00|0.00|0.00|0.00|0.00|0.00|0.00|0.00|0.00|0.00|||||Anexo_5_Cervejas_chopes_refrigerante_águas_e_outras_bebidas.xlsx|Agua_Chop
03|10.2|03.010.02|22021000|Refrigerante em lata|Decreto 41.030/21|2021-06-01 00:00:00||0.18|1.4|0.00|0.00|0.00|0.00|0.00|0.00|0.00|0.00|0.00|Pauta|0.00|0.00|0.00|0.02|0.00|0.00|0.00|0.00|0.00|0.00|0.00|0.00|0.00|0.00|0.00|0.00|0.00|||||Anexo_5_Cervejas_chopes_refrigerante_águas_e_outras_bebidas.xlsx|Agua_Chop
03|10.2|03.010.02|22029900|Refrigerante em lata|Decreto 41.030/21|2021-06-01 00:00:00||0.18|1.4|0.00|0.00|0.00|0.00|0.00|0.00|0.00|0.00|0.00|Pauta|0.00|0.00|0.00|0.02|0.00|0.00|0.00|0.00|0.00|0.00|0.00|0.00|0.00|0.00|0.00|0.00|0.00|||||Anexo_5_Cervejas_chopes_refrigerante_águas_e_outras_bebidas.xlsx|Agua_Chop
03|11.0|03.011.00|2202|Demais refrigerantes, exceto os classificados no CEST 03.010.00 e 03.011.01|DECRETO ICMS/PB Nº 39.158//Decreto  41.030/21//Decreto 41.503/21|2019-05-07 00:00:00|2021-05-31 00:00:00|0.18|1.4|0.00|0.00|0.00|0.00|0.00|0.00|0.00|0.00|0.00|Pauta|0.00|0.00|0.00|0.02|0.00|0.00|0.00|0.00|0.00|0.00|0.00|0.00|0.00|0.00|0.00|0.00|0.00|||||Anexo_5_Cervejas_chopes_refrigerante_águas_e_outras_bebidas.xlsx|Agua_Chop
03|11.0|03.011.00|22021000|Demais refrigerantes, exceto os classificados no CEST 03.010.00, 03.010.01,03.010.02 e 03.011.01|Decreto 41.030/21//Decreto 41.503/21|2021-06-01 00:00:00||0.18|1.4|0.00|0.00|0.00|0.00|0.00|0.00|0.00|0.00|0.00|Pauta|0.00|0.00|0.00|0.02|0.00|0.00|0.00|0.00|0.00|0.00|0.00|0.00|0.00|0.00|0.00|0.00|0.00|||||Anexo_5_Cervejas_chopes_refrigerante_águas_e_outras_bebidas.xlsx|Agua_Chop
03|11.0|03.011.00|22029900|Demais refrigerantes, exceto os classificados no CEST 03.010.00, 03.010.01,03.010.02 e 03.011.01|Decreto 41.030/21//Decreto 41.503/21|2021-06-01 00:00:00||0.18|1.4|0.00|0.00|0.00|0.00|0.00|0.00|0.00|0.00|0.00|Pauta|0.00|0.00|0.00|0.02|0.00|0.00|0.00|0.00|0.00|0.00|0.00|0.00|0.00|0.00|0.00|0.00|0.00|||||Anexo_5_Cervejas_chopes_refrigerante_águas_e_outras_bebidas.xlsx|Agua_Chop
03|11.1|03.011.01|2202|Espumantes sem álcool|DECRETO ICMS/PB Nº 39.158|2019-05-07 00:00:00||0.18|1.4|0.00|0.00|0.00|0.00|0.00|0.00|0.00|0.00|0.00||0.00|0.00|0.00|0.02|0.00|0.00|0.00|0.00|0.00|0.00|0.00|0.00|0.00|0.00|0.00|0.00|0.00|||||Anexo_5_Cervejas_chopes_refrigerante_águas_e_outras_bebidas.xlsx|Agua_Chop
03|12.0|03.012.00|21069010|Xarope ou extrato concentrado destinados ao preparo de refrigerante em máquina “pré-mix” ou “post-mix”|DECRETO ICMS/PB Nº 39.158//Decreto 41.503/21|2019-05-07 00:00:00|2021-05-31 00:00:00|0.18|1.4|0.00|0.00|0.00|0.00|0.00|0.00|0.00|0.00|0.00|Pauta|0.00|0.00|0.00|0.02|0.00|0.00|0.00|0.00|0.00|0.00|0.00|0.00|0.00|0.00|0.00|0.00|0.00|||||Anexo_5_Cervejas_chopes_refrigerante_águas_e_outras_bebidas.xlsx|Agua_Chop
03|12.0|03.012.00|21069010|Xarope ou extrato concentrado destinados ao preparo de refrigerante em máquina “pré-mix” ou “post-mix”, exceto o classificado no CEST 03.012.01|Decreto 41.503/21|2021-06-01 00:00:00| |0.18|1.4|0.00|0.00|0.00|0.00|0.00|0.00|0.00|0.00|0.00|Pauta|0.00|0.00|0.00|0.02|0.00|0.00|0.00|0.00|0.00|0.00|0.00|0.00|0.00|0.00|0.00|0.00|0.00|||||Anexo_5_Cervejas_chopes_refrigerante_águas_e_outras_bebidas.xlsx|Agua_Chop
03|12.1|03.012.01|21069010|Cápsula de refrigerante|Decreto 41.503/21|2021-06-01 00:00:00| |0.18|1.4|0.00|0.00|0.00|0.00|0.00|0.00|0.00|0.00|0.00|Pauta|0.00|0.00|0.00|0.02|0.00|0.00|0.00|0.00|0.00|0.00|0.00|0.00|0.00|0.00|0.00|0.00|0.00|||||Anexo_5_Cervejas_chopes_refrigerante_águas_e_outras_bebidas.xlsx|Agua_Chop
03|13.0|03.013.00|210690|Bebidas energéticas em embalagem com capacidade inferior a 600ml|DECRETO ICMS/PB Nº 39.158//Decreto 41.030/21// Decreto 41.171/21|2019-05-07 00:00:00|2021-05-31 00:00:00|0.18|1.4|0.00|0.00|0.00|0.00|0.00|0.00|0.00|0.00|0.00|Pauta|0.00|0.00|0.00|0.02|0.00|0.00|0.00|0.00|0.00|0.00|0.00|0.00|0.00|0.00|0.00|0.00|0.00|||||Anexo_5_Cervejas_chopes_refrigerante_águas_e_outras_bebidas.xlsx|Agua_Chop
03|13.0|03.013.00|222029900|Bebidas energéticas em embalagem com capacidade inferior a 600ml|DECRETO ICMS/PB Nº 39.158//Decreto 41.030/21// Decreto 41.171/21|2019-05-07 00:00:00|2021-05-31 00:00:00|0.18|1.4|0.00|0.00|0.00|0.00|0.00|0.00|0.00|0.00|0.00|Pauta|0.00|0.00|0.00|0.02|0.00|0.00|0.00|0.00|0.00|0.00|0.00|0.00|0.00|0.00|0.00|0.00|0.00|||||Anexo_5_Cervejas_chopes_refrigerante_águas_e_outras_bebidas.xlsx|Agua_Chop
03|13.0|03.013.00|210690|Bebidas energéticas em lata|Decreto 41.171/21|2021-06-01 00:00:00||0.18|1.4|0.00|0.00|0.00|0.00|0.00|0.00|0.00|0.00|0.00|Pauta|0.00|0.00|0.00|0.02|0.00|0.00|0.00|0.00|0.00|0.00|0.00|0.00|0.00|0.00|0.00|0.00|0.00|||||Anexo_5_Cervejas_chopes_refrigerante_águas_e_outras_bebidas.xlsx|Agua_Chop
03|13.0|03.013.00|22029900|Bebidas energéticas em lata|Decreto 41.171/21|2021-06-01 00:00:00||0.18|1.4|0.00|0.00|0.00|0.00|0.00|0.00|0.00|0.00|0.00|Pauta|0.00|0.00|0.00|0.02|0.00|0.00|0.00|0.00|0.00|0.00|0.00|0.00|0.00|0.00|0.00|0.00|0.00|||||Anexo_5_Cervejas_chopes_refrigerante_águas_e_outras_bebidas.xlsx|Agua_Chop
03|13.1|03.013.01|210690|Bebidas energéticas em embalagem PET|Decreto 41.030/21//Decreto 41.171/21|2021-06-01 00:00:00||0.18|1.4|0.00|0.00|0.00|0.00|0.00|0.00|0.00|0.00|0.00|Pauta|0.00|0.00|0.00|0.02|0.00|0.00|0.00|0.00|0.00|0.00|0.00|0.00|0.00|0.00|0.00|0.00|0.00|||||Anexo_5_Cervejas_chopes_refrigerante_águas_e_outras_bebidas.xlsx|Agua_Chop
03|13.1|03.013.01|22029900|Bebidas energéticas em embalagem PET|Decreto 41.030/21//Decreto 41.171/21|2021-06-01 00:00:00||0.18|1.4|0.00|0.00|0.00|0.00|0.00|0.00|0.00|0.00|0.00|Pauta|0.00|0.00|0.00|0.02|0.00|0.00|0.00|0.00|0.00|0.00|0.00|0.00|0.00|0.00|0.00|0.00|0.00|||||Anexo_5_Cervejas_chopes_refrigerante_águas_e_outras_bebidas.xlsx|Agua_Chop
03|13.2|03.013.02|210690|Bebidas energéticas em vidro|Decreto 41.030/21//Decreto 41.171/21|2021-06-01 00:00:00||0.18|1.4|0.00|0.00|0.00|0.00|0.00|0.00|0.00|0.00|0.00|Pauta|0.00|0.00|0.00|0.02|0.00|0.00|0.00|0.00|0.00|0.00|0.00|0.00|0.00|0.00|0.00|0.00|0.00|||||Anexo_5_Cervejas_chopes_refrigerante_águas_e_outras_bebidas.xlsx|Agua_Chop
03|13.2|03.013.02|22029900|Bebidas energéticas em vidro|Decreto 41.030/21//Decreto 41.171/21|2021-06-01 00:00:00||0.18|1.4|0.00|0.00|0.00|0.00|0.00|0.00|0.00|0.00|0.00|Pauta|0.00|0.00|0.00|0.02|0.00|0.00|0.00|0.00|0.00|0.00|0.00|0.00|0.00|0.00|0.00|0.00|0.00|||||Anexo_5_Cervejas_chopes_refrigerante_águas_e_outras_bebidas.xlsx|Agua_Chop
03|14.0|03.014.00|210690|Bebidas energéticas em embalagem com capacidade igual ou superior a 600ml|DECRETO ICMS/PB Nº 39.158// Decreto 41.171/21|2019-05-07 00:00:00|2021-04-14 00:00:00|0.18|1.4|0.00|0.00|0.00|0.00|0.00|0.00|0.00|0.00|0.00|Pauta|0.00|0.00|0.00|0.02|0.00|0.00|0.00|0.00|0.00|0.00|0.00|0.00|0.00|0.00|0.00|0.00|0.00|||||Anexo_5_Cervejas_chopes_refrigerante_águas_e_outras_bebidas.xlsx|Agua_Chop
03|14.0|03.014.00|22029900|Bebidas energéticas em embalagem com capacidade igual ou superior a 600ml|DECRETO ICMS/PB Nº 39.158// Decreto 41.171/21|2019-05-07 00:00:00|2021-04-14 00:00:00|0.18|1.4|0.00|0.00|0.00|0.00|0.00|0.00|0.00|0.00|0.00|Pauta|0.00|0.00|0.00|0.02|0.00|0.00|0.00|0.00|0.00|0.00|0.00|0.00|0.00|0.00|0.00|0.00|0.00|||||Anexo_5_Cervejas_chopes_refrigerante_águas_e_outras_bebidas.xlsx|Agua_Chop
03|14.0|03.014.00|210690|Bebidas energéticas em embalagem com capacidade igual ou superior a 600ml|Decreto 41.171/21// Decreto 41.030/21|2021-04-15 00:00:00|2021-05-31 00:00:00|0.18|1.4|0.00|0.00|0.00|0.00|0.00|0.00|0.00|0.00|0.00|Pauta|0.00|0.00|0.00|0.02|0.00|0.00|0.00|0.00|0.00|0.00|0.00|0.00|0.00|0.00|0.00|0.00|0.00|||||Anexo_5_Cervejas_chopes_refrigerante_águas_e_outras_bebidas.xlsx|Agua_Chop
03|14.0|03.014.00|22029900|Bebidas energéticas em embalagem com capacidade igual ou superior a 600ml|Decreto 41.171/21// Decreto 41.030/21|2021-04-15 00:00:00|2021-05-31 00:00:00|0.18|1.4|0.00|0.00|0.00|0.00|0.00|0.00|0.00|0.00|0.00|Pauta|0.00|0.00|0.00|0.02|0.00|0.00|0.00|0.00|0.00|0.00|0.00|0.00|0.00|0.00|0.00|0.00|0.00|||||Anexo_5_Cervejas_chopes_refrigerante_águas_e_outras_bebidas.xlsx|Agua_Chop
03|15.0|03.015.00|210690|Bebidas hidroeletrolíticas (isotônicas) em embalagem com capacidade inferior a 600ml|DECRETO ICMS/PB Nº 39.158//Decreto 40.957/20|2019-05-07 00:00:00|2020-11-30 00:00:00|0.18|1.4|0.00|0.00|0.00|0.00|0.00|0.00|0.00|0.00|0.00|Pauta|0.00|0.00|0.00|0.02|0.00|0.00|0.00|0.00|0.00|0.00|0.00|0.00|0.00|0.00|0.00|0.00|0.00|||||Anexo_5_Cervejas_chopes_refrigerante_águas_e_outras_bebidas.xlsx|Agua_Chop
03|15.0|03.015.00|22029900|Bebidas hidroeletrolíticas (isotônicas) em embalagem com capacidade inferior a 600ml|DECRETO ICMS/PB Nº 39.158//Decreto 40.957/20|2019-05-07 00:00:00|2020-11-30 00:00:00|0.18|1.4|0.00|0.00|0.00|0.00|0.00|0.00|0.00|0.00|0.00|Pauta|0.00|0.00|0.00|0.02|0.00|0.00|0.00|0.00|0.00|0.00|0.00|0.00|0.00|0.00|0.00|0.00|0.00|||||Anexo_5_Cervejas_chopes_refrigerante_águas_e_outras_bebidas.xlsx|Agua_Chop
03|15.0|03.015.00|210690|Bebidas hidroeletrolíticas em embalagem com capacidade inferior a 600ml|Decreto 40.957/20//Decreto 41.030/21|2020-12-01 00:00:00|2021-05-31 00:00:00|0.18|1.4|0.00|0.00|0.00|0.00|0.00|0.00|0.00|0.00|0.00|Pauta|0.00|0.00|0.00|0.02|0.00|0.00|0.00|0.00|0.00|0.00|0.00|0.00|0.00|0.00|0.00|0.00|0.00|||||Anexo_5_Cervejas_chopes_refrigerante_águas_e_outras_bebidas.xlsx|Agua_Chop
03|15.0|03.015.00|22029900|Bebidas hidroeletrolíticas em embalagem com capacidade inferior a 600ml|Decreto 40.957/20//Decreto 41.030/21|2020-12-01 00:00:00|2021-05-31 00:00:00|0.18|1.4|0.00|0.00|0.00|0.00|0.00|0.00|0.00|0.00|0.00|Pauta|0.00|0.00|0.00|0.02|0.00|0.00|0.00|0.00|0.00|0.00|0.00|0.00|0.00|0.00|0.00|0.00|0.00|||||Anexo_5_Cervejas_chopes_refrigerante_águas_e_outras_bebidas.xlsx|Agua_Chop
03|15.0|03.015.00|210690|Bebidas hidroeletrolíticas|Decreto 41.030/21|2021-06-01 00:00:00||0.18|1.4|0.00|0.00|0.00|0.00|0.00|0.00|0.00|0.00|0.00|Pauta|0.00|0.00|0.00|0.02|0.00|0.00|0.00|0.00|0.00|0.00|0.00|0.00|0.00|0.00|0.00|0.00|0.00|||||Anexo_5_Cervejas_chopes_refrigerante_águas_e_outras_bebidas.xlsx|Agua_Chop
03|15.0|03.015.00|22029900|Bebidas hidroeletrolíticas|Decreto 41.030/21|2021-06-01 00:00:00||0.18|1.4|0.00|0.00|0.00|0.00|0.00|0.00|0.00|0.00|0.00|Pauta|0.00|0.00|0.00|0.02|0.00|0.00|0.00|0.00|0.00|0.00|0.00|0.00|0.00|0.00|0.00|0.00|0.00|||||Anexo_5_Cervejas_chopes_refrigerante_águas_e_outras_bebidas.xlsx|Agua_Chop
03|16.0|03.016.00|210690|Bebidas hidroeletrolíticas (isotônicas) em embalagem com capacidade igual ou superior a 600ml|DECRETO ICMS/PB Nº 39.158//Decreto 40.957/20|2019-05-07 00:00:00|2020-11-30 00:00:00|0.18|1.4|0.00|0.00|0.00|0.00|0.00|0.00|0.00|0.00|0.00|Pauta|0.00|0.00|0.00|0.02|0.00|0.00|0.00|0.00|0.00|0.00|0.00|0.00|0.00|0.00|0.00|0.00|0.00|||||Anexo_5_Cervejas_chopes_refrigerante_águas_e_outras_bebidas.xlsx|Agua_Chop
03|16.0|03.016.00|22029900|Bebidas hidroeletrolíticas (isotônicas) em embalagem com capacidade igual ou superior a 600ml|DECRETO ICMS/PB Nº 39.158//Decreto 40.957/20|2019-05-07 00:00:00|2020-11-30 00:00:00|0.18|1.4|0.00|0.00|0.00|0.00|0.00|0.00|0.00|0.00|0.00|Pauta|0.00|0.00|0.00|0.02|0.00|0.00|0.00|0.00|0.00|0.00|0.00|0.00|0.00|0.00|0.00|0.00|0.00|||||Anexo_5_Cervejas_chopes_refrigerante_águas_e_outras_bebidas.xlsx|Agua_Chop
03|16.0|03.016.00|210690|Bebidas hidroeletrolíticas em embalagem com capacidade igual ou superior a 600ml|Decreto 40.957/20//Decreto 41.030/21|2020-12-01 00:00:00|2021-05-31 00:00:00|0.18|1.4|0.00|0.00|0.00|0.00|0.00|0.00|0.00|0.00|0.00|Pauta|0.00|0.00|0.00|0.02|0.00|0.00|0.00|0.00|0.00|0.00|0.00|0.00|0.00|0.00|0.00|0.00|0.00|||||Anexo_5_Cervejas_chopes_refrigerante_águas_e_outras_bebidas.xlsx|Agua_Chop
03|16.0|03.016.00|222029900|Bebidas hidroeletrolíticas em embalagem com capacidade igual ou superior a 600ml|Decreto 40.957/20//Decreto 41.030/21|2020-12-01 00:00:00|2021-05-31 00:00:00|0.18|1.4|0.00|0.00|0.00|0.00|0.00|0.00|0.00|0.00|0.00|Pauta|0.00|0.00|0.00|0.02|0.00|0.00|0.00|0.00|0.00|0.00|0.00|0.00|0.00|0.00|0.00|0.00|0.00|||||Anexo_5_Cervejas_chopes_refrigerante_águas_e_outras_bebidas.xlsx|Agua_Chop
03|21.0|03.021.00|22030000|Cerveja|DECRETO ICMS/PB Nº 39.158// Decreto 41.030/21|2019-05-07 00:00:00|2021-05-31 00:00:00|0.25|1.4|0.00|0.00|0.00|0.00|0.00|0.00|0.00|0.00|0.00|Pauta|0.00|0.00|0.00|0.02|0.00|0.00|0.00|0.00|0.00|0.00|0.00|0.00|0.00|0.00|0.00|0.00|0.00|||||Anexo_5_Cervejas_chopes_refrigerante_águas_e_outras_bebidas.xlsx|Agua_Chop
03|21.0|03.021.00|22030000|Cerveja em garrafa de vidro retornável|Decreto 41.030/21|2021-06-01 00:00:00||0.25|1.4|0.00|0.00|0.00|0.00|0.00|0.00|0.00|0.00|0.00|Pauta|0.00|0.00|0.00|0.02|0.00|0.00|0.00|0.00|0.00|0.00|0.00|0.00|0.00|0.00|0.00|0.00|0.00|||||Anexo_5_Cervejas_chopes_refrigerante_águas_e_outras_bebidas.xlsx|Agua_Chop
03|21.1|03.021.01|22030000|Cerveja em garrafa de vidro descartável|Decreto 41.030/21|2021-06-01 00:00:00||0.25|1.4|0.00|0.00|0.00|0.00|0.00|0.00|0.00|0.00|0.00|Pauta|0.00|0.00|0.00|0.02|0.00|0.00|0.00|0.00|0.00|0.00|0.00|0.00|0.00|0.00|0.00|0.00|0.00|||||Anexo_5_Cervejas_chopes_refrigerante_águas_e_outras_bebidas.xlsx|Agua_Chop
03|21.2|03.021.02|22030000|Cerveja em garrafa de alumínio|Decreto 41.030/21|2021-06-01 00:00:00||0.25|1.4|0.00|0.00|0.00|0.00|0.00|0.00|0.00|0.00|0.00|Pauta|0.00|0.00|0.00|0.02|0.00|0.00|0.00|0.00|0.00|0.00|0.00|0.00|0.00|0.00|0.00|0.00|0.00|||||Anexo_5_Cervejas_chopes_refrigerante_águas_e_outras_bebidas.xlsx|Agua_Chop
03|21.3|03.021.03|22030000|Cerveja em garrafa lata|Decreto 41.030/21|2021-06-01 00:00:00||0.25|1.4|0.00|0.00|0.00|0.00|0.00|0.00|0.00|0.00|0.00|Pauta|0.00|0.00|0.00|0.02|0.00|0.00|0.00|0.00|0.00|0.00|0.00|0.00|0.00|0.00|0.00|0.00|0.00|||||Anexo_5_Cervejas_chopes_refrigerante_águas_e_outras_bebidas.xlsx|Agua_Chop
03|21.4|03.021.04|22030000|Cerveja em barril|Decreto 41.030/21|2021-06-01 00:00:00||0.25|1.4|0.00|0.00|0.00|0.00|0.00|0.00|0.00|0.00|0.00|Pauta|0.00|0.00|0.00|0.02|0.00|0.00|0.00|0.00|0.00|0.00|0.00|0.00|0.00|0.00|0.00|0.00|0.00|||||Anexo_5_Cervejas_chopes_refrigerante_águas_e_outras_bebidas.xlsx|Agua_Chop
03|21.5|03.021.05|22030000|Cerveja em embalagem PET|Decreto 41.503/21//Decreto 41.561/21|2021-06-01 00:00:00||0.25|1.4|0.00|0.00|0.00|0.00|0.00|0.00|0.00|0.00|0.00|Pauta|0.00|0.00|0.00|0.02|0.00|0.00|0.00|0.00|0.00|0.00|0.00|0.00|0.00|0.00|0.00|0.00|0.00|||||Anexo_5_Cervejas_chopes_refrigerante_águas_e_outras_bebidas.xlsx|Agua_Chop
03|21.6|03.021.06|22030000|Cerveja em outras embalagens|Decreto 41.503/21//Decreto 41.561/21|2021-06-01 00:00:00||0.25|1.4|0.00|0.00|0.00|0.00|0.00|0.00|0.00|0.00|0.00|Pauta|0.00|0.00|0.00|0.02|0.00|0.00|0.00|0.00|0.00|0.00|0.00|0.00|0.00|0.00|0.00|0.00|0.00|||||Anexo_5_Cervejas_chopes_refrigerante_águas_e_outras_bebidas.xlsx|Agua_Chop
03|22.0|03.022.00|22029100|Cerveja sem álcool|DECRETO ICMS/PB Nº 39.158// Decreto 41.030/21|2019-05-07 00:00:00|2021-05-31 00:00:00|0.18|1.4|0.00|0.00|0.00|0.00|0.00|0.00|0.00|0.00|0.00|Pauta|0.00|0.00|0.00|0.02|0.00|0.00|0.00|0.00|0.00|0.00|0.00|0.00|0.00|0.00|0.00|0.00|0.00|||||Anexo_5_Cervejas_chopes_refrigerante_águas_e_outras_bebidas.xlsx|Agua_Chop
03|22.0|03.022.00|22029100|Cerveja sem álcool em garrafa de vidro retornável|Decreto 41.030/21|2021-06-01 00:00:00||0.18|1.4|0.00|0.00|0.00|0.00|0.00|0.00|0.00|0.00|0.00|Pauta|0.00|0.00|0.00|0.02|0.00|0.00|0.00|0.00|0.00|0.00|0.00|0.00|0.00|0.00|0.00|0.00|0.00|||||Anexo_5_Cervejas_chopes_refrigerante_águas_e_outras_bebidas.xlsx|Agua_Chop
03|22.1|03.022.01|22029100|Cerveja sem álcool em garrafa de vidro descartável|Decreto 41.030/21|2021-06-01 00:00:00||0.18|1.4|0.00|0.00|0.00|0.00|0.00|0.00|0.00|0.00|0.00|Pauta|0.00|0.00|0.00|0.02|0.00|0.00|0.00|0.00|0.00|0.00|0.00|0.00|0.00|0.00|0.00|0.00|0.00|||||Anexo_5_Cervejas_chopes_refrigerante_águas_e_outras_bebidas.xlsx|Agua_Chop
03|22.2|03.022.02|22029100|Cerveja sem álcool em garrafa de alumínio|Decreto 41.030/21|2021-06-01 00:00:00||0.18|1.4|0.00|0.00|0.00|0.00|0.00|0.00|0.00|0.00|0.00|Pauta|0.00|0.00|0.00|0.02|0.00|0.00|0.00|0.00|0.00|0.00|0.00|0.00|0.00|0.00|0.00|0.00|0.00|||||Anexo_5_Cervejas_chopes_refrigerante_águas_e_outras_bebidas.xlsx|Agua_Chop
03|22.3|03.022.03|22029100|Cerveja sem álcool em lata|Decreto 41.030/21|2021-06-01 00:00:00||0.18|1.4|0.00|0.00|0.00|0.00|0.00|0.00|0.00|0.00|0.00|Pauta|0.00|0.00|0.00|0.02|0.00|0.00|0.00|0.00|0.00|0.00|0.00|0.00|0.00|0.00|0.00|0.00|0.00|||||Anexo_5_Cervejas_chopes_refrigerante_águas_e_outras_bebidas.xlsx|Agua_Chop
03|22.4|03.022.04|22029100|Cerveja sem álcool em barril|Decreto 41.030/21|2021-06-01 00:00:00||0.18|1.4|0.00|0.00|0.00|0.00|0.00|0.00|0.00|0.00|0.00|Pauta|0.00|0.00|0.00|0.02|0.00|0.00|0.00|0.00|0.00|0.00|0.00|0.00|0.00|0.00|0.00|0.00|0.00|||||Anexo_5_Cervejas_chopes_refrigerante_águas_e_outras_bebidas.xlsx|Agua_Chop
03|22.5|03.022.05|22029100|Cerveja sem álcool em embalagem PET|Decreto 41.503/21|2021-06-01 00:00:00||0.18|1.4|0.00|0.00|0.00|0.00|0.00|0.00|0.00|0.00|0.00|Pauta|0.00|0.00|0.00|0.02|0.00|0.00|0.00|0.00|0.00|0.00|0.00|0.00|0.00|0.00|0.00|0.00|0.00|||||Anexo_5_Cervejas_chopes_refrigerante_águas_e_outras_bebidas.xlsx|Agua_Chop
03|22.6|03.022.06|22029100|Cerveja sem álcool em outras embalagem |Decreto 41.503/21|2021-06-01 00:00:00||0.18|1.4|0.00|0.00|0.00|0.00|0.00|0.00|0.00|0.00|0.00|Pauta|0.00|0.00|0.00|0.02|0.00|0.00|0.00|0.00|0.00|0.00|0.00|0.00|0.00|0.00|0.00|0.00|0.00|||||Anexo_5_Cervejas_chopes_refrigerante_águas_e_outras_bebidas.xlsx|Agua_Chop
03|23.0|03.023.00|22030000|Chope|DECRETO ICMS/PB Nº 39.158|2019-05-07 00:00:00||0.25|1.4|0.00|0.00|0.00|0.00|0.00|0.00|0.00|0.00|0.00|Pauta|0.00|0.00|0.00|0.02|0.00|0.00|0.00|0.00|0.00|0.00|0.00|0.00|0.00|0.00|0.00|0.00|0.00|||||Anexo_5_Cervejas_chopes_refrigerante_águas_e_outras_bebidas.xlsx|Agua_Chop
03|24.0|03.024.00|22011000|Água mineral em embalagens retornáveis com capacidade igual ou superior a 10 (dez) e inferior a 20 (vinte) litros|DECRETO ICMS/PB Nº 39.158|2019-05-07 00:00:00||0.18|1|0.00|0.00|0.00|0.00|0.00|0.00|0.00|0.00|0.00|Pauta|0.00|0.00|0.00|0.02|0.00|0.00|0.00|0.00|0.00|0.00|0.00|0.00|0.00|0.00|0.00|0.00|0.00|||||Anexo_5_Cervejas_chopes_refrigerante_águas_e_outras_bebidas.xlsx|Agua_Chop
03|25.0|03.025.00|22011000|Água mineral em embalagens retornáveis com capacidade igual ou superior a 20 (vinte) litros|DECRETO ICMS/PB Nº 39.158|2019-05-07 00:00:00||0.18|1|0.00|0.00|0.00|0.00|0.00|0.00|0.00|0.00|0.00||0.00|0.00|0.00|0.02|0.00|0.00|0.00|0.00|0.00|0.00|0.00|0.00|0.00|0.00|0.00|0.00|0.00|||||Anexo_5_Cervejas_chopes_refrigerante_águas_e_outras_bebidas.xlsx|Agua_Chop
30|1.0|300100|22011000|Água mineral, gasosa ou não, ou potável, naturais, em garrafa de vidro, retornável ou não, com capacidade de até 500 ml|DECRETO ICMS/PB Nº 39.158 // Dec 41.030/21|2019-05-07 00:00:00|2021-06-01 00:00:00|0.18|2.5|0.00|0.00|0.00|0.00|0.00|0.00|0.00|0.00|0.00|Pauta|0.00|0.00|0.00|0.02|0.00|0.00|0.00|0.00|0.00|0.00|0.00|0.00|0.00|0.00|0.00|0.00|0.00|||||Anexo_5_Cervejas_chopes_refrigerante_águas_e_outras_bebidas_2.xlsx|Agua_Chop
30|2.0|300200|22011000|Água mineral, gasosa ou não, ou potável, naturais, em embalagem com capacidade igual ou superior a 5.000 ml; exceto as classificadas no CEST 03.024.00 e 03.025.00|DECRETO ICMS/PB Nº 39.158 // Dec 41.030/21|2019-05-07 00:00:00|2021-06-01 00:00:00|0.18|1|0.00|0.00|0.00|0.00|0.00|0.00|0.00|0.00|0.00|Pauta|0.00|0.00|0.00|0.02|0.00|0.00|0.00|0.00|0.00|0.00|0.00|0.00|0.00|0.00|0.00|0.00|0.00|||||Anexo_5_Cervejas_chopes_refrigerante_águas_e_outras_bebidas_2.xlsx|Agua_Chop
30|3.0|300300|22011000|Água mineral, gasosa ou não, ou potável, naturais, em embalagem de vidro, não retornável, com capacidade de até 300 ml|DECRETO ICMS/PB Nº 39.158//Dec 41.030/21|2019-05-07 00:00:00|2021-05-31 00:00:00|0.18|1.4|0.00|0.00|0.00|0.00|0.00|0.00|0.00|0.00|0.00|Pauta|0.00|0.00|0.00|0.02|0.00|0.00|0.00|0.00|0.00|0.00|0.00|0.00|0.00|0.00|0.00|0.00|0.00|||||Anexo_5_Cervejas_chopes_refrigerante_águas_e_outras_bebidas_2.xlsx|Agua_Chop
30|3.0|300300|22011000|Água mineral, gasosa ou não, ou potável, naturais, em embalagem de vidro descartável|Decreto  41.030/21|2021-06-01 00:00:00|2023-12-31 00:00:00|0.18|1.4|0.00|0.00|0.00|0.00|0.00|0.00|0.00|0.00|0.00|Pauta|0.00|0.00|0.00|0.02|0.00|0.00|0.00|0.00|0.00|0.00|0.00|0.00|0.00|0.00|0.00|0.00|0.00|||||Anexo_5_Cervejas_chopes_refrigerante_águas_e_outras_bebidas_2.xlsx|Agua_Chop
30|3.0|300300|22011000|Água mineral, gasosa ou não, ou potável, naturais, em embalagem de vidro descartável|DECRETO ICMS/PB Nº 44.681/23//DECRETO ICMS/PB Nº 45.402/24|2024-01-01 00:00:00|2024-08-31 00:00:00|0.2|1.4|0.00|0.00|0.00|0.00|0.00|0.00|0.00|0.00|0.00|Pauta|0.00|0.00|0.00|0.02|0.00|0.00|0.00|0.00|0.00|0.00|0.00|0.00|0.00|0.00|0.00|0.00|0.00|||||Anexo_5_Cervejas_chopes_refrigerante_águas_e_outras_bebidas_2.xlsx|Agua_Chop
30|3.0|300300|22011000|Água mineral, gasosa ou não, ou potável, naturais, em embalagem de vidro descartável|DECRETO ICMS/PB Nº 45.402/24|2024-09-01 00:00:00||0.2|1.4|0.00|0.00|0.00|0.00|0.00|0.00|0.00|0.00|0.00|Pauta|0.00|0.00|0.00|0.02|0.00|0.00|0.00|0.00|0.00|0.00|0.00|0.00|0.00|0.00|0.00|0.00|0.00|||||Anexo_5_Cervejas_chopes_refrigerante_águas_e_outras_bebidas_2.xlsx|Agua_Chop
30|3.0|300300|22019000|Água mineral, gasosa ou não, ou potável, naturais, em embalagem de vidro descartável|DECRETO ICMS/PB Nº 45.402/24|2024-09-01 00:00:00||0.2|1.4|0.00|0.00|0.00|0.00|0.00|0.00|0.00|0.00|0.00|Pauta|0.00|0.00|0.00|0.02|0.00|0.00|0.00|0.00|0.00|0.00|0.00|0.00|0.00|0.00|0.00|0.00|0.00|||||Anexo_5_Cervejas_chopes_refrigerante_águas_e_outras_bebidas_2.xlsx|Agua_Chop
30|3.1|300301|22011000|Água mineral, gasosa ou não, ou potável, naturais, adicionadas de sais, em embalagem de vidro descartável|Decreto  41.030/21|2021-06-01 00:00:00|2023-12-31 00:00:00|0.18|1.4|0.00|0.00|0.00|0.00|0.00|0.00|0.00|0.00|0.00|Pauta|0.00|0.00|0.00|0.02|0.00|0.00|0.00|0.00|0.00|0.00|0.00|0.00|0.00|0.00|0.00|0.00|0.00|||||Anexo_5_Cervejas_chopes_refrigerante_águas_e_outras_bebidas_2.xlsx|Agua_Chop
30|3.1|300301|22011000|Água mineral, gasosa ou não, ou potável, naturais, adicionadas de sais, em embalagem de vidro descartável|DECRETO ICMS/PB Nº 44.681/23//DECRETO ICMS/PB Nº 45.402/24|2024-01-01 00:00:00|2024-08-31 00:00:00|0.2|1.4|0.00|0.00|0.00|0.00|0.00|0.00|0.00|0.00|0.00|Pauta|0.00|0.00|0.00|0.02|0.00|0.00|0.00|0.00|0.00|0.00|0.00|0.00|0.00|0.00|0.00|0.00|0.00|||||Anexo_5_Cervejas_chopes_refrigerante_águas_e_outras_bebidas_2.xlsx|Agua_Chop
30|3.1|300301|22011000|Água mineral, gasosa ou não, ou potável, naturais, adicionadas de sais, em embalagem de vidro descartável|DECRETO ICMS/PB Nº 45.402/24|2024-09-01 00:00:00||0.2|1.4|0.00|0.00|0.00|0.00|0.00|0.00|0.00|0.00|0.00|Pauta|0.00|0.00|0.00|0.02|0.00|0.00|0.00|0.00|0.00|0.00|0.00|0.00|0.00|0.00|0.00|0.00|0.00|||||Anexo_5_Cervejas_chopes_refrigerante_águas_e_outras_bebidas_2.xlsx|Agua_Chop
30|3.1|300301|22019000|Água mineral, gasosa ou não, ou potável, naturais, adicionadas de sais, em embalagem de vidro descartável|DECRETO ICMS/PB Nº 45.402/24|2024-09-01 00:00:00||0.2|1.4|0.00|0.00|0.00|0.00|0.00|0.00|0.00|0.00|0.00|Pauta|0.00|0.00|0.00|0.02|0.00|0.00|0.00|0.00|0.00|0.00|0.00|0.00|0.00|0.00|0.00|0.00|0.00|||||Anexo_5_Cervejas_chopes_refrigerante_águas_e_outras_bebidas_2.xlsx|Agua_Chop
30|4.0|300400|22011000|Água mineral, gasosa ou não, ou potável, naturais, em garrafa plástica de 1.500 ml|DECRETO ICMS/PB Nº 39.158//Dec 41.030/21|2019-05-07 00:00:00|2021-06-01 00:00:00|0.18|1.2|0.00|0.00|0.00|0.00|0.00|0.00|0.00|0.00|0.00|Pauta|0.00|0.00|0.00|0.02|0.00|0.00|0.00|0.00|0.00|0.00|0.00|0.00|0.00|0.00|0.00|0.00|0.00|||||Anexo_5_Cervejas_chopes_refrigerante_águas_e_outras_bebidas_2.xlsx|Agua_Chop
30|5.0|300500|22011000|Água mineral, gasosa ou não, ou potável, naturais, em copos plásticos e embalagem plástica com capacidade de até 500 ml|DECRETO ICMS/PB Nº 39.158//Dec 41.030/21|2019-05-07 00:00:00|2021-05-31 00:00:00|0.18|1.4|0.00|0.00|0.00|0.00|0.00|0.00|0.00|0.00|0.00|Pauta|0.00|0.00|0.00|0.02|0.00|0.00|0.00|0.00|0.00|0.00|0.00|0.00|0.00|0.00|0.00|0.00|0.00|||||Anexo_5_Cervejas_chopes_refrigerante_águas_e_outras_bebidas_2.xlsx|Agua_Chop
30|5.0|300500|22011000|Água mineral, gasosa ou não, ou potável, naturais, em copos plásticos descartável|Dec 41.030/21|2021-06-01 00:00:00|2023-12-31 00:00:00|0.18|1.4|0.00|0.00|0.00|0.00|0.00|0.00|0.00|0.00|0.00|Pauta|0.00|0.00|0.00|0.02|0.00|0.00|0.00|0.00|0.00|0.00|0.00|0.00|0.00|0.00|0.00|0.00|0.00|||||Anexo_5_Cervejas_chopes_refrigerante_águas_e_outras_bebidas_2.xlsx|Agua_Chop
30|5.0|300500|22011000|Água mineral, gasosa ou não, ou potável, naturais, em copos plásticos descartável|DECRETO ICMS/PB Nº 44.681/23//DECRETO ICMS/PB Nº 45.402/24|2024-01-01 00:00:00|2024-08-31 00:00:00|0.2|1.4|0.00|0.00|0.00|0.00|0.00|0.00|0.00|0.00|0.00|Pauta|0.00|0.00|0.00|0.02|0.00|0.00|0.00|0.00|0.00|0.00|0.00|0.00|0.00|0.00|0.00|0.00|0.00|||||Anexo_5_Cervejas_chopes_refrigerante_águas_e_outras_bebidas_2.xlsx|Agua_Chop
30|5.0|300500|22011000|Água mineral, gasosa ou não, ou potável, naturais, em copos plásticos descartável|DECRETO ICMS/PB Nº 45.402/24|2024-09-01 00:00:00||0.2|1.4|0.00|0.00|0.00|0.00|0.00|0.00|0.00|0.00|0.00|Pauta|0.00|0.00|0.00|0.02|0.00|0.00|0.00|0.00|0.00|0.00|0.00|0.00|0.00|0.00|0.00|0.00|0.00|||||Anexo_5_Cervejas_chopes_refrigerante_águas_e_outras_bebidas_2.xlsx|Agua_Chop
30|5.0|300500|22019000|Água mineral, gasosa ou não, ou potável, naturais, em copos plásticos descartável|DECRETO ICMS/PB Nº 45.402/24|2024-09-01 00:00:00||0.2|1.4|0.00|0.00|0.00|0.00|0.00|0.00|0.00|0.00|0.00|Pauta|0.00|0.00|0.00|0.02|0.00|0.00|0.00|0.00|0.00|0.00|0.00|0.00|0.00|0.00|0.00|0.00|0.00|||||Anexo_5_Cervejas_chopes_refrigerante_águas_e_outras_bebidas_2.xlsx|Agua_Chop
30|5.1|300501|22011000|Água mineral, gasosa ou não, ou potável, naturais, adicionadas de sais, em copo plástico descartável|Dec 41.030/21|2021-06-01 00:00:00|2023-12-31 00:00:00|0.18|1.4|0.00|0.00|0.00|0.00|0.00|0.00|0.00|0.00|0.00|Pauta|0.00|0.00|0.00|0.02|0.00|0.00|0.00|0.00|0.00|0.00|0.00|0.00|0.00|0.00|0.00|0.00|0.00|||||Anexo_5_Cervejas_chopes_refrigerante_águas_e_outras_bebidas_2.xlsx|Agua_Chop
30|5.1|300501|22011000|Água mineral, gasosa ou não, ou potável, naturais, adicionadas de sais, em copo plástico descartável|DECRETO ICMS/PB Nº 44.681/23//DECRETO ICMS/PB Nº 45.402/2024|2024-01-01 00:00:00|2024-08-31 00:00:00|0.2|1.4|0.00|0.00|0.00|0.00|0.00|0.00|0.00|0.00|0.00|Pauta|0.00|0.00|0.00|0.02|0.00|0.00|0.00|0.00|0.00|0.00|0.00|0.00|0.00|0.00|0.00|0.00|0.00|||||Anexo_5_Cervejas_chopes_refrigerante_águas_e_outras_bebidas_2.xlsx|Agua_Chop
30|5.1|300501|22011000|Água mineral, gasosa ou não, ou potável, naturais, adicionadas de sais, em copo plástico descartável|DECRETO ICMS/PB Nº 45.402/2024|2024-09-01 00:00:00||0.2|1.4|0.00|0.00|0.00|0.00|0.00|0.00|0.00|0.00|0.00|Pauta|0.00|0.00|0.00|0.02|0.00|0.00|0.00|0.00|0.00|0.00|0.00|0.00|0.00|0.00|0.00|0.00|0.00|||||Anexo_5_Cervejas_chopes_refrigerante_águas_e_outras_bebidas_2.xlsx|Agua_Chop
30|5.1|300501|22019000|Água mineral, gasosa ou não, ou potável, naturais, adicionadas de sais, em copo plástico descartável|DECRETO ICMS/PB Nº 45.402/2024|2024-09-01 00:00:00||0.2|1.4|0.00|0.00|0.00|0.00|0.00|0.00|0.00|0.00|0.00|Pauta|0.00|0.00|0.00|0.02|0.00|0.00|0.00|0.00|0.00|0.00|0.00|0.00|0.00|0.00|0.00|0.00|0.00|||||Anexo_5_Cervejas_chopes_refrigerante_águas_e_outras_bebidas_2.xlsx|Agua_Chop
30|5.2|300502|22011000|Água mineral, gasosa ou não, ou potável, naturais, em jarra descartável|Dec 41.030/21|2021-06-01 00:00:00|2023-12-31 00:00:00|0.18|1.4|0.00|0.00|0.00|0.00|0.00|0.00|0.00|0.00|0.00|Pauta|0.00|0.00|0.00|0.02|0.00|0.00|0.00|0.00|0.00|0.00|0.00|0.00|0.00|0.00|0.00|0.00|0.00|||||Anexo_5_Cervejas_chopes_refrigerante_águas_e_outras_bebidas_2.xlsx|Agua_Chop
30|5.2|300502|22011000|Água mineral, gasosa ou não, ou potável, naturais, em jarra descartável|DECRETO ICMS/PB Nº 44.681/23//DECRETO ICMS/PB Nº 45.402/2024|2024-01-01 00:00:00|2024-08-31 00:00:00|0.2|1.4|0.00|0.00|0.00|0.00|0.00|0.00|0.00|0.00|0.00|Pauta|0.00|0.00|0.00|0.02|0.00|0.00|0.00|0.00|0.00|0.00|0.00|0.00|0.00|0.00|0.00|0.00|0.00|||||Anexo_5_Cervejas_chopes_refrigerante_águas_e_outras_bebidas_2.xlsx|Agua_Chop
30|5.2|300502|22011000|Água mineral, gasosa ou não, ou potável, naturais, em jarra descartável|DECRETO ICMS/PB Nº 45.402/2024|2024-09-01 00:00:00||0.2|1.4|0.00|0.00|0.00|0.00|0.00|0.00|0.00|0.00|0.00|Pauta|0.00|0.00|0.00|0.02|0.00|0.00|0.00|0.00|0.00|0.00|0.00|0.00|0.00|0.00|0.00|0.00|0.00|||||Anexo_5_Cervejas_chopes_refrigerante_águas_e_outras_bebidas_2.xlsx|Agua_Chop
30|5.2|300502|22019000|Água mineral, gasosa ou não, ou potável, naturais, em jarra descartável|DECRETO ICMS/PB Nº 45.402/2024|2024-09-01 00:00:00||0.2|1.4|0.00|0.00|0.00|0.00|0.00|0.00|0.00|0.00|0.00|Pauta|0.00|0.00|0.00|0.02|0.00|0.00|0.00|0.00|0.00|0.00|0.00|0.00|0.00|0.00|0.00|0.00|0.00|||||Anexo_5_Cervejas_chopes_refrigerante_águas_e_outras_bebidas_2.xlsx|Agua_Chop
30|5.3|300503|22011000|Água mineral, gasosa ou não, ou potável, naturais, adicionadas de sais, em jarra descartável|Dec 41.030/21|2021-06-01 00:00:00|2023-12-31 00:00:00|0.18|1.4|0.00|0.00|0.00|0.00|0.00|0.00|0.00|0.00|0.00|Pauta|0.00|0.00|0.00|0.02|0.00|0.00|0.00|0.00|0.00|0.00|0.00|0.00|0.00|0.00|0.00|0.00|0.00|||||Anexo_5_Cervejas_chopes_refrigerante_águas_e_outras_bebidas_2.xlsx|Agua_Chop
30|5.3|300503|22011000|Água mineral, gasosa ou não, ou potável, naturais, adicionadas de sais, em jarra descartável|DECRETO ICMS/PB Nº 44.681/23//DECRETO ICMS/PB Nº 45.402/2024|2024-01-01 00:00:00|2024-08-31 00:00:00|0.2|1.4|0.00|0.00|0.00|0.00|0.00|0.00|0.00|0.00|0.00|Pauta|0.00|0.00|0.00|0.02|0.00|0.00|0.00|0.00|0.00|0.00|0.00|0.00|0.00|0.00|0.00|0.00|0.00|||||Anexo_5_Cervejas_chopes_refrigerante_águas_e_outras_bebidas_2.xlsx|Agua_Chop
30|5.3|300503|22011000|Água mineral, gasosa ou não, ou potável, naturais, adicionadas de sais, em jarra descartável|DECRETO ICMS/PB Nº 45.402/2024|2024-09-01 00:00:00||0.2|1.4|0.00|0.00|0.00|0.00|0.00|0.00|0.00|0.00|0.00|Pauta|0.00|0.00|0.00|0.02|0.00|0.00|0.00|0.00|0.00|0.00|0.00|0.00|0.00|0.00|0.00|0.00|0.00|||||Anexo_5_Cervejas_chopes_refrigerante_águas_e_outras_bebidas_2.xlsx|Agua_Chop
30|5.3|300503|22019000|Água mineral, gasosa ou não, ou potável, naturais, adicionadas de sais, em jarra descartável|DECRETO ICMS/PB Nº 45.402/2024|2024-09-01 00:00:00||0.2|1.4|0.00|0.00|0.00|0.00|0.00|0.00|0.00|0.00|0.00|Pauta|0.00|0.00|0.00|0.02|0.00|0.00|0.00|0.00|0.00|0.00|0.00|0.00|0.00|0.00|0.00|0.00|0.00|||||Anexo_5_Cervejas_chopes_refrigerante_águas_e_outras_bebidas_2.xlsx|Agua_Chop
30|5.4|300504|22011000|Água mineral, gasosa ou não, ou potável, naturais, em demais embalagens descartáveis|Dec 41.030/21|2021-06-01 00:00:00|2023-12-31 00:00:00|0.18|1.4|0.00|0.00|0.00|0.00|0.00|0.00|0.00|0.00|0.00|Pauta|0.00|0.00|0.00|0.02|0.00|0.00|0.00|0.00|0.00|0.00|0.00|0.00|0.00|0.00|0.00|0.00|0.00|||||Anexo_5_Cervejas_chopes_refrigerante_águas_e_outras_bebidas_2.xlsx|Agua_Chop
30|5.4|300504|22011000|Água mineral, gasosa ou não, ou potável, naturais, em demais embalagens descartáveis|DECRETO ICMS/PB Nº 44.681/23//DECRETO ICMS/PB Nº 45.402/2024|2024-01-01 00:00:00|2024-08-31 00:00:00|0.2|1.4|0.00|0.00|0.00|0.00|0.00|0.00|0.00|0.00|0.00|Pauta|0.00|0.00|0.00|0.02|0.00|0.00|0.00|0.00|0.00|0.00|0.00|0.00|0.00|0.00|0.00|0.00|0.00|||||Anexo_5_Cervejas_chopes_refrigerante_águas_e_outras_bebidas_2.xlsx|Agua_Chop
30|5.4|300504|22011000|Água mineral, gasosa ou não, ou potável, naturais, em demais embalagens descartáveis|DECRETO ICMS/PB Nº 45.402/2024|2024-09-01 00:00:00||0.2|1.4|0.00|0.00|0.00|0.00|0.00|0.00|0.00|0.00|0.00|Pauta|0.00|0.00|0.00|0.02|0.00|0.00|0.00|0.00|0.00|0.00|0.00|0.00|0.00|0.00|0.00|0.00|0.00|||||Anexo_5_Cervejas_chopes_refrigerante_águas_e_outras_bebidas_2.xlsx|Agua_Chop
30|5.4|300504|22019000|Água mineral, gasosa ou não, ou potável, naturais, em demais embalagens descartáveis|DECRETO ICMS/PB Nº 45.402/2024|2024-09-01 00:00:00||0.2|1.4|0.00|0.00|0.00|0.00|0.00|0.00|0.00|0.00|0.00|Pauta|0.00|0.00|0.00|0.02|0.00|0.00|0.00|0.00|0.00|0.00|0.00|0.00|0.00|0.00|0.00|0.00|0.00|||||Anexo_5_Cervejas_chopes_refrigerante_águas_e_outras_bebidas_2.xlsx|Agua_Chop
30|5.5|300505|22011000|Água mineral, gasosa ou não, ou potável, naturais, adicionadas de sais, em demais embalagens descartáveis|Dec 41.030/21|2021-06-01 00:00:00|2023-12-31 00:00:00|0.18|1.4|0.00|0.00|0.00|0.00|0.00|0.00|0.00|0.00|0.00|Pauta|0.00|0.00|0.00|0.02|0.00|0.00|0.00|0.00|0.00|0.00|0.00|0.00|0.00|0.00|0.00|0.00|0.00|||||Anexo_5_Cervejas_chopes_refrigerante_águas_e_outras_bebidas_2.xlsx|Agua_Chop
30|5.5|300505|22011000|Água mineral, gasosa ou não, ou potável, naturais, adicionadas de sais, em demais embalagens descartáveis|DECRETO ICMS/PB Nº 44.681/23//DECRETO ICMS/PB Nº 45.402/2024|2024-01-01 00:00:00|2024-08-31 00:00:00|0.2|1.4|0.00|0.00|0.00|0.00|0.00|0.00|0.00|0.00|0.00|Pauta|0.00|0.00|0.00|0.02|0.00|0.00|0.00|0.00|0.00|0.00|0.00|0.00|0.00|0.00|0.00|0.00|0.00|||||Anexo_5_Cervejas_chopes_refrigerante_águas_e_outras_bebidas_2.xlsx|Agua_Chop
30|5.5|300505|22011000|Água mineral, gasosa ou não, ou potável, naturais, adicionadas de sais, em demais embalagens descartáveis|DECRETO ICMS/PB Nº 45.402/2024|2024-09-01 00:00:00||0.2|1.4|0.00|0.00|0.00|0.00|0.00|0.00|0.00|0.00|0.00|Pauta|0.00|0.00|0.00|0.02|0.00|0.00|0.00|0.00|0.00|0.00|0.00|0.00|0.00|0.00|0.00|0.00|0.00|||||Anexo_5_Cervejas_chopes_refrigerante_águas_e_outras_bebidas_2.xlsx|Agua_Chop
30|5.5|300505|22019000|Água mineral, gasosa ou não, ou potável, naturais, adicionadas de sais, em demais embalagens descartáveis|DECRETO ICMS/PB Nº 45.402/2024|2024-09-01 00:00:00||0.2|1.4|0.00|0.00|0.00|0.00|0.00|0.00|0.00|0.00|0.00|Pauta|0.00|0.00|0.00|0.02|0.00|0.00|0.00|0.00|0.00|0.00|0.00|0.00|0.00|0.00|0.00|0.00|0.00|||||Anexo_5_Cervejas_chopes_refrigerante_águas_e_outras_bebidas_2.xlsx|Agua_Chop
30|6.0|300600|2201|Outras águas minerais,  gasosas ou não, ou potável, naturais;exceto as classificadas no CEST 03.003.00, 03.003.01, 03.005.00,03.005.01 a 03.005.05, 03.024.00 e 03.025.00|Decreto 41.030/21|2021-06-01 00:00:00|2023-12-31 00:00:00|0.18|1.4|0.00|0.00|0.00|0.00|0.00|0.00|0.00|0.00|0.00|Pauta|0.00|0.00|0.00|0.02|0.00|0.00|0.00|0.00|0.00|0.00|0.00|0.00|0.00|0.00|0.00|0.00|0.00|||||Anexo_5_Cervejas_chopes_refrigerante_águas_e_outras_bebidas_2.xlsx|Agua_Chop
30|6.0|300600|2201|Outras águas minerais,  gasosas ou não, ou potável, naturais;exceto as classificadas no CEST 03.003.00, 03.003.01, 03.005.00,03.005.01 a 03.005.05, 03.024.00 e 03.025.00|DECRETO ICMS/PB Nº 44.681/23|2024-01-01 00:00:00||0.2|1.4|0.00|0.00|0.00|0.00|0.00|0.00|0.00|0.00|0.00|Pauta|0.00|0.00|0.00|0.02|0.00|0.00|0.00|0.00|0.00|0.00|0.00|0.00|0.00|0.00|0.00|0.00|0.00|||||Anexo_5_Cervejas_chopes_refrigerante_águas_e_outras_bebidas_2.xlsx|Agua_Chop
30|6.0|300600|22011000|Outras águas minerais, potáveis ou naturais, gasosas ou não, inclusive gaseificadas; exceto as classificadas no CEST 03.024.00 e 03.025.00|DECRETO ICMS/PB Nº 39.158// Decreto 41.030/21|2019-05-07 00:00:00|2021-05-31 00:00:00|0.18|1.4|0.00|0.00|0.00|0.00|0.00|0.00|0.00|0.00|0.00||0.00|0.00|0.00|0.02|0.00|0.00|0.00|0.00|0.00|0.00|0.00|0.00|0.00|0.00|0.00|0.00|0.00|||||Anexo_5_Cervejas_chopes_refrigerante_águas_e_outras_bebidas_2.xlsx|Agua_Chop
30|7.0|300700|22021000|Águas minerais, potáveis ou naturais, gasosas ou não, inclusive gaseificadas ou aromatizadas artificialmente, exceto os refrescos e refrigerantes|DECRETO ICMS/PB Nº 39.158//Dec 41.030/21|2019-05-07 00:00:00|2021-05-31 00:00:00|0.18|1.4|0.00|0.00|0.00|0.00|0.00|0.00|0.00|0.00|0.00||0.00|0.00|0.00|0.02|0.00|0.00|0.00|0.00|0.00|0.00|0.00|0.00|0.00|0.00|0.00|0.00|0.00|||||Anexo_5_Cervejas_chopes_refrigerante_águas_e_outras_bebidas_2.xlsx|Agua_Chop
30|7.0|300700|22021000|Água aromatizadas artificialmente, exceto os refrescos e refrigerantes|Decreto 41.030/21|2021-06-01 00:00:00|2023-12-31 00:00:00|0.18|1.4|0.00|0.00|0.00|0.00|0.00|0.00|0.00|0.00|0.00|Pauta|0.00|0.00|0.00|0.02|0.00|0.00|0.00|0.00|0.00|0.00|0.00|0.00|0.00|0.00|0.00|0.00|0.00|||||Anexo_5_Cervejas_chopes_refrigerante_águas_e_outras_bebidas_2.xlsx|Agua_Chop
30|7.0|300700|22021000|Água aromatizadas artificialmente, exceto os refrescos e refrigerantes|DECRETO ICMS/PB Nº 44.681/23|2024-01-01 00:00:00||0.2|1.4|0.00|0.00|0.00|0.00|0.00|0.00|0.00|0.00|0.00|Pauta|0.00|0.00|0.00|0.02|0.00|0.00|0.00|0.00|0.00|0.00|0.00|0.00|0.00|0.00|0.00|0.00|0.00|||||Anexo_5_Cervejas_chopes_refrigerante_águas_e_outras_bebidas_2.xlsx|Agua_Chop
30|8.0|300800|22029900|Outras águas minerais, potáveis ou naturais, gasosas ou não, inclusive gaseificadas ou aromatizadas artificialmente|DECRETO ICMS/PB Nº 39.158//Dec 41.030/21|2019-05-07 00:00:00|2021-05-31 00:00:00|0.18|1.4|0.00|0.00|0.00|0.00|0.00|0.00|0.00|0.00|0.00||0.00|0.00|0.00|0.02|0.00|0.00|0.00|0.00|0.00|0.00|0.00|0.00|0.00|0.00|0.00|0.00|0.00|||||Anexo_5_Cervejas_chopes_refrigerante_águas_e_outras_bebidas_2.xlsx|Agua_Chop
30|8.0|300800|22029900|Outras águas minerais, gasosas ou não,ou potável,naturais,  inclusive gaseificadas ou aromatizadas artificialmente, exceto os refrescos e refrigerantes|Decreto 41.030/21|2021-06-01 00:00:00|2023-12-31 00:00:00|0.18|1.4|0.00|0.00|0.00|0.00|0.00|0.00|0.00|0.00|0.00|Pauta|0.00|0.00|0.00|0.02|0.00|0.00|0.00|0.00|0.00|0.00|0.00|0.00|0.00|0.00|0.00|0.00|0.00|||||Anexo_5_Cervejas_chopes_refrigerante_águas_e_outras_bebidas_2.xlsx|Agua_Chop
30|8.0|300800|22029900|Outras águas minerais, gasosas ou não,ou potável,naturais,  inclusive gaseificadas ou aromatizadas artificialmente, exceto os refrescos e refrigerantes|DECRETO ICMS/PB Nº 44.681/23|2024-01-01 00:00:00||0.2|1.4|0.00|0.00|0.00|0.00|0.00|0.00|0.00|0.00|0.00|Pauta|0.00|0.00|0.00|0.02|0.00|0.00|0.00|0.00|0.00|0.00|0.00|0.00|0.00|0.00|0.00|0.00|0.00|||||Anexo_5_Cervejas_chopes_refrigerante_águas_e_outras_bebidas_2.xlsx|Agua_Chop
30|10.0|301000|2202|Refrigerantes em garrafa com capacidade igual ou superior a 600 ml, exceto os classificados no CEST 03.011.01|DECRETO ICMS/PB Nº 39.158//Dec 41.030/21|2019-05-07 00:00:00|2021-05-31 00:00:00|0.18|1.4|0.00|0.00|0.00|0.00|0.00|0.00|0.00|0.00|0.00|Pauta|0.00|0.00|0.00|0.02|0.00|0.00|0.00|0.00|0.00|0.00|0.00|0.00|0.00|0.00|0.00|0.00|0.00|||||Anexo_5_Cervejas_chopes_refrigerante_águas_e_outras_bebidas_2.xlsx|Agua_Chop
30|10.0|301000|22021000|Refrigerantes em vidro descartável|Decreto 41.030/21|2021-06-01 00:00:00|2023-12-31 00:00:00|0.18|1.4|0.00|0.00|0.00|0.00|0.00|0.00|0.00|0.00|0.00|Pauta|0.00|0.00|0.00|0.02|0.00|0.00|0.00|0.00|0.00|0.00|0.00|0.00|0.00|0.00|0.00|0.00|0.00|||||Anexo_5_Cervejas_chopes_refrigerante_águas_e_outras_bebidas_2.xlsx|Agua_Chop
30|10.0|301000|22021000|Refrigerantes em vidro descartável|DECRETO ICMS/PB Nº 44.681/23|2024-01-01 00:00:00||0.2|1.4|0.00|0.00|0.00|0.00|0.00|0.00|0.00|0.00|0.00|Pauta|0.00|0.00|0.00|0.02|0.00|0.00|0.00|0.00|0.00|0.00|0.00|0.00|0.00|0.00|0.00|0.00|0.00|||||Anexo_5_Cervejas_chopes_refrigerante_águas_e_outras_bebidas_2.xlsx|Agua_Chop
30|10.0|301000|22029900|Refrigerantes em vidro descartável|Decreto 41.030/21|2021-06-01 00:00:00|2023-12-31 00:00:00|0.18|1.4|0.00|0.00|0.00|0.00|0.00|0.00|0.00|0.00|0.00|Pauta|0.00|0.00|0.00|0.02|0.00|0.00|0.00|0.00|0.00|0.00|0.00|0.00|0.00|0.00|0.00|0.00|0.00|||||Anexo_5_Cervejas_chopes_refrigerante_águas_e_outras_bebidas_2.xlsx|Agua_Chop
30|10.0|301000|22029900|Refrigerantes em vidro descartável|DECRETO ICMS/PB Nº 44.681/23|2024-01-01 00:00:00||0.2|1.4|0.00|0.00|0.00|0.00|0.00|0.00|0.00|0.00|0.00|Pauta|0.00|0.00|0.00|0.02|0.00|0.00|0.00|0.00|0.00|0.00|0.00|0.00|0.00|0.00|0.00|0.00|0.00|||||Anexo_5_Cervejas_chopes_refrigerante_águas_e_outras_bebidas_2.xlsx|Agua_Chop
30|10.1|301001|22021000|Refrigerante em embalagem pet|Decreto 41.030/21|2021-06-01 00:00:00|2023-12-31 00:00:00|0.18|1.4|0.00|0.00|0.00|0.00|0.00|0.00|0.00|0.00|0.00|Pauta|0.00|0.00|0.00|0.02|0.00|0.00|0.00|0.00|0.00|0.00|0.00|0.00|0.00|0.00|0.00|0.00|0.00|||||Anexo_5_Cervejas_chopes_refrigerante_águas_e_outras_bebidas_2.xlsx|Agua_Chop
30|10.1|301001|22021000|Refrigerante em embalagem pet|DECRETO ICMS/PB Nº 44.681/23|2024-01-01 00:00:00||0.2|1.4|0.00|0.00|0.00|0.00|0.00|0.00|0.00|0.00|0.00|Pauta|0.00|0.00|0.00|0.02|0.00|0.00|0.00|0.00|0.00|0.00|0.00|0.00|0.00|0.00|0.00|0.00|0.00|||||Anexo_5_Cervejas_chopes_refrigerante_águas_e_outras_bebidas_2.xlsx|Agua_Chop
30|10.1|301001|22029900|Refrigerante em embalagem pet|Decreto 41.030/21|2021-06-01 00:00:00|2023-12-31 00:00:00|0.18|1.4|0.00|0.00|0.00|0.00|0.00|0.00|0.00|0.00|0.00|Pauta|0.00|0.00|0.00|0.02|0.00|0.00|0.00|0.00|0.00|0.00|0.00|0.00|0.00|0.00|0.00|0.00|0.00|||||Anexo_5_Cervejas_chopes_refrigerante_águas_e_outras_bebidas_2.xlsx|Agua_Chop
30|10.1|301001|22029900|Refrigerante em embalagem pet|DECRETO ICMS/PB Nº 44.681/23|2024-01-01 00:00:00||0.2|1.4|0.00|0.00|0.00|0.00|0.00|0.00|0.00|0.00|0.00|Pauta|0.00|0.00|0.00|0.02|0.00|0.00|0.00|0.00|0.00|0.00|0.00|0.00|0.00|0.00|0.00|0.00|0.00|||||Anexo_5_Cervejas_chopes_refrigerante_águas_e_outras_bebidas_2.xlsx|Agua_Chop
30|10.2|301002|22021000|Refrigerante em lata|Decreto 41.030/21|2021-06-01 00:00:00|2023-12-31 00:00:00|0.18|1.4|0.00|0.00|0.00|0.00|0.00|0.00|0.00|0.00|0.00|Pauta|0.00|0.00|0.00|0.02|0.00|0.00|0.00|0.00|0.00|0.00|0.00|0.00|0.00|0.00|0.00|0.00|0.00|||||Anexo_5_Cervejas_chopes_refrigerante_águas_e_outras_bebidas_2.xlsx|Agua_Chop
30|10.2|301002|22021000|Refrigerante em lata|DECRETO ICMS/PB Nº 44.681/23|2024-01-01 00:00:00||0.2|1.4|0.00|0.00|0.00|0.00|0.00|0.00|0.00|0.00|0.00|Pauta|0.00|0.00|0.00|0.02|0.00|0.00|0.00|0.00|0.00|0.00|0.00|0.00|0.00|0.00|0.00|0.00|0.00|||||Anexo_5_Cervejas_chopes_refrigerante_águas_e_outras_bebidas_2.xlsx|Agua_Chop
30|10.2|301002|22029900|Refrigerante em lata|Decreto 41.030/21|2021-06-01 00:00:00|2023-12-31 00:00:00|0.18|1.4|0.00|0.00|0.00|0.00|0.00|0.00|0.00|0.00|0.00|Pauta|0.00|0.00|0.00|0.02|0.00|0.00|0.00|0.00|0.00|0.00|0.00|0.00|0.00|0.00|0.00|0.00|0.00|||||Anexo_5_Cervejas_chopes_refrigerante_águas_e_outras_bebidas_2.xlsx|Agua_Chop
30|10.2|301002|22029900|Refrigerante em lata|DECRETO ICMS/PB Nº 44.681/23|2024-01-01 00:00:00||0.2|1.4|0.00|0.00|0.00|0.00|0.00|0.00|0.00|0.00|0.00|Pauta|0.00|0.00|0.00|0.02|0.00|0.00|0.00|0.00|0.00|0.00|0.00|0.00|0.00|0.00|0.00|0.00|0.00|||||Anexo_5_Cervejas_chopes_refrigerante_águas_e_outras_bebidas_2.xlsx|Agua_Chop
30|11.0|301100|2202|Demais refrigerantes, exceto os classificados no CEST 03.010.00 e 03.011.01|DECRETO ICMS/PB Nº 39.158//Decreto  41.030/21//Decreto 41.503/21|2019-05-07 00:00:00|2021-05-31 00:00:00|0.18|1.4|0.00|0.00|0.00|0.00|0.00|0.00|0.00|0.00|0.00|Pauta|0.00|0.00|0.00|0.02|0.00|0.00|0.00|0.00|0.00|0.00|0.00|0.00|0.00|0.00|0.00|0.00|0.00|||||Anexo_5_Cervejas_chopes_refrigerante_águas_e_outras_bebidas_2.xlsx|Agua_Chop
30|11.0|301100|22021000|Demais refrigerantes, exceto os classificados no CEST 03.010.00, 03.010.01,03.010.02 e 03.011.01|Decreto 41.030/21//Decreto 41.503/21|2021-06-01 00:00:00|2023-12-31 00:00:00|0.18|1.4|0.00|0.00|0.00|0.00|0.00|0.00|0.00|0.00|0.00|Pauta|0.00|0.00|0.00|0.02|0.00|0.00|0.00|0.00|0.00|0.00|0.00|0.00|0.00|0.00|0.00|0.00|0.00|||||Anexo_5_Cervejas_chopes_refrigerante_águas_e_outras_bebidas_2.xlsx|Agua_Chop
30|11.0|301100|22021000|Demais refrigerantes, exceto os classificados no CEST 03.010.00, 03.010.01,03.010.02 e 03.011.01|DECRETO ICMS/PB Nº 44.681/23|2024-01-01 00:00:00||0.2|1.4|0.00|0.00|0.00|0.00|0.00|0.00|0.00|0.00|0.00|Pauta|0.00|0.00|0.00|0.02|0.00|0.00|0.00|0.00|0.00|0.00|0.00|0.00|0.00|0.00|0.00|0.00|0.00|||||Anexo_5_Cervejas_chopes_refrigerante_águas_e_outras_bebidas_2.xlsx|Agua_Chop
30|11.0|301100|22029900|Demais refrigerantes, exceto os classificados no CEST 03.010.00, 03.010.01,03.010.02 e 03.011.01|Decreto 41.030/21//Decreto 41.503/21|2021-06-01 00:00:00|2023-12-31 00:00:00|0.18|1.4|0.00|0.00|0.00|0.00|0.00|0.00|0.00|0.00|0.00|Pauta|0.00|0.00|0.00|0.02|0.00|0.00|0.00|0.00|0.00|0.00|0.00|0.00|0.00|0.00|0.00|0.00|0.00|||||Anexo_5_Cervejas_chopes_refrigerante_águas_e_outras_bebidas_2.xlsx|Agua_Chop
30|11.0|301100|22029900|Demais refrigerantes, exceto os classificados no CEST 03.010.00, 03.010.01,03.010.02 e 03.011.01|DECRETO ICMS/PB Nº 44.681/23|2024-01-01 00:00:00||0.2|1.4|0.00|0.00|0.00|0.00|0.00|0.00|0.00|0.00|0.00|Pauta|0.00|0.00|0.00|0.02|0.00|0.00|0.00|0.00|0.00|0.00|0.00|0.00|0.00|0.00|0.00|0.00|0.00|||||Anexo_5_Cervejas_chopes_refrigerante_águas_e_outras_bebidas_2.xlsx|Agua_Chop
30|11.1|301101|2202|Espumantes sem álcool|DECRETO ICMS/PB Nº 39.158|2019-05-07 00:00:00|2023-12-31 00:00:00|0.18|1.4|0.00|0.00|0.00|0.00|0.00|0.00|0.00|0.00|0.00||0.00|0.00|0.00|0.02|0.00|0.00|0.00|0.00|0.00|0.00|0.00|0.00|0.00|0.00|0.00|0.00|0.00|||||Anexo_5_Cervejas_chopes_refrigerante_águas_e_outras_bebidas_2.xlsx|Agua_Chop
30|11.1|301101|2202|Espumantes sem álcool|DECRETO ICMS/PB Nº 44.681/23|2024-01-01 00:00:00||0.2|1.4|0.00|0.00|0.00|0.00|0.00|0.00|0.00|0.00|0.00||0.00|0.00|0.00|0.02|0.00|0.00|0.00|0.00|0.00|0.00|0.00|0.00|0.00|0.00|0.00|0.00|0.00|||||Anexo_5_Cervejas_chopes_refrigerante_águas_e_outras_bebidas_2.xlsx|Agua_Chop
30|12.0|301200|21069010|Xarope ou extrato concentrado destinados ao preparo de refrigerante em máquina “pré-mix” ou “post-mix”|DECRETO ICMS/PB Nº 39.158//Decreto 41.503/21|2019-05-07 00:00:00|2021-05-31 00:00:00|0.18|1.4|0.00|0.00|0.00|0.00|0.00|0.00|0.00|0.00|0.00|Pauta|0.00|0.00|0.00|0.02|0.00|0.00|0.00|0.00|0.00|0.00|0.00|0.00|0.00|0.00|0.00|0.00|0.00|||||Anexo_5_Cervejas_chopes_refrigerante_águas_e_outras_bebidas_2.xlsx|Agua_Chop
30|12.0|301200|21069010|Xarope ou extrato concentrado destinados ao preparo de refrigerante em máquina “pré-mix” ou “post-mix”, exceto o classificado no CEST 03.012.01|Decreto 41.503/21|2021-06-01 00:00:00|2023-12-31 00:00:00|0.18|1.4|0.00|0.00|0.00|0.00|0.00|0.00|0.00|0.00|0.00|Pauta|0.00|0.00|0.00|0.02|0.00|0.00|0.00|0.00|0.00|0.00|0.00|0.00|0.00|0.00|0.00|0.00|0.00|||||Anexo_5_Cervejas_chopes_refrigerante_águas_e_outras_bebidas_2.xlsx|Agua_Chop
30|12.0|301200|21069010|Xarope ou extrato concentrado destinados ao preparo de refrigerante em máquina “pré-mix” ou “post-mix”, exceto o classificado no CEST 03.012.01|DECRETO ICMS/PB Nº 44.681/23|2024-01-01 00:00:00| |0.2|1.4|0.00|0.00|0.00|0.00|0.00|0.00|0.00|0.00|0.00|Pauta|0.00|0.00|0.00|0.02|0.00|0.00|0.00|0.00|0.00|0.00|0.00|0.00|0.00|0.00|0.00|0.00|0.00|||||Anexo_5_Cervejas_chopes_refrigerante_águas_e_outras_bebidas_2.xlsx|Agua_Chop
30|12.1|301201|21069010|Cápsula de refrigerante|Decreto 41.503/21|2021-06-01 00:00:00|2023-12-31 00:00:00|0.18|1.4|0.00|0.00|0.00|0.00|0.00|0.00|0.00|0.00|0.00|Pauta|0.00|0.00|0.00|0.02|0.00|0.00|0.00|0.00|0.00|0.00|0.00|0.00|0.00|0.00|0.00|0.00|0.00|||||Anexo_5_Cervejas_chopes_refrigerante_águas_e_outras_bebidas_2.xlsx|Agua_Chop
30|12.1|301201|21069010|Cápsula de refrigerante|DECRETO ICMS/PB Nº 44.681/23|2024-01-01 00:00:00| |0.2|1.4|0.00|0.00|0.00|0.00|0.00|0.00|0.00|0.00|0.00|Pauta|0.00|0.00|0.00|0.02|0.00|0.00|0.00|0.00|0.00|0.00|0.00|0.00|0.00|0.00|0.00|0.00|0.00|||||Anexo_5_Cervejas_chopes_refrigerante_águas_e_outras_bebidas_2.xlsx|Agua_Chop
30|13.0|301300|210690|Bebidas energéticas em embalagem com capacidade inferior a 600ml|DECRETO ICMS/PB Nº 39.158//Decreto 41.030/21// Decreto 41.171/21|2019-05-07 00:00:00|2021-05-31 00:00:00|0.18|1.4|0.00|0.00|0.00|0.00|0.00|0.00|0.00|0.00|0.00|Pauta|0.00|0.00|0.00|0.02|0.00|0.00|0.00|0.00|0.00|0.00|0.00|0.00|0.00|0.00|0.00|0.00|0.00|||||Anexo_5_Cervejas_chopes_refrigerante_águas_e_outras_bebidas_2.xlsx|Agua_Chop
30|13.0|301300|210690|Bebidas energéticas em lata|Decreto 41.171/21|2021-06-01 00:00:00|2023-12-31 00:00:00|0.18|1.4|0.00|0.00|0.00|0.00|0.00|0.00|0.00|0.00|0.00|Pauta|0.00|0.00|0.00|0.02|0.00|0.00|0.00|0.00|0.00|0.00|0.00|0.00|0.00|0.00|0.00|0.00|0.00|||||Anexo_5_Cervejas_chopes_refrigerante_águas_e_outras_bebidas_2.xlsx|Agua_Chop
30|13.0|301300|210690|Bebidas energéticas em lata|DECRETO ICMS/PB Nº 44.681/23|2024-01-01 00:00:00||0.2|1.4|0.00|0.00|0.00|0.00|0.00|0.00|0.00|0.00|0.00|Pauta|0.00|0.00|0.00|0.02|0.00|0.00|0.00|0.00|0.00|0.00|0.00|0.00|0.00|0.00|0.00|0.00|0.00|||||Anexo_5_Cervejas_chopes_refrigerante_águas_e_outras_bebidas_2.xlsx|Agua_Chop
30|13.0|301300|22029900|Bebidas energéticas em lata|Decreto 41.171/21|2021-06-01 00:00:00|2023-12-31 00:00:00|0.18|1.4|0.00|0.00|0.00|0.00|0.00|0.00|0.00|0.00|0.00|Pauta|0.00|0.00|0.00|0.02|0.00|0.00|0.00|0.00|0.00|0.00|0.00|0.00|0.00|0.00|0.00|0.00|0.00|||||Anexo_5_Cervejas_chopes_refrigerante_águas_e_outras_bebidas_2.xlsx|Agua_Chop
30|13.0|301300|22029900|Bebidas energéticas em lata|DECRETO ICMS/PB Nº 44.681/23|2024-01-01 00:00:00||0.2|1.4|0.00|0.00|0.00|0.00|0.00|0.00|0.00|0.00|0.00|Pauta|0.00|0.00|0.00|0.02|0.00|0.00|0.00|0.00|0.00|0.00|0.00|0.00|0.00|0.00|0.00|0.00|0.00|||||Anexo_5_Cervejas_chopes_refrigerante_águas_e_outras_bebidas_2.xlsx|Agua_Chop
30|13.0|301300|222029900|Bebidas energéticas em embalagem com capacidade inferior a 600ml|DECRETO ICMS/PB Nº 39.158//Decreto 41.030/21// Decreto 41.171/21|2019-05-07 00:00:00|2021-05-31 00:00:00|0.18|1.4|0.00|0.00|0.00|0.00|0.00|0.00|0.00|0.00|0.00|Pauta|0.00|0.00|0.00|0.02|0.00|0.00|0.00|0.00|0.00|0.00|0.00|0.00|0.00|0.00|0.00|0.00|0.00|||||Anexo_5_Cervejas_chopes_refrigerante_águas_e_outras_bebidas_2.xlsx|Agua_Chop
30|13.1|301301|210690|Bebidas energéticas em embalagem PET|Decreto 41.030/21//Decreto 41.171/21|2021-06-01 00:00:00|2023-12-31 00:00:00|0.18|1.4|0.00|0.00|0.00|0.00|0.00|0.00|0.00|0.00|0.00|Pauta|0.00|0.00|0.00|0.02|0.00|0.00|0.00|0.00|0.00|0.00|0.00|0.00|0.00|0.00|0.00|0.00|0.00|||||Anexo_5_Cervejas_chopes_refrigerante_águas_e_outras_bebidas_2.xlsx|Agua_Chop
30|13.1|301301|210690|Bebidas energéticas em embalagem PET|DECRETO ICMS/PB Nº 44.681/23|2024-01-01 00:00:00||0.2|1.4|0.00|0.00|0.00|0.00|0.00|0.00|0.00|0.00|0.00|Pauta|0.00|0.00|0.00|0.02|0.00|0.00|0.00|0.00|0.00|0.00|0.00|0.00|0.00|0.00|0.00|0.00|0.00|||||Anexo_5_Cervejas_chopes_refrigerante_águas_e_outras_bebidas_2.xlsx|Agua_Chop
30|13.1|301301|22029900|Bebidas energéticas em embalagem PET|Decreto 41.030/21//Decreto 41.171/21|2021-06-01 00:00:00|2023-12-31 00:00:00|0.18|1.4|0.00|0.00|0.00|0.00|0.00|0.00|0.00|0.00|0.00|Pauta|0.00|0.00|0.00|0.02|0.00|0.00|0.00|0.00|0.00|0.00|0.00|0.00|0.00|0.00|0.00|0.00|0.00|||||Anexo_5_Cervejas_chopes_refrigerante_águas_e_outras_bebidas_2.xlsx|Agua_Chop
30|13.1|301301|22029900|Bebidas energéticas em embalagem PET|DECRETO ICMS/PB Nº 44.681/23|2024-01-01 00:00:00||0.2|1.4|0.00|0.00|0.00|0.00|0.00|0.00|0.00|0.00|0.00|Pauta|0.00|0.00|0.00|0.02|0.00|0.00|0.00|0.00|0.00|0.00|0.00|0.00|0.00|0.00|0.00|0.00|0.00|||||Anexo_5_Cervejas_chopes_refrigerante_águas_e_outras_bebidas_2.xlsx|Agua_Chop
30|13.2|301302|210690|Bebidas energéticas em vidro|Decreto 41.030/21//Decreto 41.171/21|2021-06-01 00:00:00|2023-12-31 00:00:00|0.18|1.4|0.00|0.00|0.00|0.00|0.00|0.00|0.00|0.00|0.00|Pauta|0.00|0.00|0.00|0.02|0.00|0.00|0.00|0.00|0.00|0.00|0.00|0.00|0.00|0.00|0.00|0.00|0.00|||||Anexo_5_Cervejas_chopes_refrigerante_águas_e_outras_bebidas_2.xlsx|Agua_Chop
30|13.2|301302|210690|Bebidas energéticas em vidro|DECRETO ICMS/PB Nº 44.681/23|2024-01-01 00:00:00||0.2|1.4|0.00|0.00|0.00|0.00|0.00|0.00|0.00|0.00|0.00|Pauta|0.00|0.00|0.00|0.02|0.00|0.00|0.00|0.00|0.00|0.00|0.00|0.00|0.00|0.00|0.00|0.00|0.00|||||Anexo_5_Cervejas_chopes_refrigerante_águas_e_outras_bebidas_2.xlsx|Agua_Chop
30|13.2|301302|22029900|Bebidas energéticas em vidro|Decreto 41.030/21//Decreto 41.171/21|2021-06-01 00:00:00|2023-12-31 00:00:00|0.18|1.4|0.00|0.00|0.00|0.00|0.00|0.00|0.00|0.00|0.00|Pauta|0.00|0.00|0.00|0.02|0.00|0.00|0.00|0.00|0.00|0.00|0.00|0.00|0.00|0.00|0.00|0.00|0.00|||||Anexo_5_Cervejas_chopes_refrigerante_águas_e_outras_bebidas_2.xlsx|Agua_Chop
30|13.2|301302|22029900|Bebidas energéticas em vidro|DECRETO ICMS/PB Nº 44.681/23|2024-01-01 00:00:00||0.2|1.4|0.00|0.00|0.00|0.00|0.00|0.00|0.00|0.00|0.00|Pauta|0.00|0.00|0.00|0.02|0.00|0.00|0.00|0.00|0.00|0.00|0.00|0.00|0.00|0.00|0.00|0.00|0.00|||||Anexo_5_Cervejas_chopes_refrigerante_águas_e_outras_bebidas_2.xlsx|Agua_Chop
30|14.0|301400|210690|Bebidas energéticas em embalagem com capacidade igual ou superior a 600ml|DECRETO ICMS/PB Nº 39.158// Decreto 41.171/21|2019-05-07 00:00:00|2021-04-14 00:00:00|0.18|1.4|0.00|0.00|0.00|0.00|0.00|0.00|0.00|0.00|0.00|Pauta|0.00|0.00|0.00|0.02|0.00|0.00|0.00|0.00|0.00|0.00|0.00|0.00|0.00|0.00|0.00|0.00|0.00|||||Anexo_5_Cervejas_chopes_refrigerante_águas_e_outras_bebidas_2.xlsx|Agua_Chop
30|14.0|301400|210690|Bebidas energéticas em embalagem com capacidade igual ou superior a 600ml|Decreto 41.171/21// Decreto 41.030/21|2021-04-15 00:00:00|2021-05-31 00:00:00|0.18|1.4|0.00|0.00|0.00|0.00|0.00|0.00|0.00|0.00|0.00|Pauta|0.00|0.00|0.00|0.02|0.00|0.00|0.00|0.00|0.00|0.00|0.00|0.00|0.00|0.00|0.00|0.00|0.00|||||Anexo_5_Cervejas_chopes_refrigerante_águas_e_outras_bebidas_2.xlsx|Agua_Chop
30|14.0|301400|22029900|Bebidas energéticas em embalagem com capacidade igual ou superior a 600ml|DECRETO ICMS/PB Nº 39.158// Decreto 41.171/21|2019-05-07 00:00:00|2021-04-14 00:00:00|0.18|1.4|0.00|0.00|0.00|0.00|0.00|0.00|0.00|0.00|0.00|Pauta|0.00|0.00|0.00|0.02|0.00|0.00|0.00|0.00|0.00|0.00|0.00|0.00|0.00|0.00|0.00|0.00|0.00|||||Anexo_5_Cervejas_chopes_refrigerante_águas_e_outras_bebidas_2.xlsx|Agua_Chop
30|14.0|301400|22029900|Bebidas energéticas em embalagem com capacidade igual ou superior a 600ml|Decreto 41.171/21// Decreto 41.030/21|2021-04-15 00:00:00|2021-05-31 00:00:00|0.18|1.4|0.00|0.00|0.00|0.00|0.00|0.00|0.00|0.00|0.00|Pauta|0.00|0.00|0.00|0.02|0.00|0.00|0.00|0.00|0.00|0.00|0.00|0.00|0.00|0.00|0.00|0.00|0.00|||||Anexo_5_Cervejas_chopes_refrigerante_águas_e_outras_bebidas_2.xlsx|Agua_Chop
30|15.0|301500|210690|Bebidas hidroeletrolíticas (isotônicas) em embalagem com capacidade inferior a 600ml|DECRETO ICMS/PB Nº 39.158//Decreto 40.957/20|2019-05-07 00:00:00|2020-11-30 00:00:00|0.18|1.4|0.00|0.00|0.00|0.00|0.00|0.00|0.00|0.00|0.00|Pauta|0.00|0.00|0.00|0.02|0.00|0.00|0.00|0.00|0.00|0.00|0.00|0.00|0.00|0.00|0.00|0.00|0.00|||||Anexo_5_Cervejas_chopes_refrigerante_águas_e_outras_bebidas_2.xlsx|Agua_Chop
30|15.0|301500|210690|Bebidas hidroeletrolíticas em embalagem com capacidade inferior a 600ml|Decreto 40.957/20//Decreto 41.030/21|2020-12-01 00:00:00|2021-05-31 00:00:00|0.18|1.4|0.00|0.00|0.00|0.00|0.00|0.00|0.00|0.00|0.00|Pauta|0.00|0.00|0.00|0.02|0.00|0.00|0.00|0.00|0.00|0.00|0.00|0.00|0.00|0.00|0.00|0.00|0.00|||||Anexo_5_Cervejas_chopes_refrigerante_águas_e_outras_bebidas_2.xlsx|Agua_Chop
30|15.0|301500|210690|Bebidas hidroeletrolíticas|Decreto 41.030/21|2021-06-01 00:00:00|2023-12-31 00:00:00|0.18|1.4|0.00|0.00|0.00|0.00|0.00|0.00|0.00|0.00|0.00|Pauta|0.00|0.00|0.00|0.02|0.00|0.00|0.00|0.00|0.00|0.00|0.00|0.00|0.00|0.00|0.00|0.00|0.00|||||Anexo_5_Cervejas_chopes_refrigerante_águas_e_outras_bebidas_2.xlsx|Agua_Chop
30|15.0|301500|210690|Bebidas hidroeletrolíticas|DECRETO ICMS/PB Nº 44.681/23|2024-01-01 00:00:00||0.2|1.4|0.00|0.00|0.00|0.00|0.00|0.00|0.00|0.00|0.00|Pauta|0.00|0.00|0.00|0.02|0.00|0.00|0.00|0.00|0.00|0.00|0.00|0.00|0.00|0.00|0.00|0.00|0.00|||||Anexo_5_Cervejas_chopes_refrigerante_águas_e_outras_bebidas_2.xlsx|Agua_Chop
30|15.0|301500|22029900|Bebidas hidroeletrolíticas (isotônicas) em embalagem com capacidade inferior a 600ml|DECRETO ICMS/PB Nº 39.158//Decreto 40.957/20|2019-05-07 00:00:00|2020-11-30 00:00:00|0.18|1.4|0.00|0.00|0.00|0.00|0.00|0.00|0.00|0.00|0.00|Pauta|0.00|0.00|0.00|0.02|0.00|0.00|0.00|0.00|0.00|0.00|0.00|0.00|0.00|0.00|0.00|0.00|0.00|||||Anexo_5_Cervejas_chopes_refrigerante_águas_e_outras_bebidas_2.xlsx|Agua_Chop
30|15.0|301500|22029900|Bebidas hidroeletrolíticas em embalagem com capacidade inferior a 600ml|Decreto 40.957/20//Decreto 41.030/21|2020-12-01 00:00:00|2021-05-31 00:00:00|0.18|1.4|0.00|0.00|0.00|0.00|0.00|0.00|0.00|0.00|0.00|Pauta|0.00|0.00|0.00|0.02|0.00|0.00|0.00|0.00|0.00|0.00|0.00|0.00|0.00|0.00|0.00|0.00|0.00|||||Anexo_5_Cervejas_chopes_refrigerante_águas_e_outras_bebidas_2.xlsx|Agua_Chop
30|15.0|301500|22029900|Bebidas hidroeletrolíticas|Decreto 41.030/21|2021-06-01 00:00:00|2023-12-31 00:00:00|0.18|1.4|0.00|0.00|0.00|0.00|0.00|0.00|0.00|0.00|0.00|Pauta|0.00|0.00|0.00|0.02|0.00|0.00|0.00|0.00|0.00|0.00|0.00|0.00|0.00|0.00|0.00|0.00|0.00|||||Anexo_5_Cervejas_chopes_refrigerante_águas_e_outras_bebidas_2.xlsx|Agua_Chop
30|15.0|301500|22029900|Bebidas hidroeletrolíticas|DECRETO ICMS/PB Nº 44.681/23|2024-01-01 00:00:00||0.2|1.4|0.00|0.00|0.00|0.00|0.00|0.00|0.00|0.00|0.00|Pauta|0.00|0.00|0.00|0.02|0.00|0.00|0.00|0.00|0.00|0.00|0.00|0.00|0.00|0.00|0.00|0.00|0.00|||||Anexo_5_Cervejas_chopes_refrigerante_águas_e_outras_bebidas_2.xlsx|Agua_Chop
30|16.0|301600|210690|Bebidas hidroeletrolíticas (isotônicas) em embalagem com capacidade igual ou superior a 600ml|DECRETO ICMS/PB Nº 39.158//Decreto 40.957/20|2019-05-07 00:00:00|2020-11-30 00:00:00|0.18|1.4|0.00|0.00|0.00|0.00|0.00|0.00|0.00|0.00|0.00|Pauta|0.00|0.00|0.00|0.02|0.00|0.00|0.00|0.00|0.00|0.00|0.00|0.00|0.00|0.00|0.00|0.00|0.00|||||Anexo_5_Cervejas_chopes_refrigerante_águas_e_outras_bebidas_2.xlsx|Agua_Chop
30|16.0|301600|210690|Bebidas hidroeletrolíticas em embalagem com capacidade igual ou superior a 600ml|Decreto 40.957/20//Decreto 41.030/21|2020-12-01 00:00:00|2021-05-31 00:00:00|0.18|1.4|0.00|0.00|0.00|0.00|0.00|0.00|0.00|0.00|0.00|Pauta|0.00|0.00|0.00|0.02|0.00|0.00|0.00|0.00|0.00|0.00|0.00|0.00|0.00|0.00|0.00|0.00|0.00|||||Anexo_5_Cervejas_chopes_refrigerante_águas_e_outras_bebidas_2.xlsx|Agua_Chop
30|16.0|301600|22029900|Bebidas hidroeletrolíticas (isotônicas) em embalagem com capacidade igual ou superior a 600ml|DECRETO ICMS/PB Nº 39.158//Decreto 40.957/20|2019-05-07 00:00:00|2020-11-30 00:00:00|0.18|1.4|0.00|0.00|0.00|0.00|0.00|0.00|0.00|0.00|0.00|Pauta|0.00|0.00|0.00|0.02|0.00|0.00|0.00|0.00|0.00|0.00|0.00|0.00|0.00|0.00|0.00|0.00|0.00|||||Anexo_5_Cervejas_chopes_refrigerante_águas_e_outras_bebidas_2.xlsx|Agua_Chop
30|16.0|301600|222029900|Bebidas hidroeletrolíticas em embalagem com capacidade igual ou superior a 600ml|Decreto 40.957/20//Decreto 41.030/21|2020-12-01 00:00:00|2021-05-31 00:00:00|0.18|1.4|0.00|0.00|0.00|0.00|0.00|0.00|0.00|0.00|0.00|Pauta|0.00|0.00|0.00|0.02|0.00|0.00|0.00|0.00|0.00|0.00|0.00|0.00|0.00|0.00|0.00|0.00|0.00|||||Anexo_5_Cervejas_chopes_refrigerante_águas_e_outras_bebidas_2.xlsx|Agua_Chop
30|21.0|302100|22030000|Cerveja|DECRETO ICMS/PB Nº 39.158// Decreto 41.030/21|2019-05-07 00:00:00|2021-05-31 00:00:00|0.25|1.4|0.00|0.00|0.00|0.00|0.00|0.00|0.00|0.00|0.00|Pauta|0.00|0.00|0.00|0.02|0.00|0.00|0.00|0.00|0.00|0.00|0.00|0.00|0.00|0.00|0.00|0.00|0.00|||||Anexo_5_Cervejas_chopes_refrigerante_águas_e_outras_bebidas_2.xlsx|Agua_Chop
30|21.0|302100|22030000|Cerveja em garrafa de vidro retornável|Decreto 41.030/21|2021-06-01 00:00:00||0.25|1.4|0.00|0.00|0.00|0.00|0.00|0.00|0.00|0.00|0.00|Pauta|0.00|0.00|0.00|0.02|0.00|0.00|0.00|0.00|0.00|0.00|0.00|0.00|0.00|0.00|0.00|0.00|0.00|||||Anexo_5_Cervejas_chopes_refrigerante_águas_e_outras_bebidas_2.xlsx|Agua_Chop
30|21.1|302101|22030000|Cerveja em garrafa de vidro descartável|Decreto 41.030/21|2021-06-01 00:00:00||0.25|1.4|0.00|0.00|0.00|0.00|0.00|0.00|0.00|0.00|0.00|Pauta|0.00|0.00|0.00|0.02|0.00|0.00|0.00|0.00|0.00|0.00|0.00|0.00|0.00|0.00|0.00|0.00|0.00|||||Anexo_5_Cervejas_chopes_refrigerante_águas_e_outras_bebidas_2.xlsx|Agua_Chop
30|21.2|302102|22030000|Cerveja em garrafa de alumínio|Decreto 41.030/21|2021-06-01 00:00:00||0.25|1.4|0.00|0.00|0.00|0.00|0.00|0.00|0.00|0.00|0.00|Pauta|0.00|0.00|0.00|0.02|0.00|0.00|0.00|0.00|0.00|0.00|0.00|0.00|0.00|0.00|0.00|0.00|0.00|||||Anexo_5_Cervejas_chopes_refrigerante_águas_e_outras_bebidas_2.xlsx|Agua_Chop
30|21.3|302103|22030000|Cerveja em garrafa lata|Decreto 41.030/21|2021-06-01 00:00:00||0.25|1.4|0.00|0.00|0.00|0.00|0.00|0.00|0.00|0.00|0.00|Pauta|0.00|0.00|0.00|0.02|0.00|0.00|0.00|0.00|0.00|0.00|0.00|0.00|0.00|0.00|0.00|0.00|0.00|||||Anexo_5_Cervejas_chopes_refrigerante_águas_e_outras_bebidas_2.xlsx|Agua_Chop
30|21.4|302104|22030000|Cerveja em barril|Decreto 41.030/21|2021-06-01 00:00:00||0.25|1.4|0.00|0.00|0.00|0.00|0.00|0.00|0.00|0.00|0.00|Pauta|0.00|0.00|0.00|0.02|0.00|0.00|0.00|0.00|0.00|0.00|0.00|0.00|0.00|0.00|0.00|0.00|0.00|||||Anexo_5_Cervejas_chopes_refrigerante_águas_e_outras_bebidas_2.xlsx|Agua_Chop
30|21.5|302105|22030000|Cerveja em embalagem PET|Decreto 41.503/21//Decreto 41.561/21|2021-06-01 00:00:00||0.25|1.4|0.00|0.00|0.00|0.00|0.00|0.00|0.00|0.00|0.00|Pauta|0.00|0.00|0.00|0.02|0.00|0.00|0.00|0.00|0.00|0.00|0.00|0.00|0.00|0.00|0.00|0.00|0.00|||||Anexo_5_Cervejas_chopes_refrigerante_águas_e_outras_bebidas_2.xlsx|Agua_Chop
30|21.6|302106|22030000|Cerveja em outras embalagens|Decreto 41.503/21//Decreto 41.561/21|2021-06-01 00:00:00||0.25|1.4|0.00|0.00|0.00|0.00|0.00|0.00|0.00|0.00|0.00|Pauta|0.00|0.00|0.00|0.02|0.00|0.00|0.00|0.00|0.00|0.00|0.00|0.00|0.00|0.00|0.00|0.00|0.00|||||Anexo_5_Cervejas_chopes_refrigerante_águas_e_outras_bebidas_2.xlsx|Agua_Chop
30|22.0|302200|22029100|Cerveja sem álcool|DECRETO ICMS/PB Nº 39.158// Decreto 41.030/21|2019-05-07 00:00:00|2021-05-31 00:00:00|0.18|1.4|0.00|0.00|0.00|0.00|0.00|0.00|0.00|0.00|0.00|Pauta|0.00|0.00|0.00|0.02|0.00|0.00|0.00|0.00|0.00|0.00|0.00|0.00|0.00|0.00|0.00|0.00|0.00|||||Anexo_5_Cervejas_chopes_refrigerante_águas_e_outras_bebidas_2.xlsx|Agua_Chop
30|22.0|302200|22029100|Cerveja sem álcool em garrafa de vidro retornável|Decreto 41.030/21|2021-06-01 00:00:00|2023-12-31 00:00:00|0.18|1.4|0.00|0.00|0.00|0.00|0.00|0.00|0.00|0.00|0.00|Pauta|0.00|0.00|0.00|0.02|0.00|0.00|0.00|0.00|0.00|0.00|0.00|0.00|0.00|0.00|0.00|0.00|0.00|||||Anexo_5_Cervejas_chopes_refrigerante_águas_e_outras_bebidas_2.xlsx|Agua_Chop
30|22.0|302200|22029100|Cerveja sem álcool em garrafa de vidro retornável|DECRETO ICMS/PB Nº 44.681/23|2024-01-01 00:00:00||0.2|1.4|0.00|0.00|0.00|0.00|0.00|0.00|0.00|0.00|0.00|Pauta|0.00|0.00|0.00|0.02|0.00|0.00|0.00|0.00|0.00|0.00|0.00|0.00|0.00|0.00|0.00|0.00|0.00|||||Anexo_5_Cervejas_chopes_refrigerante_águas_e_outras_bebidas_2.xlsx|Agua_Chop
30|22.1|302201|22029100|Cerveja sem álcool em garrafa de vidro descartável|Decreto 41.030/21|2021-06-01 00:00:00|2023-12-31 00:00:00|0.18|1.4|0.00|0.00|0.00|0.00|0.00|0.00|0.00|0.00|0.00|Pauta|0.00|0.00|0.00|0.02|0.00|0.00|0.00|0.00|0.00|0.00|0.00|0.00|0.00|0.00|0.00|0.00|0.00|||||Anexo_5_Cervejas_chopes_refrigerante_águas_e_outras_bebidas_2.xlsx|Agua_Chop
30|22.1|302201|22029100|Cerveja sem álcool em garrafa de vidro descartável|DECRETO ICMS/PB Nº 44.681/23|2024-01-01 00:00:00||0.2|1.4|0.00|0.00|0.00|0.00|0.00|0.00|0.00|0.00|0.00|Pauta|0.00|0.00|0.00|0.02|0.00|0.00|0.00|0.00|0.00|0.00|0.00|0.00|0.00|0.00|0.00|0.00|0.00|||||Anexo_5_Cervejas_chopes_refrigerante_águas_e_outras_bebidas_2.xlsx|Agua_Chop
30|22.2|302202|22029100|Cerveja sem álcool em garrafa de alumínio|Decreto 41.030/21|2021-06-01 00:00:00|2023-12-31 00:00:00|0.18|1.4|0.00|0.00|0.00|0.00|0.00|0.00|0.00|0.00|0.00|Pauta|0.00|0.00|0.00|0.02|0.00|0.00|0.00|0.00|0.00|0.00|0.00|0.00|0.00|0.00|0.00|0.00|0.00|||||Anexo_5_Cervejas_chopes_refrigerante_águas_e_outras_bebidas_2.xlsx|Agua_Chop
30|22.2|302202|22029100|Cerveja sem álcool em garrafa de alumínio|DECRETO ICMS/PB Nº 44.681/23|2024-01-01 00:00:00||0.2|1.4|0.00|0.00|0.00|0.00|0.00|0.00|0.00|0.00|0.00|Pauta|0.00|0.00|0.00|0.02|0.00|0.00|0.00|0.00|0.00|0.00|0.00|0.00|0.00|0.00|0.00|0.00|0.00|||||Anexo_5_Cervejas_chopes_refrigerante_águas_e_outras_bebidas_2.xlsx|Agua_Chop
30|22.3|302203|22029100|Cerveja sem álcool em lata|Decreto 41.030/21|2021-06-01 00:00:00|2023-12-31 00:00:00|0.18|1.4|0.00|0.00|0.00|0.00|0.00|0.00|0.00|0.00|0.00|Pauta|0.00|0.00|0.00|0.02|0.00|0.00|0.00|0.00|0.00|0.00|0.00|0.00|0.00|0.00|0.00|0.00|0.00|||||Anexo_5_Cervejas_chopes_refrigerante_águas_e_outras_bebidas_2.xlsx|Agua_Chop
30|22.3|302203|22029100|Cerveja sem álcool em lata|DECRETO ICMS/PB Nº 44.681/23|2024-01-01 00:00:00||0.2|1.4|0.00|0.00|0.00|0.00|0.00|0.00|0.00|0.00|0.00|Pauta|0.00|0.00|0.00|0.02|0.00|0.00|0.00|0.00|0.00|0.00|0.00|0.00|0.00|0.00|0.00|0.00|0.00|||||Anexo_5_Cervejas_chopes_refrigerante_águas_e_outras_bebidas_2.xlsx|Agua_Chop
30|22.4|302204|22029100|Cerveja sem álcool em barril|Decreto 41.030/21|2021-06-01 00:00:00|2023-12-31 00:00:00|0.18|1.4|0.00|0.00|0.00|0.00|0.00|0.00|0.00|0.00|0.00|Pauta|0.00|0.00|0.00|0.02|0.00|0.00|0.00|0.00|0.00|0.00|0.00|0.00|0.00|0.00|0.00|0.00|0.00|||||Anexo_5_Cervejas_chopes_refrigerante_águas_e_outras_bebidas_2.xlsx|Agua_Chop
30|22.4|302204|22029100|Cerveja sem álcool em barril|DECRETO ICMS/PB Nº 44.681/23|2024-01-01 00:00:00||0.2|1.4|0.00|0.00|0.00|0.00|0.00|0.00|0.00|0.00|0.00|Pauta|0.00|0.00|0.00|0.02|0.00|0.00|0.00|0.00|0.00|0.00|0.00|0.00|0.00|0.00|0.00|0.00|0.00|||||Anexo_5_Cervejas_chopes_refrigerante_águas_e_outras_bebidas_2.xlsx|Agua_Chop
30|22.5|302205|22029100|Cerveja sem álcool em embalagem PET|Decreto 41.503/21|2021-06-01 00:00:00|2023-12-31 00:00:00|0.18|1.4|0.00|0.00|0.00|0.00|0.00|0.00|0.00|0.00|0.00|Pauta|0.00|0.00|0.00|0.02|0.00|0.00|0.00|0.00|0.00|0.00|0.00|0.00|0.00|0.00|0.00|0.00|0.00|||||Anexo_5_Cervejas_chopes_refrigerante_águas_e_outras_bebidas_2.xlsx|Agua_Chop
30|22.5|302205|22029100|Cerveja sem álcool em embalagem PET|DECRETO ICMS/PB Nº 44.681/23|2024-01-01 00:00:00||0.2|1.4|0.00|0.00|0.00|0.00|0.00|0.00|0.00|0.00|0.00|Pauta|0.00|0.00|0.00|0.02|0.00|0.00|0.00|0.00|0.00|0.00|0.00|0.00|0.00|0.00|0.00|0.00|0.00|||||Anexo_5_Cervejas_chopes_refrigerante_águas_e_outras_bebidas_2.xlsx|Agua_Chop
30|22.6|302206|22029100|Cerveja sem álcool em outras embalagem |Decreto 41.503/21|2021-06-01 00:00:00|2023-12-31 00:00:00|0.18|1.4|0.00|0.00|0.00|0.00|0.00|0.00|0.00|0.00|0.00|Pauta|0.00|0.00|0.00|0.02|0.00|0.00|0.00|0.00|0.00|0.00|0.00|0.00|0.00|0.00|0.00|0.00|0.00|||||Anexo_5_Cervejas_chopes_refrigerante_águas_e_outras_bebidas_2.xlsx|Agua_Chop
30|22.6|302206|22029100|Cerveja sem álcool em outras embalagem |DECRETO ICMS/PB Nº 44.681/23|2024-01-01 00:00:00||0.2|1.4|0.00|0.00|0.00|0.00|0.00|0.00|0.00|0.00|0.00|Pauta|0.00|0.00|0.00|0.02|0.00|0.00|0.00|0.00|0.00|0.00|0.00|0.00|0.00|0.00|0.00|0.00|0.00|||||Anexo_5_Cervejas_chopes_refrigerante_águas_e_outras_bebidas_2.xlsx|Agua_Chop
30|23.0|302300|22030000|Chope|DECRETO ICMS/PB Nº 39.158|2019-05-07 00:00:00||0.25|1.4|0.00|0.00|0.00|0.00|0.00|0.00|0.00|0.00|0.00|Pauta|0.00|0.00|0.00|0.02|0.00|0.00|0.00|0.00|0.00|0.00|0.00|0.00|0.00|0.00|0.00|0.00|0.00|||||Anexo_5_Cervejas_chopes_refrigerante_águas_e_outras_bebidas_2.xlsx|Agua_Chop
30|24.0|302400|22011000|Água mineral em embalagens retornáveis com capacidade igual ou superior a 10 (dez) e inferior a 20 (vinte) litros|DECRETO ICMS/PB Nº 39.158|2019-05-07 00:00:00|2023-12-31 00:00:00|0.18|1|0.00|0.00|0.00|0.00|0.00|0.00|0.00|0.00|0.00|Pauta|0.00|0.00|0.00|0.02|0.00|0.00|0.00|0.00|0.00|0.00|0.00|0.00|0.00|0.00|0.00|0.00|0.00|||||Anexo_5_Cervejas_chopes_refrigerante_águas_e_outras_bebidas_2.xlsx|Agua_Chop
30|24.0|302400|22011000|Água mineral em embalagens retornáveis com capacidade igual ou superior a 10 (dez) e inferior a 20 (vinte) litros|DECRETO ICMS/PB Nº 44.681/23|2024-01-01 00:00:00||0.2|1|0.00|0.00|0.00|0.00|0.00|0.00|0.00|0.00|0.00|Pauta|0.00|0.00|0.00|0.02|0.00|0.00|0.00|0.00|0.00|0.00|0.00|0.00|0.00|0.00|0.00|0.00|0.00|||||Anexo_5_Cervejas_chopes_refrigerante_águas_e_outras_bebidas_2.xlsx|Agua_Chop
30|25.0|302500|22011000|Água mineral em embalagens retornáveis com capacidade igual ou superior a 20 (vinte) litros|DECRETO ICMS/PB Nº 39.158|2019-05-07 00:00:00|2023-12-31 00:00:00|0.18|1|0.00|0.00|0.00|0.00|0.00|0.00|0.00|0.00|0.00||0.00|0.00|0.00|0.02|0.00|0.00|0.00|0.00|0.00|0.00|0.00|0.00|0.00|0.00|0.00|0.00|0.00|||||Anexo_5_Cervejas_chopes_refrigerante_águas_e_outras_bebidas_2.xlsx|Agua_Chop
30|25.0|302500|22011000|Água mineral em embalagens retornáveis com capacidade igual ou superior a 20 (vinte) litros|DECRETO ICMS/PB Nº 44.681/23|2024-01-01 00:00:00||0.2|1|0.00|0.00|0.00|0.00|0.00|0.00|0.00|0.00|0.00||0.00|0.00|0.00|0.02|0.00|0.00|0.00|0.00|0.00|0.00|0.00|0.00|0.00|0.00|0.00|0.00|0.00|||||Anexo_5_Cervejas_chopes_refrigerante_águas_e_outras_bebidas_2.xlsx|Agua_Chop
04|1.0|04.001.00|2402|Charutos, cigarrilhas e cigarros, de tabaco ou dos seus sucedâneos|DECRETO ICMS/PB Nº 39.158|2019-05-07 00:00:00||0.29|0.5|0.00|0.00|0.00|0.00|0.00|0.00|0.00|0.00|0.02|Pauta|0.00|0.00|0.00|0.00|0.00|0.00|0.00|0.00|0.00|0.00|0.00|0.00|0.00|0.00|0.00|0.00|0.00|||||Anexo_5_Cigarros.xlsx|Cigarros
04|2.0|04.002.00|24031|Tabaco para fumar, mesmo contendo sucedâneos de tabaco em qualquer proporção|DECRETO ICMS/PB Nº 39.158|2019-05-07 00:00:00||0.29|0.5|0.00|0.00|0.00|0.00|0.00|0.00|0.00|0.00|0.02|Pauta|0.00|0.00|0.00|0.00|0.00|0.00|0.00|0.00|0.00|0.00|0.00|0.00|0.00|0.00|0.00|0.00|0.00|||||Anexo_5_Cigarros.xlsx|Cigarros
05|1.0|05.001.00|2523|Cimento|DECRETO ICMS/PB Nº 39.158|2019-05-07 00:00:00||0.18|0.2|0.00|0.00|0.00|0.00|0.00|0.00|0.00|0.00|0.00||0.4049|0.361|0.2878|0.00|0.00|0.00|0.00|0.00|0.00|0.00|0.00|0.00|0.00|0.00|0.00|0.00|0.00|||||Anexo_5_Cimento.xlsx|Cimento
05|1.0|05.001.00|2523|Cimento|DECRETO ICMS/PB Nº 39.158|2019-05-07 00:00:00|2023-12-31 00:00:00|0.18|0.2|0.00|0.00|0.00|0.00|0.00|0.00|0.00|0.00|0.00||0.4049|0.361|0.2878|0.00|0.00|0.00|0.00|0.00|0.00|0.00|0.00|0.00|0.00|0.00|0.00|0.00|0.00|||||Anexo_5_Cimento_1.xlsx|Cimento
05|1.0|05.001.00|2523|Cimento|DECRETO ICMS/PB Nº 44.681/23|2024-01-01 00:00:00||0.2|0.2|0.00|0.00|0.00|0.00|0.00|0.00|0.00|0.00|0.00||0.4399999999999997|0.3949999999999998|0.32000000000000006|0.00|0.00|0.00|0.00|0.00|0.00|0.00|0.00|0.00|0.00|0.00|0.00|0.00|0.00|||||Anexo_5_Cimento_1.xlsx|Cimento
06|1.0|06.001.00|22071010|Álcool etílico não desnaturado, com um teor alcoólico em volume igual ou superior a 80% vol - Com um teor de água igual ou inferior a 1 % vol (álcool etílico anidro combustível)|DECRETO ICMS/PB Nº 39.158|2019-05-07 00:00:00||0.23|0.00|0.00|0.00|0.00|0.00|0.00|0.00|0.00|0.00|0.00||0.00|0.00|0.00|0.00|PMPF|0.00|0.00|0.00|0.00|0.00|0.00|0.00|0.00|0.00|0.00|0.00|0.00|||||Anexo_5_Combustíveis_e_lubrificantes.xlsx|Combustiveis_Lubrificantes
06|1.1|06.001.01|22071090|Álcool etílico não desnaturado, com um teor alcoólico em volume igual ou superior a 80% vol - Outros (álcool etílico hidratado combustível)|DECRETO ICMS/PB Nº 39.159|2019-05-07 00:00:00||0.23|0.00|0.00|0.00|0.00|0.00|0.00|0.00|0.00|0.00|0.00||0.00|0.00|0.00|0.00|PMPF|0.00|0.00|0.00|0.00|0.00|0.00|0.00|0.00|0.00|0.00|0.00|0.00|||||Anexo_5_Combustíveis_e_lubrificantes.xlsx|Combustiveis_Lubrificantes
06|2.0|06.002.00|27101259|Gasolina automotiva A, exceto Premium|DECRETO ICMS/PB Nº 39.160|2019-05-07 00:00:00||0.27|0.00|0.00|0.00|0.00|0.00|0.00|0.00|0.00|0.00|0.02||0.00|0.00|0.00|0.00|PMPF|0.00|0.00|0.00|0.00|0.00|0.00|0.00|0.00|0.00|0.00|0.00|0.00|||||Anexo_5_Combustíveis_e_lubrificantes.xlsx|Combustiveis_Lubrificantes
06|2.1|06.002.01|27101259|Gasolina automotiva C, exceto Premium|DECRETO ICMS/PB Nº 39.161|2019-05-07 00:00:00||0.27|0.00|0.00|0.00|0.00|0.00|0.00|0.00|0.00|0.00|0.02||0.00|0.00|0.00|0.00|PMPF|0.00|0.00|0.00|0.00|0.00|0.00|0.00|0.00|0.00|0.00|0.00|0.00|||||Anexo_5_Combustíveis_e_lubrificantes.xlsx|Combustiveis_Lubrificantes
06|2.2|06.002.02|27101259|Gasolina automotiva A Premium|DECRETO ICMS/PB Nº 39.162|2019-05-07 00:00:00||0.27|0.00|0.00|0.00|0.00|0.00|0.00|0.00|0.00|0.00|0.02||0.00|0.00|0.00|0.00|PMPF|0.00|0.00|0.00|0.00|0.00|0.00|0.00|0.00|0.00|0.00|0.00|0.00|||||Anexo_5_Combustíveis_e_lubrificantes.xlsx|Combustiveis_Lubrificantes
06|2.3|06.002.03|27101259|Gasolina automotiva C Premium|DECRETO ICMS/PB Nº 39.163|2019-05-07 00:00:00||0.27|0.00|0.00|0.00|0.00|0.00|0.00|0.00|0.00|0.00|0.02||0.00|0.00|0.00|0.00|PMPF|0.00|0.00|0.00|0.00|0.00|0.00|0.00|0.00|0.00|0.00|0.00|0.00|||||Anexo_5_Combustíveis_e_lubrificantes.xlsx|Combustiveis_Lubrificantes
06|3.0|06.003.00|27101251|Gasolina de aviação|DECRETO ICMS/PB Nº 39.164|2019-05-07 00:00:00||0.27|0.00|0.00|0.00|0.00|0.00|0.00|0.00|0.00|0.00|0.02||0.00|0.00|0.00|0.00|PMPF|0.00|0.00|0.00|0.00|0.00|0.00|0.00|0.00|0.00|0.00|0.00|0.00|||||Anexo_5_Combustíveis_e_lubrificantes.xlsx|Combustiveis_Lubrificantes
06|4.0|06.004.00|27101919|Querosenes, exceto de aviação|DECRETO ICMS/PB Nº 39.165|2019-05-07 00:00:00||0.18|0.00|0.00|0.00|0.00|0.00|0.00|0.00|0.00|0.00|0.00||0.00|0.00|0.00|0.00|0.3|0.5854|0.5854|0.5854|0.00|0.00|0.00|0.00|0.00|0.00|0.00|0.00|0.00|||||Anexo_5_Combustíveis_e_lubrificantes.xlsx|Combustiveis_Lubrificantes
06|5.0|06.005.00|27101911|Querosene de aviação|DECRETO ICMS/PB Nº 39.166|2019-05-07 00:00:00||0.18|0.00|0.00|0.00|0.00|0.00|0.00|0.00|0.00|0.00|0.00||0.00|0.00|0.00|0.00|PMPF|0.00|0.00|0.00|0.00|0.00|0.00|0.00|0.00|0.00|0.00|0.00|0.00|||||Anexo_5_Combustíveis_e_lubrificantes.xlsx|Combustiveis_Lubrificantes
06|6.0|06.006.00|2710192|Óleo diesel A, exceto S10 e Marítimo|DECRETO ICMS/PB Nº 39.167|2019-05-07 00:00:00||0.18|0.00|0.00|0.00|0.00|0.00|0.00|0.00|0.00|0.00|0.00||0.00|0.00|0.00|0.00|PMPF|0.00|0.00|0.00|0.00|0.00|0.00|0.00|0.00|0.00|0.00|0.00|0.00|||||Anexo_5_Combustíveis_e_lubrificantes.xlsx|Combustiveis_Lubrificantes
06|6.1|06.006.01|2710192|Óleo diesel B, exceto S10 (mistura obrigatória)|DECRETO ICMS/PB Nº 39.168|2019-05-07 00:00:00||0.18|0.00|0.00|0.00|0.00|0.00|0.00|0.00|0.00|0.00|0.00||0.00|0.00|0.00|0.00|PMPF|0.00|0.00|0.00|0.00|0.00|0.00|0.00|0.00|0.00|0.00|0.00|0.00|||||Anexo_5_Combustíveis_e_lubrificantes.xlsx|Combustiveis_Lubrificantes
06|6.2|06.006.02|2710192|Óleo diesel B, exceto S10 (misturas autorizativas)|DECRETO ICMS/PB Nº 39.169|2019-05-07 00:00:00||0.18|0.00|0.00|0.00|0.00|0.00|0.00|0.00|0.00|0.00|0.00||0.00|0.00|0.00|0.00|PMPF|0.00|0.00|0.00|0.00|0.00|0.00|0.00|0.00|0.00|0.00|0.00|0.00|||||Anexo_5_Combustíveis_e_lubrificantes.xlsx|Combustiveis_Lubrificantes
06|6.3|06.006.03|2710192|Óleo diesel B, exceto S10 (misturas experimentais)|DECRETO ICMS/PB Nº 39.170|2019-05-07 00:00:00||0.18|0.00|0.00|0.00|0.00|0.00|0.00|0.00|0.00|0.00|0.00||0.00|0.00|0.00|0.00|PMPF|0.00|0.00|0.00|0.00|0.00|0.00|0.00|0.00|0.00|0.00|0.00|0.00|||||Anexo_5_Combustíveis_e_lubrificantes.xlsx|Combustiveis_Lubrificantes
06|6.4|06.006.04|2710192|Óleo diesel A S10|DECRETO ICMS/PB Nº 39.171|2019-05-07 00:00:00||0.18|0.00|0.00|0.00|0.00|0.00|0.00|0.00|0.00|0.00|0.00||0.00|0.00|0.00|0.00|PMPF|0.00|0.00|0.00|0.00|0.00|0.00|0.00|0.00|0.00|0.00|0.00|0.00|||||Anexo_5_Combustíveis_e_lubrificantes.xlsx|Combustiveis_Lubrificantes
06|6.5|06.006.05|2710192|Óleo diesel B S10 (mistura obrigatória)|DECRETO ICMS/PB Nº 39.172|2019-05-07 00:00:00||0.18|0.00|0.00|0.00|0.00|0.00|0.00|0.00|0.00|0.00|0.00||0.00|0.00|0.00|0.00|PMPF|0.00|0.00|0.00|0.00|0.00|0.00|0.00|0.00|0.00|0.00|0.00|0.00|||||Anexo_5_Combustíveis_e_lubrificantes.xlsx|Combustiveis_Lubrificantes
06|6.6|06.006.06|2710192|Óleo diesel B S10 (misturas autorizativas)|DECRETO ICMS/PB Nº 39.173|2019-05-07 00:00:00||0.18|0.00|0.00|0.00|0.00|0.00|0.00|0.00|0.00|0.00|0.00||0.00|0.00|0.00|0.00|PMPF|0.00|0.00|0.00|0.00|0.00|0.00|0.00|0.00|0.00|0.00|0.00|0.00|||||Anexo_5_Combustíveis_e_lubrificantes.xlsx|Combustiveis_Lubrificantes
06|6.7|06.006.07|2710192|Óleo diesel B S10 (misturas experimentais)|DECRETO ICMS/PB Nº 39.174|2019-05-07 00:00:00||0.18|0.00|0.00|0.00|0.00|0.00|0.00|0.00|0.00|0.00|0.00||0.00|0.00|0.00|0.00|PMPF|0.00|0.00|0.00|0.00|0.00|0.00|0.00|0.00|0.00|0.00|0.00|0.00|||||Anexo_5_Combustíveis_e_lubrificantes.xlsx|Combustiveis_Lubrificantes
06|6.8|06.006.08|2710192|Óleo Diesel Marítimo|DECRETO ICMS/PB Nº 39.175|2019-05-07 00:00:00||0.18|0.00|0.00|0.00|0.00|0.00|0.00|0.00|0.00|0.00|0.00||0.00|0.00|0.00|0.00|PMPF|0.00|0.00|0.00|0.00|0.00|0.00|0.00|0.00|0.00|0.00|0.00|0.00|||||Anexo_5_Combustíveis_e_lubrificantes.xlsx|Combustiveis_Lubrificantes
06|6.9|06.006.09|2710192|Outros óleos combustíveis, exceto os classificados no CEST 06.006.10 e 06.006.11|DECRETO ICMS/PB Nº 39.176|2019-05-07 00:00:00||0.18|0.00|0.00|0.00|0.00|0.00|0.00|0.00|0.00|0.00|0.00||0.00|0.00|0.00|0.00|PMPF|0.00|0.00|0.00|0.00|0.00|0.00|0.00|0.00|0.00|0.00|0.00|0.00|||||Anexo_5_Combustíveis_e_lubrificantes.xlsx|Combustiveis_Lubrificantes
06|6.10|06.006.10|2710192|Óleo combustível derivado de xisto|DECRETO ICMS/PB Nº 39.177|2019-05-07 00:00:00||0.18|0.00|0.00|0.00|0.00|0.00|0.00|0.00|0.00|0.00|0.00||0.00|0.00|0.00|0.00|PMPF|0.00|0.00|0.00|0.00|0.00|0.00|0.00|0.00|0.00|0.00|0.00|0.00|||||Anexo_5_Combustíveis_e_lubrificantes.xlsx|Combustiveis_Lubrificantes
06|6.11|06.006.11|27101922|Óleo combustível pesado|DECRETO ICMS/PB Nº 39.178|2019-05-07 00:00:00||0.18|0.00|0.00|0.00|0.00|0.00|0.00|0.00|0.00|0.00|0.00||0.00|0.00|0.00|0.00|PMPF|0.00|0.00|0.00|0.00|0.00|0.00|0.00|0.00|0.00|0.00|0.00|0.00|||||Anexo_5_Combustíveis_e_lubrificantes.xlsx|Combustiveis_Lubrificantes
06|7.0|06.007.00|2710193|Óleos lubrificantes|DECRETO ICMS/PB Nº 39.179|2019-05-07 00:00:00||0.18|0.00|0.00|0.00|0.00|0.00|0.00|0.00|0.00|0.00|0.00||0.00|0.00|0.00|0.00|0.6131|0.9672|0.9672|0.9672|0.6131|0.8885073170731705|0.8294914634146338|0.7311317073170729|0.00|0.00|0.00|0.00|0.00|||||Anexo_5_Combustíveis_e_lubrificantes.xlsx|Combustiveis_Lubrificantes
06|8.0|06.008.00|2710199|Outros óleos de petróleo ou de minerais betuminosos (exceto óleos brutos) e preparações não especificadas nem compreendidas noutras posições, que contenham, como constituintes básicos, 70% ou mais, em peso, de óleos de petróleo ou de minerais betuminosos, exceto os que contenham biodiesel, exceto os resíduos de óleos e exceto as graxas lubrificantes|DECRETO ICMS/PB Nº 39.180|2019-05-07 00:00:00||0.18|0.00|0.00|0.00|0.00|0.00|0.00|0.00|0.00|0.00|0.00||0.00|0.00|0.00|0.00|0.6131|0.9672|0.9672|0.9672|0.6131|0.8885073170731705|0.8294914634146338|0.7311317073170729|0.3|0.5219512195121949|0.4743902439024388|0.3951219512195123|0.00|||||Anexo_5_Combustíveis_e_lubrificantes.xlsx|Combustiveis_Lubrificantes
06|8.1|06.008.01|2710199|Graxa lubrificante|DECRETO ICMS/PB Nº 39.181|2019-05-07 00:00:00||0.18|0.00|0.00|0.00|0.00|0.00|0.00|0.00|0.00|0.00|0.00||0.00|0.00|0.00|0.00|0.6131|0.9672|0.9672|0.9672|0.6131|0.8885073170731705|0.8294914634146338|0.7311317073170729|0.3|0.5219512195121949|0.4743902439024388|0.3951219512195123|0.00|||||Anexo_5_Combustíveis_e_lubrificantes.xlsx|Combustiveis_Lubrificantes
06|9.0|06.009.00|27109|Resíduos de óleos|DECRETO ICMS/PB Nº 39.182|2019-05-07 00:00:00||0.18|0.00|0.00|0.00|0.00|0.00|0.00|0.00|0.00|0.00|0.00||0.00|0.00|0.00|0.00|PMPF|0.00|0.00|0.00|0.00|0.00|0.00|0.00|0.00|0.00|0.00|0.00|0.00|||||Anexo_5_Combustíveis_e_lubrificantes.xlsx|Combustiveis_Lubrificantes
06|10.0|06.010.00|2711|Gás de petróleo e outros hidrocarbonetos gasosos, exceto GLP, GLGN, Gás Natural e Gás de xisto.|DECRETO ICMS/PB Nº 39.183|2019-05-07 00:00:00||0.18|0.00|0.00|0.00|0.00|0.00|0.00|0.00|0.00|0.00|0.00||0.00|0.00|0.00|0.00|PMPF|0.00|0.00|0.00|0.00|0.00|0.00|0.00|0.00|0.00|0.00|0.00|0.00|||||Anexo_5_Combustíveis_e_lubrificantes.xlsx|Combustiveis_Lubrificantes
06|11.0|06.011.00|27111910|Gás liquefeito de petróleo em botijão de 13 Kg (GLP)|DECRETO ICMS/PB Nº 39.184|2019-05-07 00:00:00||0.18|0.00|0.00|0.00|0.00|0.00|0.00|0.00|0.00|0.00|0.00||0.00|0.00|0.00|0.00|PMPF|0.00|0.00|0.00|0.00|0.00|0.00|0.00|0.00|0.00|0.00|0.00|0.00|||||Anexo_5_Combustíveis_e_lubrificantes.xlsx|Combustiveis_Lubrificantes
06|11.1|06.011.01|27111910|Gás liquefeito de petróleo (GLP), exceto em botijão de 13 Kg|DECRETO ICMS/PB Nº 39.185|2019-05-07 00:00:00||0.18|0.00|0.00|0.00|0.00|0.00|0.00|0.00|0.00|0.00|0.00||0.00|0.00|0.00|0.00|PMPF|0.00|0.00|0.00|0.00|0.00|0.00|0.00|0.00|0.00|0.00|0.00|0.00|||||Anexo_5_Combustíveis_e_lubrificantes.xlsx|Combustiveis_Lubrificantes
06|11.2|06.011.02|27111910|Gás liquefeito de petróleo em botijão de 13 Kg (GLGNn)|DECRETO ICMS/PB Nº 39.186|2019-05-07 00:00:00||0.18|0.00|0.00|0.00|0.00|0.00|0.00|0.00|0.00|0.00|0.00||0.00|0.00|0.00|0.00|PMPF|0.00|0.00|0.00|0.00|0.00|0.00|0.00|0.00|0.00|0.00|0.00|0.00|||||Anexo_5_Combustíveis_e_lubrificantes.xlsx|Combustiveis_Lubrificantes
06|11.3|06.011.03|27111910|Gás liquefeito de petróleo (GLGNn), exceto em botijão de 13 Kg|DECRETO ICMS/PB Nº 39.187|2019-05-07 00:00:00||0.18|0.00|0.00|0.00|0.00|0.00|0.00|0.00|0.00|0.00|0.00||0.00|0.00|0.00|0.00|PMPF|0.00|0.00|0.00|0.00|0.00|0.00|0.00|0.00|0.00|0.00|0.00|0.00|||||Anexo_5_Combustíveis_e_lubrificantes.xlsx|Combustiveis_Lubrificantes
06|11.4|06.011.04|27111910|Gás liquefeito de petróleo em botijão de 13 Kg (GLGNi)|DECRETO ICMS/PB Nº 39.188|2019-05-07 00:00:00||0.18|0.00|0.00|0.00|0.00|0.00|0.00|0.00|0.00|0.00|0.00||0.00|0.00|0.00|0.00|PMPF|0.00|0.00|0.00|0.00|0.00|0.00|0.00|0.00|0.00|0.00|0.00|0.00|||||Anexo_5_Combustíveis_e_lubrificantes.xlsx|Combustiveis_Lubrificantes
06|11.5|06.011.05|27111910|Gás liquefeito de petróleo (GLGNi), exceto em botijão de 13 Kg|DECRETO ICMS/PB Nº 39.189|2019-05-07 00:00:00||0.18|0.00|0.00|0.00|0.00|0.00|0.00|0.00|0.00|0.00|0.00||0.00|0.00|0.00|0.00|PMPF|0.00|0.00|0.00|0.00|0.00|0.00|0.00|0.00|0.00|0.00|0.00|0.00|||||Anexo_5_Combustíveis_e_lubrificantes.xlsx|Combustiveis_Lubrificantes
06|11.6|06.011.06|27111910|Gás liquefeito de petróleo em botijão de 13 kg (Misturas)|DECRETO ICMS/PB Nº 39.190|2019-05-07 00:00:00||0.18|0.00|0.00|0.00|0.00|0.00|0.00|0.00|0.00|0.00|0.00||0.00|0.00|0.00|0.00|PMPF|0.00|0.00|0.00|0.00|0.00|0.00|0.00|0.00|0.00|0.00|0.00|0.00|||||Anexo_5_Combustíveis_e_lubrificantes.xlsx|Combustiveis_Lubrificantes
06|11.7|06.011.07|27111910|Gás liquefeito de petróleo (Misturas), exceto em botijão de 13 Kg|DECRETO ICMS/PB Nº 39.191|2019-05-07 00:00:00||0.18|0.00|0.00|0.00|0.00|0.00|0.00|0.00|0.00|0.00|0.00||0.00|0.00|0.00|0.00|PMPF|0.00|0.00|0.00|0.00|0.00|0.00|0.00|0.00|0.00|0.00|0.00|0.00|||||Anexo_5_Combustíveis_e_lubrificantes.xlsx|Combustiveis_Lubrificantes
06|12.0|06.012.00|27111100|Gás Natural Liquefeito|DECRETO ICMS/PB Nº 39.192|2019-05-07 00:00:00||0.18|0.00|0.00|0.00|0.00|0.00|0.00|0.00|0.00|0.00|0.00||0.00|0.00|0.00|0.00|PMPF|0.00|0.00|0.00|0.00|0.00|0.00|0.00|0.00|0.00|0.00|0.00|0.00|||||Anexo_5_Combustíveis_e_lubrificantes.xlsx|Combustiveis_Lubrificantes
06|13.0|06.013.00|27112100|Gás Natural Gasoso|DECRETO ICMS/PB Nº 39.193|2019-05-07 00:00:00||0.18|0.00|0.00|0.00|0.00|0.00|0.00|0.00|0.00|0.00|0.00||0.00|0.00|0.00|0.00|PMPF|0.00|0.00|0.00|0.00|0.00|0.00|0.00|0.00|0.00|0.00|0.00|0.00|||||Anexo_5_Combustíveis_e_lubrificantes.xlsx|Combustiveis_Lubrificantes
06|14.0|06.014.00|27112990|Gás de xisto|DECRETO ICMS/PB Nº 39.194|2019-05-07 00:00:00||0.18|0.00|0.00|0.00|0.00|0.00|0.00|0.00|0.00|0.00|0.00||0.00|0.00|0.00|0.00|PMPF|0.00|0.00|0.00|0.00|0.00|0.00|0.00|0.00|0.00|0.00|0.00|0.00|||||Anexo_5_Combustíveis_e_lubrificantes.xlsx|Combustiveis_Lubrificantes
06|15.0|06.015.00|2713|Coque de petróleo e outros resíduos de óleo de petróleo ou de minerais betuminosos|DECRETO ICMS/PB Nº 39.195|2019-05-07 00:00:00||0.18|0.00|0.00|0.00|0.00|0.00|0.00|0.00|0.00|0.00|0.00||0.00|0.00|0.00|0.00|0.3|0.522|0.4744|0.3951|0.00|0.00|0.00|0.00|0.00|0.00|0.00|0.00|0.00|||||Anexo_5_Combustíveis_e_lubrificantes.xlsx|Combustiveis_Lubrificantes
06|16.0|06.016.00|38260000|Biodiesel e suas misturas, que não contenham ou que contenham menos de 70%, em peso, de óleos de petróleo ou de óleos minerais betuminosos|DECRETO ICMS/PB Nº 39.196|2019-05-07 00:00:00||0.18|0.00|0.00|0.00|0.00|0.00|0.00|0.00|0.00|0.00|0.00||0.00|0.00|0.00|0.00|DIFERIMENTO|0.00|0.00|0.00|0.00|0.00|0.00|0.00|0.00|0.00|0.00|0.00|0.00|||||Anexo_5_Combustíveis_e_lubrificantes.xlsx|Combustiveis_Lubrificantes
06|17.0|06.017.00|3403|Preparações lubrificantes, exceto as contendo, como constituintes de base, 70% ou mais, em peso, de óleos de petróleo ou de minerais betuminosos|DECRETO ICMS/PB Nº 39.197|2019-05-07 00:00:00||0.18|0.00|0.00|0.00|0.00|0.00|0.00|0.00|0.00|0.00|0.00||0.00|0.00|0.00|0.00|0.6131|0.00|0.00|0.00|0.00|0.00|0.00|0.00|0.00|0.00|0.00|0.00|0.00|||||Anexo_5_Combustíveis_e_lubrificantes.xlsx|Combustiveis_Lubrificantes
06|18.0|06.018.00|27102000|Óleos de petróleo ou de minerais betuminosos (exceto óleos brutos) e preparações não especificadas nem compreendidas noutras posições, que contenham, como constituintes básicos, 70% ou mais, em peso, de óleos de petróleo ou de minerais betuminosos, que contenham biodiesel, exceto os resíduos de óleos|DECRETO ICMS/PB Nº 39.198|2019-05-07 00:00:00||0.18|0.00|0.00|0.00|0.00|0.00|0.00|0.00|0.00|0.00|0.00||0.00|0.00|0.00|0.00|0.3|0.522|0.4744|0.3951|0.00|0.00|0.00|0.00|0.00|0.00|0.00|0.00|0.00|||||Anexo_5_Combustíveis_e_lubrificantes.xlsx|Combustiveis_Lubrificantes
60|1.0|600100|22071010|Álcool etílico não desnaturado, com um teor alcoólico em volume igual ou superior a 80% vol - Com um teor de água igual ou inferior a 1 % vol (álcool etílico anidro combustível)|DECRETO ICMS/PB Nº 39.158|2019-05-07 00:00:00|2023-12-31 00:00:00|0.23|0.00|0.00|0.00|0.00|0.00|0.00|0.00|0.00|0.00|0.00||0.00|0.00|0.00|0.00|PMPF|0.00|0.00|0.00|0.00|0.00|0.00|0.00|0.00|0.00|0.00|0.00|0.00|||||Anexo_5_Combustíveis__Lubrificantes.xlsx|Combustiveis_Lubrificantes
60|1.0|600100|22071010|Álcool etílico não desnaturado, com um teor alcoólico em volume igual ou superior a 80% vol - Com um teor de água igual ou inferior a 1 % vol (álcool etílico anidro combustível)|DECRETO ICMS/PB Nº 44.681/2023|2024-01-01 00:00:00|2024-12-26 00:00:00|0.00|0.00|0.00|0.00|0.00|0.00|0.00|0.00|0.00|0.00|0.00||0.00|0.00|0.00|0.00|AD REM|0.00|0.00|0.00|0.00|0.00|0.00|0.00|0.00|0.00|0.00|0.00|0.00|||||Anexo_5_Combustíveis__Lubrificantes.xlsx|Combustiveis_Lubrificantes
60|1.0|600100|22071010|Álcool etílico não desnaturado, com um teor alcoólico em volume igual ou superior a 80% vol - Com um teor de água igual ou inferior a 1 % vol (álcool etílico anidro combustível)|DECRETO ICMS/PB Nº 46.126/2024|2024-12-27 00:00:00||0.00|0.00|0.00|0.00|0.00|0.00|0.00|0.00|0.00|0.00|0.00||0.00|0.00|0.00|0.00|AD REM|0.00|0.00|0.00|0.00|0.00|0.00|0.00|0.00|0.00|0.00|0.00|0.00|||||Anexo_5_Combustíveis__Lubrificantes.xlsx|Combustiveis_Lubrificantes
60|1.1|600101|22071090|Álcool etílico não desnaturado, com um teor alcoólico em volume igual ou superior a 80% vol - Outros (álcool etílico hidratado combustível)|DECRETO ICMS/PB Nº 39.159|2019-05-07 00:00:00|2023-12-31 00:00:00|0.23|0.00|0.00|0.00|0.00|0.00|0.00|0.00|0.00|0.00|0.00||0.00|0.00|0.00|0.00|PMPF|0.00|0.00|0.00|0.00|0.00|0.00|0.00|0.00|0.00|0.00|0.00|0.00|||||Anexo_5_Combustíveis__Lubrificantes.xlsx|Combustiveis_Lubrificantes
60|1.1|600101|22071090|Álcool etílico não desnaturado, com um teor alcoólico em volume igual ou superior a 80% vol - Outros (álcool etílico hidratado combustível)|DECRETO ICMS/PB Nº 44.681/2023|2024-01-01 00:00:00|2024-12-26 00:00:00|0.1533|0.00|0.00|0.00|0.00|0.00|0.00|0.00|0.00|0.00|0.00||0.00|0.00|0.00|0.00|PMPF|0.00|0.00|0.00|0.00|0.00|0.00|0.00|0.00|0.00|0.00|0.00|0.00|||||Anexo_5_Combustíveis__Lubrificantes.xlsx|Combustiveis_Lubrificantes
60|1.1|600101|22071090|Álcool etílico não desnaturado, com um teor alcoólico em volume igual ou superior a 80% vol - Outros (álcool etílico hidratado combustível)|DECRETO ICMS/PB Nº 46.126/2024|2024-12-27 00:00:00||0.1533|0.00|0.00|0.00|0.00|0.00|0.00|0.00|0.00|0.00|0.00||0.00|0.00|0.00|0.00|PMPF|0.00|0.00|0.00|0.00|0.00|0.00|0.00|0.00|0.00|0.00|0.00|0.00|||||Anexo_5_Combustíveis__Lubrificantes.xlsx|Combustiveis_Lubrificantes
60|2.0|600200|27101259|Gasolina automotiva A, exceto Premium|DECRETO ICMS/PB Nº 39.160|2019-05-07 00:00:00|2023-12-31 00:00:00|0.27|0.00|0.00|0.00|0.00|0.00|0.00|0.00|0.00|0.00|0.02||0.00|0.00|0.00|0.00|PMPF|0.00|0.00|0.00|0.00|0.00|0.00|0.00|0.00|0.00|0.00|0.00|0.00|||||Anexo_5_Combustíveis__Lubrificantes.xlsx|Combustiveis_Lubrificantes
60|2.0|600200|27101259|Gasolina automotiva A, exceto Premium|DECRETO ICMS/PB Nº 44.681/2023|2024-01-01 00:00:00|2024-12-26 00:00:00|0.00|0.00|0.00|0.00|0.00|0.00|0.00|0.00|0.00|0.00|0.00||0.00|0.00|0.00|0.00|AD REM|0.00|0.00|0.00|0.00|0.00|0.00|0.00|0.00|0.00|0.00|0.00|0.00|||||Anexo_5_Combustíveis__Lubrificantes.xlsx|Combustiveis_Lubrificantes
60|2.0|600200|27101259|Gasolina automotiva A, exceto Premium|DECRETO ICMS/PB Nº 46.126/2024|2024-12-27 00:00:00||0.00|0.00|0.00|0.00|0.00|0.00|0.00|0.00|0.00|0.00|0.00||0.00|0.00|0.00|0.00|AD REM|0.00|0.00|0.00|0.00|0.00|0.00|0.00|0.00|0.00|0.00|0.00|0.00|||||Anexo_5_Combustíveis__Lubrificantes.xlsx|Combustiveis_Lubrificantes
60|2.1|600201|27101259|Gasolina automotiva C, exceto Premium|DECRETO ICMS/PB Nº 39.161|2019-05-07 00:00:00|2023-12-31 00:00:00|0.27|0.00|0.00|0.00|0.00|0.00|0.00|0.00|0.00|0.00|0.02||0.00|0.00|0.00|0.00|PMPF|0.00|0.00|0.00|0.00|0.00|0.00|0.00|0.00|0.00|0.00|0.00|0.00|||||Anexo_5_Combustíveis__Lubrificantes.xlsx|Combustiveis_Lubrificantes
60|2.1|600201|27101259|Gasolina automotiva C, exceto Premium|DECRETO ICMS/PB Nº 44.681/2023|2024-01-01 00:00:00|2024-12-26 00:00:00|0.00|0.00|0.00|0.00|0.00|0.00|0.00|0.00|0.00|0.00|0.00||0.00|0.00|0.00|0.00|AD REM|0.00|0.00|0.00|0.00|0.00|0.00|0.00|0.00|0.00|0.00|0.00|0.00|||||Anexo_5_Combustíveis__Lubrificantes.xlsx|Combustiveis_Lubrificantes
60|2.1|600201|27101259|Gasolina automotiva C, exceto Premium|DECRETO ICMS/PB Nº 46.126/2024|2024-12-27 00:00:00||0.00|0.00|0.00|0.00|0.00|0.00|0.00|0.00|0.00|0.00|0.00||0.00|0.00|0.00|0.00|AD REM|0.00|0.00|0.00|0.00|0.00|0.00|0.00|0.00|0.00|0.00|0.00|0.00|||||Anexo_5_Combustíveis__Lubrificantes.xlsx|Combustiveis_Lubrificantes
60|2.2|600202|27101259|Gasolina automotiva A Premium|DECRETO ICMS/PB Nº 39.162|2019-05-07 00:00:00|2023-12-31 00:00:00|0.27|0.00|0.00|0.00|0.00|0.00|0.00|0.00|0.00|0.00|0.02||0.00|0.00|0.00|0.00|PMPF|0.00|0.00|0.00|0.00|0.00|0.00|0.00|0.00|0.00|0.00|0.00|0.00|||||Anexo_5_Combustíveis__Lubrificantes.xlsx|Combustiveis_Lubrificantes
60|2.2|600202|27101259|Gasolina automotiva A Premium|DECRETO ICMS/PB Nº 44.681/2023|2024-01-01 00:00:00|2024-12-26 00:00:00|0.00|0.00|0.00|0.00|0.00|0.00|0.00|0.00|0.00|0.00|0.00||0.00|0.00|0.00|0.00|AD REM|0.00|0.00|0.00|0.00|0.00|0.00|0.00|0.00|0.00|0.00|0.00|0.00|||||Anexo_5_Combustíveis__Lubrificantes.xlsx|Combustiveis_Lubrificantes
60|2.2|600202|27101259|Gasolina automotiva A Premium|DECRETO ICMS/PB Nº 46.126/2024|2024-12-27 00:00:00||0.00|0.00|0.00|0.00|0.00|0.00|0.00|0.00|0.00|0.00|0.00||0.00|0.00|0.00|0.00|AD REM|0.00|0.00|0.00|0.00|0.00|0.00|0.00|0.00|0.00|0.00|0.00|0.00|||||Anexo_5_Combustíveis__Lubrificantes.xlsx|Combustiveis_Lubrificantes
60|2.3|600203|27101259|Gasolina automotiva C Premium|DECRETO ICMS/PB Nº 39.163|2019-05-07 00:00:00|2023-12-31 00:00:00|0.27|0.00|0.00|0.00|0.00|0.00|0.00|0.00|0.00|0.00|0.02||0.00|0.00|0.00|0.00|PMPF|0.00|0.00|0.00|0.00|0.00|0.00|0.00|0.00|0.00|0.00|0.00|0.00|||||Anexo_5_Combustíveis__Lubrificantes.xlsx|Combustiveis_Lubrificantes
60|2.3|600203|27101259|Gasolina automotiva C Premium|DECRETO ICMS/PB Nº 44.681/2023|2024-01-01 00:00:00|2024-12-26 00:00:00|0.00|0.00|0.00|0.00|0.00|0.00|0.00|0.00|0.00|0.00|0.00||0.00|0.00|0.00|0.00|AD REM|0.00|0.00|0.00|0.00|0.00|0.00|0.00|0.00|0.00|0.00|0.00|0.00|||||Anexo_5_Combustíveis__Lubrificantes.xlsx|Combustiveis_Lubrificantes
60|2.3|600203|27101259|Gasolina automotiva C Premium|DECRETO ICMS/PB Nº 46.126/2024|2024-12-27 00:00:00||0.00|0.00|0.00|0.00|0.00|0.00|0.00|0.00|0.00|0.00|0.00||0.00|0.00|0.00|0.00|AD REM|0.00|0.00|0.00|0.00|0.00|0.00|0.00|0.00|0.00|0.00|0.00|0.00|||||Anexo_5_Combustíveis__Lubrificantes.xlsx|Combustiveis_Lubrificantes
60|3.0|600300|27101251|Gasolina de aviação|DECRETO ICMS/PB Nº 39.164|2019-05-07 00:00:00|2023-12-31 00:00:00|0.27|0.00|0.00|0.00|0.00|0.00|0.00|0.00|0.00|0.00|0.02||0.00|0.00|0.00|0.00|PMPF|0.00|0.00|0.00|0.00|0.00|0.00|0.00|0.00|0.00|0.00|0.00|0.00|||||Anexo_5_Combustíveis__Lubrificantes.xlsx|Combustiveis_Lubrificantes
60|3.0|600300|27101251|Gasolina de aviação|DECRETO ICMS/PB Nº 44.681/2023|2024-01-01 00:00:00|2024-12-26 00:00:00|0.00|0.00|0.00|0.00|0.00|0.00|0.00|0.00|0.00|0.00|0.00||0.00|0.00|0.00|0.00|AD REM|0.00|0.00|0.00|0.00|0.00|0.00|0.00|0.00|0.00|0.00|0.00|0.00|||||Anexo_5_Combustíveis__Lubrificantes.xlsx|Combustiveis_Lubrificantes
60|3.0|600300|27101251|Gasolina de aviação|DECRETO ICMS/PB Nº 46.126/2024|2024-12-27 00:00:00||0.00|0.00|0.00|0.00|0.00|0.00|0.00|0.00|0.00|0.00|0.00||0.00|0.00|0.00|0.00|AD REM|0.00|0.00|0.00|0.00|0.00|0.00|0.00|0.00|0.00|0.00|0.00|0.00|||||Anexo_5_Combustíveis__Lubrificantes.xlsx|Combustiveis_Lubrificantes
60|4.0|600400|27101919|Querosenes, exceto de aviação|DECRETO ICMS/PB Nº 39.165|2019-05-07 00:00:00|2023-12-31 00:00:00|0.18|0.00|0.00|0.00|0.00|0.00|0.00|0.00|0.00|0.00|0.00||0.00|0.00|0.00|0.00|0.3|0.5854|0.5854|0.5854|0.3|0.00|0.00|0.00|0.00|0.00|0.00|0.00|0.00|||||Anexo_5_Combustíveis__Lubrificantes.xlsx|Combustiveis_Lubrificantes
60|4.0|600400|27101919|Querosenes, exceto de aviação|DECRETO ICMS/PB Nº 45.112/2024|2024-01-01 00:00:00|2024-12-26 00:00:00|0.2|0.00|0.00|0.00|0.00|0.00|0.00|0.00|0.00|0.00|0.00||0.00|0.00|0.00|0.00|0.3|0.56|0.5113|0.43|0.3|0.00|0.00|0.00|0.00|0.00|0.00|0.00|0.00|||||Anexo_5_Combustíveis__Lubrificantes.xlsx|Combustiveis_Lubrificantes
60|4.0|600400|27101919|Querosenes, exceto de aviação|DECRETO ICMS/PB Nº 46.126/2024|2024-12-27 00:00:00||0.2|0.00|0.00|0.00|0.00|0.00|0.00|0.00|0.00|0.00|0.00||0.00|0.00|0.00|0.00|0.3|0.56|0.5113|0.43|0.3|0.00|0.00|0.00|0.00|0.00|0.00|0.00|0.00|||||Anexo_5_Combustíveis__Lubrificantes.xlsx|Combustiveis_Lubrificantes
60|5.0|600500|27101911|Querosene de aviação|DECRETO ICMS/PB Nº 39.166|2019-05-07 00:00:00|2023-12-31 00:00:00|0.18|0.00|0.00|0.00|0.00|0.00|0.00|0.00|0.00|0.00|0.00||0.00|0.00|0.00|0.00|PMPF|0.00|0.00|0.00|0.00|0.00|0.00|0.00|0.00|0.00|0.00|0.00|0.00|||||Anexo_5_Combustíveis__Lubrificantes.xlsx|Combustiveis_Lubrificantes
60|5.0|600500|27101911|Querosene de aviação|DECRETO ICMS/PB Nº 44.681/2023|2024-01-01 00:00:00|2024-12-26 00:00:00|0.2|0.00|0.00|0.00|0.00|0.00|0.00|0.00|0.00|0.00|0.00||0.00|0.00|0.00|0.00|PMPF|0.00|0.00|0.00|0.00|0.00|0.00|0.00|0.00|0.00|0.00|0.00|0.00|||||Anexo_5_Combustíveis__Lubrificantes.xlsx|Combustiveis_Lubrificantes
60|5.0|600500|27101911|Querosene de aviação|DECRETO ICMS/PB Nº 46.126/2024|2024-12-27 00:00:00||0.2|0.00|0.00|0.00|0.00|0.00|0.00|0.00|0.00|0.00|0.00||0.00|0.00|0.00|0.00|PMPF|0.00|0.00|0.00|0.00|0.00|0.00|0.00|0.00|0.00|0.00|0.00|0.00|||||Anexo_5_Combustíveis__Lubrificantes.xlsx|Combustiveis_Lubrificantes
60|6.0|600600|2710192|Óleo diesel A, exceto S10 e Marítimo|DECRETO ICMS/PB Nº 39.167|2019-05-07 00:00:00|2023-12-31 00:00:00|0.18|0.00|0.00|0.00|0.00|0.00|0.00|0.00|0.00|0.00|0.00||0.00|0.00|0.00|0.00|PMPF|0.00|0.00|0.00|0.00|0.00|0.00|0.00|0.00|0.00|0.00|0.00|0.00|||||Anexo_5_Combustíveis__Lubrificantes.xlsx|Combustiveis_Lubrificantes
60|6.0|600600|2710192|Óleo diesel A, exceto S10 e Marítimo|DECRETO ICMS/PB Nº 44.681/2023|2024-01-01 00:00:00|2024-12-26 00:00:00|0.00|0.00|0.00|0.00|0.00|0.00|0.00|0.00|0.00|0.00|0.00||0.00|0.00|0.00|0.00|AD REM|0.00|0.00|0.00|0.00|0.00|0.00|0.00|0.00|0.00|0.00|0.00|0.00|||||Anexo_5_Combustíveis__Lubrificantes.xlsx|Combustiveis_Lubrificantes
60|6.0|600600|2710192|Óleo diesel A, exceto S10 e Marítimo|DECRETO ICMS/PB Nº 46.126/2024|2024-12-27 00:00:00||0.00|0.00|0.00|0.00|0.00|0.00|0.00|0.00|0.00|0.00|0.00||0.00|0.00|0.00|0.00|AD REM|0.00|0.00|0.00|0.00|0.00|0.00|0.00|0.00|0.00|0.00|0.00|0.00|||||Anexo_5_Combustíveis__Lubrificantes.xlsx|Combustiveis_Lubrificantes
60|6.1|600601|2710192|Óleo diesel B, exceto S10 (mistura obrigatória)|DECRETO ICMS/PB Nº 39.168|2019-05-07 00:00:00|2023-12-31 00:00:00|0.18|0.00|0.00|0.00|0.00|0.00|0.00|0.00|0.00|0.00|0.00||0.00|0.00|0.00|0.00|PMPF|0.00|0.00|0.00|0.00|0.00|0.00|0.00|0.00|0.00|0.00|0.00|0.00|||||Anexo_5_Combustíveis__Lubrificantes.xlsx|Combustiveis_Lubrificantes
60|6.1|600601|2710192|Óleo diesel B, exceto S10 (mistura obrigatória)|DECRETO ICMS/PB Nº 44.681/2023|2024-01-01 00:00:00|2024-12-26 00:00:00|0.00|0.00|0.00|0.00|0.00|0.00|0.00|0.00|0.00|0.00|0.00||0.00|0.00|0.00|0.00|AD REM|0.00|0.00|0.00|0.00|0.00|0.00|0.00|0.00|0.00|0.00|0.00|0.00|||||Anexo_5_Combustíveis__Lubrificantes.xlsx|Combustiveis_Lubrificantes
60|6.1|600601|2710192|Óleo diesel B, exceto S10 (mistura obrigatória)|DECRETO ICMS/PB Nº 46.126/2024|2024-12-27 00:00:00||0.00|0.00|0.00|0.00|0.00|0.00|0.00|0.00|0.00|0.00|0.00||0.00|0.00|0.00|0.00|AD REM|0.00|0.00|0.00|0.00|0.00|0.00|0.00|0.00|0.00|0.00|0.00|0.00|||||Anexo_5_Combustíveis__Lubrificantes.xlsx|Combustiveis_Lubrificantes
60|6.2|600602|2710192|Óleo diesel B, exceto S10 (misturas autorizativas)|DECRETO ICMS/PB Nº 39.169|2019-05-07 00:00:00|2023-12-31 00:00:00|0.18|0.00|0.00|0.00|0.00|0.00|0.00|0.00|0.00|0.00|0.00||0.00|0.00|0.00|0.00|PMPF|0.00|0.00|0.00|0.00|0.00|0.00|0.00|0.00|0.00|0.00|0.00|0.00|||||Anexo_5_Combustíveis__Lubrificantes.xlsx|Combustiveis_Lubrificantes
60|6.2|600602|2710192|Óleo diesel B, exceto S10 (misturas autorizativas)|DECRETO ICMS/PB Nº 44.681/2023|2024-01-01 00:00:00|2024-12-26 00:00:00|0.00|0.00|0.00|0.00|0.00|0.00|0.00|0.00|0.00|0.00|0.00||0.00|0.00|0.00|0.00|AD REM|0.00|0.00|0.00|0.00|0.00|0.00|0.00|0.00|0.00|0.00|0.00|0.00|||||Anexo_5_Combustíveis__Lubrificantes.xlsx|Combustiveis_Lubrificantes
60|6.2|600602|2710192|Óleo diesel B, exceto S10 (misturas autorizativas)|DECRETO ICMS/PB Nº 46.126/2024|2024-12-27 00:00:00||0.00|0.00|0.00|0.00|0.00|0.00|0.00|0.00|0.00|0.00|0.00||0.00|0.00|0.00|0.00|AD REM|0.00|0.00|0.00|0.00|0.00|0.00|0.00|0.00|0.00|0.00|0.00|0.00|||||Anexo_5_Combustíveis__Lubrificantes.xlsx|Combustiveis_Lubrificantes
60|6.3|600603|2710192|Óleo diesel B, exceto S10 (misturas experimentais)|DECRETO ICMS/PB Nº 39.170|2019-05-07 00:00:00|2023-12-31 00:00:00|0.18|0.00|0.00|0.00|0.00|0.00|0.00|0.00|0.00|0.00|0.00||0.00|0.00|0.00|0.00|PMPF|0.00|0.00|0.00|0.00|0.00|0.00|0.00|0.00|0.00|0.00|0.00|0.00|||||Anexo_5_Combustíveis__Lubrificantes.xlsx|Combustiveis_Lubrificantes
60|6.3|600603|2710192|Óleo diesel B, exceto S10 (misturas experimentais)|DECRETO ICMS/PB Nº 44.681/2023|2024-01-01 00:00:00|2024-12-26 00:00:00|0.00|0.00|0.00|0.00|0.00|0.00|0.00|0.00|0.00|0.00|0.00||0.00|0.00|0.00|0.00|AD REM|0.00|0.00|0.00|0.00|0.00|0.00|0.00|0.00|0.00|0.00|0.00|0.00|||||Anexo_5_Combustíveis__Lubrificantes.xlsx|Combustiveis_Lubrificantes
60|6.3|600603|2710192|Óleo diesel B, exceto S10 (misturas experimentais)|DECRETO ICMS/PB Nº 46.126/2024|2024-12-27 00:00:00||0.00|0.00|0.00|0.00|0.00|0.00|0.00|0.00|0.00|0.00|0.00||0.00|0.00|0.00|0.00|AD REM|0.00|0.00|0.00|0.00|0.00|0.00|0.00|0.00|0.00|0.00|0.00|0.00|||||Anexo_5_Combustíveis__Lubrificantes.xlsx|Combustiveis_Lubrificantes
60|6.4|600604|2710192|Óleo diesel A S10|DECRETO ICMS/PB Nº 39.171|2019-05-07 00:00:00|2023-12-31 00:00:00|0.18|0.00|0.00|0.00|0.00|0.00|0.00|0.00|0.00|0.00|0.00||0.00|0.00|0.00|0.00|PMPF|0.00|0.00|0.00|0.00|0.00|0.00|0.00|0.00|0.00|0.00|0.00|0.00|||||Anexo_5_Combustíveis__Lubrificantes.xlsx|Combustiveis_Lubrificantes
60|6.4|600604|2710192|Óleo diesel A S10|DECRETO ICMS/PB Nº 44.681/2023|2024-01-01 00:00:00|2024-12-26 00:00:00|0.00|0.00|0.00|0.00|0.00|0.00|0.00|0.00|0.00|0.00|0.00||0.00|0.00|0.00|0.00|AD REM|0.00|0.00|0.00|0.00|0.00|0.00|0.00|0.00|0.00|0.00|0.00|0.00|||||Anexo_5_Combustíveis__Lubrificantes.xlsx|Combustiveis_Lubrificantes
60|6.4|600604|2710192|Óleo diesel A S10|DECRETO ICMS/PB Nº 46.126/2024|2024-12-27 00:00:00||0.00|0.00|0.00|0.00|0.00|0.00|0.00|0.00|0.00|0.00|0.00||0.00|0.00|0.00|0.00|AD REM|0.00|0.00|0.00|0.00|0.00|0.00|0.00|0.00|0.00|0.00|0.00|0.00|||||Anexo_5_Combustíveis__Lubrificantes.xlsx|Combustiveis_Lubrificantes
60|6.5|600605|2710192|Óleo diesel B S10 (mistura obrigatória)|DECRETO ICMS/PB Nº 39.172|2019-05-07 00:00:00|2023-12-31 00:00:00|0.18|0.00|0.00|0.00|0.00|0.00|0.00|0.00|0.00|0.00|0.00||0.00|0.00|0.00|0.00|PMPF|0.00|0.00|0.00|0.00|0.00|0.00|0.00|0.00|0.00|0.00|0.00|0.00|||||Anexo_5_Combustíveis__Lubrificantes.xlsx|Combustiveis_Lubrificantes
60|6.5|600605|2710192|Óleo diesel B S10 (mistura obrigatória)|DECRETO ICMS/PB Nº 44.681/2023|2024-01-01 00:00:00|2024-12-26 00:00:00|0.00|0.00|0.00|0.00|0.00|0.00|0.00|0.00|0.00|0.00|0.00||0.00|0.00|0.00|0.00|AD REM|0.00|0.00|0.00|0.00|0.00|0.00|0.00|0.00|0.00|0.00|0.00|0.00|||||Anexo_5_Combustíveis__Lubrificantes.xlsx|Combustiveis_Lubrificantes
60|6.5|600605|2710192|Óleo diesel B S10 (mistura obrigatória)|DECRETO ICMS/PB Nº 46.126/2024|2024-12-27 00:00:00||0.00|0.00|0.00|0.00|0.00|0.00|0.00|0.00|0.00|0.00|0.00||0.00|0.00|0.00|0.00|AD REM|0.00|0.00|0.00|0.00|0.00|0.00|0.00|0.00|0.00|0.00|0.00|0.00|||||Anexo_5_Combustíveis__Lubrificantes.xlsx|Combustiveis_Lubrificantes
60|6.6|600606|2710192|Óleo diesel B S10 (misturas autorizativas)|DECRETO ICMS/PB Nº 39.173|2019-05-07 00:00:00|2023-12-31 00:00:00|0.18|0.00|0.00|0.00|0.00|0.00|0.00|0.00|0.00|0.00|0.00||0.00|0.00|0.00|0.00|PMPF|0.00|0.00|0.00|0.00|0.00|0.00|0.00|0.00|0.00|0.00|0.00|0.00|||||Anexo_5_Combustíveis__Lubrificantes.xlsx|Combustiveis_Lubrificantes
60|6.6|600606|2710192|Óleo diesel B S10 (misturas autorizativas)|DECRETO ICMS/PB Nº 44.681/2023|2024-01-01 00:00:00|2024-12-26 00:00:00|0.00|0.00|0.00|0.00|0.00|0.00|0.00|0.00|0.00|0.00|0.00||0.00|0.00|0.00|0.00|AD REM|0.00|0.00|0.00|0.00|0.00|0.00|0.00|0.00|0.00|0.00|0.00|0.00|||||Anexo_5_Combustíveis__Lubrificantes.xlsx|Combustiveis_Lubrificantes
60|6.6|600606|2710192|Óleo diesel B S10 (misturas autorizativas)|DECRETO ICMS/PB Nº 46.126/2024|2024-12-27 00:00:00||0.00|0.00|0.00|0.00|0.00|0.00|0.00|0.00|0.00|0.00|0.00||0.00|0.00|0.00|0.00|AD REM|0.00|0.00|0.00|0.00|0.00|0.00|0.00|0.00|0.00|0.00|0.00|0.00|||||Anexo_5_Combustíveis__Lubrificantes.xlsx|Combustiveis_Lubrificantes
60|6.7|600607|2710192|Óleo diesel B S10 (misturas experimentais)|DECRETO ICMS/PB Nº 39.174|2019-05-07 00:00:00|2023-12-31 00:00:00|0.18|0.00|0.00|0.00|0.00|0.00|0.00|0.00|0.00|0.00|0.00||0.00|0.00|0.00|0.00|PMPF|0.00|0.00|0.00|0.00|0.00|0.00|0.00|0.00|0.00|0.00|0.00|0.00|||||Anexo_5_Combustíveis__Lubrificantes.xlsx|Combustiveis_Lubrificantes
60|6.7|600607|2710192|Óleo diesel B S10 (misturas experimentais)|DECRETO ICMS/PB Nº 44.681/2023|2024-01-01 00:00:00|2024-12-26 00:00:00|0.00|0.00|0.00|0.00|0.00|0.00|0.00|0.00|0.00|0.00|0.00||0.00|0.00|0.00|0.00|AD REM|0.00|0.00|0.00|0.00|0.00|0.00|0.00|0.00|0.00|0.00|0.00|0.00|||||Anexo_5_Combustíveis__Lubrificantes.xlsx|Combustiveis_Lubrificantes
60|6.7|600607|2710192|Óleo diesel B S10 (misturas experimentais)|DECRETO ICMS/PB Nº 46.126/2024|2024-12-27 00:00:00||0.00|0.00|0.00|0.00|0.00|0.00|0.00|0.00|0.00|0.00|0.00||0.00|0.00|0.00|0.00|AD REM|0.00|0.00|0.00|0.00|0.00|0.00|0.00|0.00|0.00|0.00|0.00|0.00|||||Anexo_5_Combustíveis__Lubrificantes.xlsx|Combustiveis_Lubrificantes
60|6.8|600608|2710192|Óleo Diesel Marítimo|DECRETO ICMS/PB Nº 39.175|2019-05-07 00:00:00|2023-12-31 00:00:00|0.18|0.00|0.00|0.00|0.00|0.00|0.00|0.00|0.00|0.00|0.00||0.00|0.00|0.00|0.00|PMPF|0.00|0.00|0.00|0.00|0.00|0.00|0.00|0.00|0.00|0.00|0.00|0.00|||||Anexo_5_Combustíveis__Lubrificantes.xlsx|Combustiveis_Lubrificantes
60|6.8|600608|2710192|Óleo Diesel Marítimo|DECRETO ICMS/PB Nº 44.681/2023|2024-01-01 00:00:00|2024-12-26 00:00:00|0.00|0.00|0.00|0.00|0.00|0.00|0.00|0.00|0.00|0.00|0.00||0.00|0.00|0.00|0.00|AD REM|0.00|0.00|0.00|0.00|0.00|0.00|0.00|0.00|0.00|0.00|0.00|0.00|||||Anexo_5_Combustíveis__Lubrificantes.xlsx|Combustiveis_Lubrificantes
60|6.8|600608|2710192|Óleo Diesel Marítimo|DECRETO ICMS/PB Nº 46.126/2024|2024-12-27 00:00:00||0.00|0.00|0.00|0.00|0.00|0.00|0.00|0.00|0.00|0.00|0.00||0.00|0.00|0.00|0.00|AD REM|0.00|0.00|0.00|0.00|0.00|0.00|0.00|0.00|0.00|0.00|0.00|0.00|||||Anexo_5_Combustíveis__Lubrificantes.xlsx|Combustiveis_Lubrificantes
60|6.9|600609|2710192|Outros óleos combustíveis, exceto os classificados no CEST 06.006.10 e 06.006.11|DECRETO ICMS/PB Nº 39.176|2019-05-07 00:00:00|2023-12-31 00:00:00|0.18|0.00|0.00|0.00|0.00|0.00|0.00|0.00|0.00|0.00|0.00||0.00|0.00|0.00|0.00|PMPF|0.00|0.00|0.00|0.00|0.00|0.00|0.00|0.00|0.00|0.00|0.00|0.00|||||Anexo_5_Combustíveis__Lubrificantes.xlsx|Combustiveis_Lubrificantes
60|6.9|600609|2710192|Outros óleos combustíveis, exceto os classificados no CEST 06.006.10 e 06.006.11|DECRETO ICMS/PB Nº 44.681/2023|2024-01-01 00:00:00|2024-12-26 00:00:00|0.2|0.00|0.00|0.00|0.00|0.00|0.00|0.00|0.00|0.00|0.00||0.00|0.00|0.00|0.00|PMPF|0.00|0.00|0.00|0.00|0.00|0.00|0.00|0.00|0.00|0.00|0.00|0.00|||||Anexo_5_Combustíveis__Lubrificantes.xlsx|Combustiveis_Lubrificantes
60|6.9|600609|2710192|Outros óleos combustíveis, exceto os classificados no CEST 06.006.10 e 06.006.11|DECRETO ICMS/PB Nº 46.126/2024|2024-12-27 00:00:00||0.2|0.00|0.00|0.00|0.00|0.00|0.00|0.00|0.00|0.00|0.00||0.00|0.00|0.00|0.00|PMPF|0.00|0.00|0.00|0.00|0.00|0.00|0.00|0.00|0.00|0.00|0.00|0.00|||||Anexo_5_Combustíveis__Lubrificantes.xlsx|Combustiveis_Lubrificantes
60|6.10|600610|2710192|Óleo combustível derivado de xisto|DECRETO ICMS/PB Nº 39.177|2019-05-07 00:00:00|2023-12-31 00:00:00|0.18|0.00|0.00|0.00|0.00|0.00|0.00|0.00|0.00|0.00|0.00||0.00|0.00|0.00|0.00|PMPF|0.00|0.00|0.00|0.00|0.00|0.00|0.00|0.00|0.00|0.00|0.00|0.00|||||Anexo_5_Combustíveis__Lubrificantes.xlsx|Combustiveis_Lubrificantes
60|6.10|600610|2710192|Óleo combustível derivado de xisto|DECRETO ICMS/PB Nº 44.681/2023|2024-01-01 00:00:00|2024-12-26 00:00:00|0.2|0.00|0.00|0.00|0.00|0.00|0.00|0.00|0.00|0.00|0.00||0.00|0.00|0.00|0.00|PMPF|0.00|0.00|0.00|0.00|0.00|0.00|0.00|0.00|0.00|0.00|0.00|0.00|||||Anexo_5_Combustíveis__Lubrificantes.xlsx|Combustiveis_Lubrificantes
60|6.10|600610|2710192|Óleo combustível derivado de xisto|DECRETO ICMS/PB Nº 46.126/2024|2024-12-27 00:00:00||0.2|0.00|0.00|0.00|0.00|0.00|0.00|0.00|0.00|0.00|0.00||0.00|0.00|0.00|0.00|PMPF|0.00|0.00|0.00|0.00|0.00|0.00|0.00|0.00|0.00|0.00|0.00|0.00|||||Anexo_5_Combustíveis__Lubrificantes.xlsx|Combustiveis_Lubrificantes
60|6.11|600611|27101922|Óleo combustível pesado|DECRETO ICMS/PB Nº 39.178|2019-05-07 00:00:00|2023-12-31 00:00:00|0.18|0.00|0.00|0.00|0.00|0.00|0.00|0.00|0.00|0.00|0.00||0.00|0.00|0.00|0.00|PMPF|0.00|0.00|0.00|0.00|0.00|0.00|0.00|0.00|0.00|0.00|0.00|0.00|||||Anexo_5_Combustíveis__Lubrificantes.xlsx|Combustiveis_Lubrificantes
60|6.11|600611|27101922|Óleo combustível pesado|DECRETO ICMS/PB Nº 44.681/2023|2024-01-01 00:00:00|2024-12-26 00:00:00|0.2|0.00|0.00|0.00|0.00|0.00|0.00|0.00|0.00|0.00|0.00||0.00|0.00|0.00|0.00|PMPF|0.00|0.00|0.00|0.00|0.00|0.00|0.00|0.00|0.00|0.00|0.00|0.00|||||Anexo_5_Combustíveis__Lubrificantes.xlsx|Combustiveis_Lubrificantes
60|6.11|600611|27101922|Óleo combustível pesado|DECRETO ICMS/PB Nº 46.126/2024|2024-12-27 00:00:00||0.2|0.00|0.00|0.00|0.00|0.00|0.00|0.00|0.00|0.00|0.00||0.00|0.00|0.00|0.00|PMPF|0.00|0.00|0.00|0.00|0.00|0.00|0.00|0.00|0.00|0.00|0.00|0.00|||||Anexo_5_Combustíveis__Lubrificantes.xlsx|Combustiveis_Lubrificantes
60|7.0|600700|2710193|Óleos lubrificantes|DECRETO ICMS/PB Nº 39.179|2019-05-07 00:00:00|2023-12-31 00:00:00|0.18|0.00|0.00|0.00|0.00|0.00|0.00|0.00|0.00|0.00|0.00||0.00|0.00|0.00|0.00|0.6131|0.9672|0.9672|0.9672|0.6131|0.8885073170731705|0.8294914634146338|0.7311317073170729|0.00|0.00|0.00|0.00|0.00|||||Anexo_5_Combustíveis__Lubrificantes.xlsx|Combustiveis_Lubrificantes
60|7.0|600700|2710193|Óleos lubrificantes|DECRETO ICMS/PB Nº 45.112/2024|2024-01-01 00:00:00|2024-12-26 00:00:00|0.2|0.00|0.00|0.00|0.00|0.00|0.00|0.00|0.00|0.00|0.00||0.00|0.00|0.00|0.00|0.6131|0.9672|0.9672|0.9672|0.6131|0.9357199999999999|0.8752287499999998|0.7744099999999998|0.00|0.00|0.00|0.00|0.00|||||Anexo_5_Combustíveis__Lubrificantes.xlsx|Combustiveis_Lubrificantes
60|7.0|600700|2710193|Óleos lubrificantes|DECRETO ICMS/PB Nº 46.126/2024|2024-12-27 00:00:00||0.2|0.00|0.00|0.00|0.00|0.00|0.00|0.00|0.00|0.00|0.00||0.00|0.00|0.00|0.00|0.6131|0.9672|0.9672|0.9672|0.6131|0.8885|0.8295|0.7311|0.00|0.00|0.00|0.00|0.00|||||Anexo_5_Combustíveis__Lubrificantes.xlsx|Combustiveis_Lubrificantes
60|8.0|600800|2710199|Outros óleos de petróleo ou de minerais betuminosos (exceto óleos brutos) e preparações não especificadas nem compreendidas noutras posições, que contenham, como constituintes básicos, 70% ou mais, em peso, de óleos de petróleo ou de minerais betuminosos, exceto os que contenham biodiesel, exceto os resíduos de óleos e exceto as graxas lubrificantes|DECRETO ICMS/PB Nº 39.180|2019-05-07 00:00:00|2023-12-31 00:00:00|0.18|0.00|0.00|0.00|0.00|0.00|0.00|0.00|0.00|0.00|0.00||0.00|0.00|0.00|0.00|0.6131|0.9672|0.9672|0.9672|0.6131|0.8885073170731705|0.8294914634146338|0.7311317073170729|0.3|0.5219512195121949|0.4743902439024388|0.3951219512195123|0.00|||||Anexo_5_Combustíveis__Lubrificantes.xlsx|Combustiveis_Lubrificantes
60|8.0|600800|2710199|Outros óleos de petróleo ou de minerais betuminosos (exceto óleos brutos) e preparações não especificadas nem compreendidas noutras posições, que contenham, como constituintes básicos, 70% ou mais, em peso, de óleos de petróleo ou de minerais betuminosos, exceto os que contenham biodiesel, exceto os resíduos de óleos e exceto as graxas lubrificantes|DECRETO ICMS/PB Nº 45.112/2024|2024-01-01 00:00:00|2024-12-26 00:00:00|0.2|0.00|0.00|0.00|0.00|0.00|0.00|0.00|0.00|0.00|0.00||0.00|0.00|0.00|0.00|0.6131|0.9672|0.9672|0.9672|0.6131|0.9357199999999999|0.8752287499999998|0.7744099999999998|0.3|0.5599999999999998|0.5112499999999998|0.43000000000000016|0.00|||||Anexo_5_Combustíveis__Lubrificantes.xlsx|Combustiveis_Lubrificantes
60|8.0|600800|2710199|Outros óleos de petróleo ou de minerais betuminosos (exceto óleos brutos) e preparações não especificadas nem compreendidas noutras posições, que contenham, como constituintes básicos, 70% ou mais, em peso, de óleos de petróleo ou de minerais betuminosos, exceto os que contenham biodiesel, exceto os resíduos de óleos e exceto as graxas lubrificantes|DECRETO ICMS/PB Nº 46.126/2024|2024-12-27 00:00:00||0.2|0.00|0.00|0.00|0.00|0.00|0.00|0.00|0.00|0.00|0.00||0.00|0.00|0.00|0.00|0.6131|0.9672|0.9672|0.9672|0.6131|0.8885|0.8295|0.7311|0.3|0.5599999999999998|0.5112499999999998|0.43000000000000016|0.00|||||Anexo_5_Combustíveis__Lubrificantes.xlsx|Combustiveis_Lubrificantes
60|8.1|600801|2710199|Graxa lubrificante|DECRETO ICMS/PB Nº 39.181|2019-05-07 00:00:00|2023-12-31 00:00:00|0.18|0.00|0.00|0.00|0.00|0.00|0.00|0.00|0.00|0.00|0.00||0.00|0.00|0.00|0.00|0.6131|0.9672|0.9672|0.9672|0.6131|0.8885073170731705|0.8294914634146338|0.7311317073170729|0.3|0.5219512195121949|0.4743902439024388|0.3951219512195123|0.00|||||Anexo_5_Combustíveis__Lubrificantes.xlsx|Combustiveis_Lubrificantes
60|8.1|600801|2710199|Graxa lubrificante|DECRETO ICMS/PB Nº 45.112/2024|2024-01-01 00:00:00|2024-12-26 00:00:00|0.2|0.00|0.00|0.00|0.00|0.00|0.00|0.00|0.00|0.00|0.00||0.00|0.00|0.00|0.00|0.6131|0.9672|0.9672|0.9672|0.6131|0.9357199999999999|0.8752287499999998|0.7744099999999998|0.3|0.5599999999999998|0.5112499999999998|0.43000000000000016|0.00|||||Anexo_5_Combustíveis__Lubrificantes.xlsx|Combustiveis_Lubrificantes
60|8.1|600801|2710199|Graxa lubrificante|DECRETO ICMS/PB Nº 46.126/2024|2024-12-27 00:00:00||0.2|0.00|0.00|0.00|0.00|0.00|0.00|0.00|0.00|0.00|0.00||0.00|0.00|0.00|0.00|0.6131|0.9672|0.9672|0.9672|0.6131|0.8885|0.8295|0.7311|0.3|0.5599999999999998|0.5112499999999998|0.43000000000000016|0.00|||||Anexo_5_Combustíveis__Lubrificantes.xlsx|Combustiveis_Lubrificantes
60|9.0|600900|27109|Resíduos de óleos|DECRETO ICMS/PB Nº 39.182|2019-05-07 00:00:00|2023-12-31 00:00:00|0.18|0.00|0.00|0.00|0.00|0.00|0.00|0.00|0.00|0.00|0.00||0.00|0.00|0.00|0.00|PMPF|0.00|0.00|0.00|0.00|0.00|0.00|0.00|0.00|0.00|0.00|0.00|0.00|||||Anexo_5_Combustíveis__Lubrificantes.xlsx|Combustiveis_Lubrificantes
60|9.0|600900|27109|Resíduos de óleos|DECRETO ICMS/PB Nº 45.112/2024|2024-01-01 00:00:00|2024-12-26 00:00:00|0.2|0.00|0.00|0.00|0.00|0.00|0.00|0.00|0.00|0.00|0.00||0.00|0.00|0.00|0.00|0.6131|0.9672|0.9672|0.9672|0.6131|0.9357199999999999|0.8752287499999998|0.7744099999999998|0.00|0.00|0.00|0.00|0.00|||||Anexo_5_Combustíveis__Lubrificantes.xlsx|Combustiveis_Lubrificantes
60|9.0|600900|27109|Resíduos de óleos|DECRETO ICMS/PB Nº 46.126/2024|2024-12-27 00:00:00||0.2|0.00|0.00|0.00|0.00|0.00|0.00|0.00|0.00|0.00|0.00||0.00|0.00|0.00|0.00|0.6131|0.9672|0.9672|0.9672|0.6131|0.8885|0.8295|0.7311|0.00|0.00|0.00|0.00|0.00|||||Anexo_5_Combustíveis__Lubrificantes.xlsx|Combustiveis_Lubrificantes
60|10.0|601000|2711|Gás de petróleo e outros hidrocarbonetos gasosos, exceto GLP, GLGN, Gás Natural e Gás de xisto.|DECRETO ICMS/PB Nº 39.183|2019-05-07 00:00:00|2023-12-31 00:00:00|0.18|0.00|0.00|0.00|0.00|0.00|0.00|0.00|0.00|0.00|0.00||0.00|0.00|0.00|0.00|PMPF|0.00|0.00|0.00|0.00|0.00|0.00|0.00|0.00|0.00|0.00|0.00|0.00|||||Anexo_5_Combustíveis__Lubrificantes.xlsx|Combustiveis_Lubrificantes
60|10.0|601000|2711|Gás de petróleo e outros hidrocarbonetos gasosos, exceto GLP, GLGN, Gás Natural e Gás de xisto.|DECRETO ICMS/PB Nº 44.681/2023|2024-01-01 00:00:00|2024-12-26 00:00:00|0.2|0.00|0.00|0.00|0.00|0.00|0.00|0.00|0.00|0.00|0.00||0.00|0.00|0.00|0.00|PMPF|0.00|0.00|0.00|0.00|0.00|0.00|0.00|0.00|0.00|0.00|0.00|0.00|||||Anexo_5_Combustíveis__Lubrificantes.xlsx|Combustiveis_Lubrificantes
60|10.0|601000|2711|Gás de petróleo e outros hidrocarbonetos gasosos, exceto GLP, GLGN, Gás Natural e Gás de xisto.|DECRETO ICMS/PB Nº 46.126/2024|2024-12-27 00:00:00||0.2|0.00|0.00|0.00|0.00|0.00|0.00|0.00|0.00|0.00|0.00||0.00|0.00|0.00|0.00|PMPF|0.00|0.00|0.00|0.00|0.00|0.00|0.00|0.00|0.00|0.00|0.00|0.00|||||Anexo_5_Combustíveis__Lubrificantes.xlsx|Combustiveis_Lubrificantes
60|11.0|601100|27111910|Gás liquefeito de petróleo em botijão de 13 Kg (GLP)|DECRETO ICMS/PB Nº 39.184|2019-05-07 00:00:00|2023-12-31 00:00:00|0.18|0.00|0.00|0.00|0.00|0.00|0.00|0.00|0.00|0.00|0.00||0.00|0.00|0.00|0.00|PMPF|0.00|0.00|0.00|0.00|0.00|0.00|0.00|0.00|0.00|0.00|0.00|0.00|||||Anexo_5_Combustíveis__Lubrificantes.xlsx|Combustiveis_Lubrificantes
60|11.0|601100|27111910|Gás liquefeito de petróleo em botijão de 13 Kg (GLP)|DECRETO ICMS/PB Nº 44.681/2023|2024-01-01 00:00:00|2024-12-26 00:00:00|0.00|0.00|0.00|0.00|0.00|0.00|0.00|0.00|0.00|0.00|0.00||0.00|0.00|0.00|0.00|AD REM|0.00|0.00|0.00|0.00|0.00|0.00|0.00|0.00|0.00|0.00|0.00|0.00|||||Anexo_5_Combustíveis__Lubrificantes.xlsx|Combustiveis_Lubrificantes
60|11.0|601100|27111910|Gás liquefeito de petróleo em botijão de 13 Kg (GLP)|DECRETO ICMS/PB Nº 46.126/2024|2024-12-27 00:00:00||0.00|0.00|0.00|0.00|0.00|0.00|0.00|0.00|0.00|0.00|0.00||0.00|0.00|0.00|0.00|AD REM|0.00|0.00|0.00|0.00|0.00|0.00|0.00|0.00|0.00|0.00|0.00|0.00|||||Anexo_5_Combustíveis__Lubrificantes.xlsx|Combustiveis_Lubrificantes
60|11.1|601101|27111910|Gás liquefeito de petróleo (GLP), exceto em botijão de 13 Kg|DECRETO ICMS/PB Nº 39.185|2019-05-07 00:00:00|2023-12-31 00:00:00|0.18|0.00|0.00|0.00|0.00|0.00|0.00|0.00|0.00|0.00|0.00||0.00|0.00|0.00|0.00|PMPF|0.00|0.00|0.00|0.00|0.00|0.00|0.00|0.00|0.00|0.00|0.00|0.00|||||Anexo_5_Combustíveis__Lubrificantes.xlsx|Combustiveis_Lubrificantes
60|11.1|601101|27111910|Gás liquefeito de petróleo (GLP), exceto em botijão de 13 Kg|DECRETO ICMS/PB Nº 44.681/2023|2024-01-01 00:00:00|2024-12-26 00:00:00|0.00|0.00|0.00|0.00|0.00|0.00|0.00|0.00|0.00|0.00|0.00||0.00|0.00|0.00|0.00|AD REM|0.00|0.00|0.00|0.00|0.00|0.00|0.00|0.00|0.00|0.00|0.00|0.00|||||Anexo_5_Combustíveis__Lubrificantes.xlsx|Combustiveis_Lubrificantes
60|11.1|601101|27111910|Gás liquefeito de petróleo (GLP), exceto em botijão de 13 Kg|DECRETO ICMS/PB Nº 46.126/2024|2024-12-27 00:00:00||0.00|0.00|0.00|0.00|0.00|0.00|0.00|0.00|0.00|0.00|0.00||0.00|0.00|0.00|0.00|AD REM|0.00|0.00|0.00|0.00|0.00|0.00|0.00|0.00|0.00|0.00|0.00|0.00|||||Anexo_5_Combustíveis__Lubrificantes.xlsx|Combustiveis_Lubrificantes
60|11.2|601102|27111910|Gás liquefeito de petróleo em botijão de 13 Kg (GLGNn)|DECRETO ICMS/PB Nº 39.186|2019-05-07 00:00:00|2023-12-31 00:00:00|0.18|0.00|0.00|0.00|0.00|0.00|0.00|0.00|0.00|0.00|0.00||0.00|0.00|0.00|0.00|PMPF|0.00|0.00|0.00|0.00|0.00|0.00|0.00|0.00|0.00|0.00|0.00|0.00|||||Anexo_5_Combustíveis__Lubrificantes.xlsx|Combustiveis_Lubrificantes
60|11.2|601102|27111910|Gás liquefeito de petróleo em botijão de 13 Kg (GLGNn)|DECRETO ICMS/PB Nº 44.681/2023|2024-01-01 00:00:00|2024-12-26 00:00:00|0.00|0.00|0.00|0.00|0.00|0.00|0.00|0.00|0.00|0.00|0.00||0.00|0.00|0.00|0.00|AD REM|0.00|0.00|0.00|0.00|0.00|0.00|0.00|0.00|0.00|0.00|0.00|0.00|||||Anexo_5_Combustíveis__Lubrificantes.xlsx|Combustiveis_Lubrificantes
60|11.2|601102|27111910|Gás liquefeito de petróleo em botijão de 13 Kg (GLGNn)|DECRETO ICMS/PB Nº 46.126/2024|2024-12-27 00:00:00||0.00|0.00|0.00|0.00|0.00|0.00|0.00|0.00|0.00|0.00|0.00||0.00|0.00|0.00|0.00|AD REM|0.00|0.00|0.00|0.00|0.00|0.00|0.00|0.00|0.00|0.00|0.00|0.00|||||Anexo_5_Combustíveis__Lubrificantes.xlsx|Combustiveis_Lubrificantes
60|11.3|601103|27111910|Gás liquefeito de petróleo (GLGNn), exceto em botijão de 13 Kg|DECRETO ICMS/PB Nº 39.187|2019-05-07 00:00:00|2023-12-31 00:00:00|0.18|0.00|0.00|0.00|0.00|0.00|0.00|0.00|0.00|0.00|0.00||0.00|0.00|0.00|0.00|PMPF|0.00|0.00|0.00|0.00|0.00|0.00|0.00|0.00|0.00|0.00|0.00|0.00|||||Anexo_5_Combustíveis__Lubrificantes.xlsx|Combustiveis_Lubrificantes
60|11.3|601103|27111910|Gás liquefeito de petróleo (GLGNn), exceto em botijão de 13 Kg|DECRETO ICMS/PB Nº 44.681/2023|2024-01-01 00:00:00|2024-12-26 00:00:00|0.00|0.00|0.00|0.00|0.00|0.00|0.00|0.00|0.00|0.00|0.00||0.00|0.00|0.00|0.00|AD REM|0.00|0.00|0.00|0.00|0.00|0.00|0.00|0.00|0.00|0.00|0.00|0.00|||||Anexo_5_Combustíveis__Lubrificantes.xlsx|Combustiveis_Lubrificantes
60|11.3|601103|27111910|Gás liquefeito de petróleo (GLGNn), exceto em botijão de 13 Kg|DECRETO ICMS/PB Nº 46.126/2024|2024-12-27 00:00:00||0.00|0.00|0.00|0.00|0.00|0.00|0.00|0.00|0.00|0.00|0.00||0.00|0.00|0.00|0.00|AD REM|0.00|0.00|0.00|0.00|0.00|0.00|0.00|0.00|0.00|0.00|0.00|0.00|||||Anexo_5_Combustíveis__Lubrificantes.xlsx|Combustiveis_Lubrificantes
60|11.4|601104|27111910|Gás liquefeito de petróleo em botijão de 13 Kg (GLGNi)|DECRETO ICMS/PB Nº 39.188|2019-05-07 00:00:00|2023-12-31 00:00:00|0.18|0.00|0.00|0.00|0.00|0.00|0.00|0.00|0.00|0.00|0.00||0.00|0.00|0.00|0.00|PMPF|0.00|0.00|0.00|0.00|0.00|0.00|0.00|0.00|0.00|0.00|0.00|0.00|||||Anexo_5_Combustíveis__Lubrificantes.xlsx|Combustiveis_Lubrificantes
60|11.4|601104|27111910|Gás liquefeito de petróleo em botijão de 13 Kg (GLGNi)|DECRETO ICMS/PB Nº 44.681/2023|2024-01-01 00:00:00|2024-12-26 00:00:00|0.00|0.00|0.00|0.00|0.00|0.00|0.00|0.00|0.00|0.00|0.00||0.00|0.00|0.00|0.00|AD REM|0.00|0.00|0.00|0.00|0.00|0.00|0.00|0.00|0.00|0.00|0.00|0.00|||||Anexo_5_Combustíveis__Lubrificantes.xlsx|Combustiveis_Lubrificantes
60|11.4|601104|27111910|Gás liquefeito de petróleo em botijão de 13 Kg (GLGNi)|DECRETO ICMS/PB Nº 46.126/2024|2024-12-27 00:00:00||0.00|0.00|0.00|0.00|0.00|0.00|0.00|0.00|0.00|0.00|0.00||0.00|0.00|0.00|0.00|AD REM|0.00|0.00|0.00|0.00|0.00|0.00|0.00|0.00|0.00|0.00|0.00|0.00|||||Anexo_5_Combustíveis__Lubrificantes.xlsx|Combustiveis_Lubrificantes
60|11.5|601105|27111910|Gás liquefeito de petróleo (GLGNi), exceto em botijão de 13 Kg|DECRETO ICMS/PB Nº 39.189|2019-05-07 00:00:00|2023-12-31 00:00:00|0.18|0.00|0.00|0.00|0.00|0.00|0.00|0.00|0.00|0.00|0.00||0.00|0.00|0.00|0.00|PMPF|0.00|0.00|0.00|0.00|0.00|0.00|0.00|0.00|0.00|0.00|0.00|0.00|||||Anexo_5_Combustíveis__Lubrificantes.xlsx|Combustiveis_Lubrificantes
60|11.5|601105|27111910|Gás liquefeito de petróleo (GLGNi), exceto em botijão de 13 Kg|DECRETO ICMS/PB Nº 44.681/2023|2024-01-01 00:00:00|2024-12-26 00:00:00|0.00|0.00|0.00|0.00|0.00|0.00|0.00|0.00|0.00|0.00|0.00||0.00|0.00|0.00|0.00|AD REM|0.00|0.00|0.00|0.00|0.00|0.00|0.00|0.00|0.00|0.00|0.00|0.00|||||Anexo_5_Combustíveis__Lubrificantes.xlsx|Combustiveis_Lubrificantes
60|11.5|601105|27111910|Gás liquefeito de petróleo (GLGNi), exceto em botijão de 13 Kg|DECRETO ICMS/PB Nº 46.126/2024|2024-12-27 00:00:00||0.00|0.00|0.00|0.00|0.00|0.00|0.00|0.00|0.00|0.00|0.00||0.00|0.00|0.00|0.00|AD REM|0.00|0.00|0.00|0.00|0.00|0.00|0.00|0.00|0.00|0.00|0.00|0.00|||||Anexo_5_Combustíveis__Lubrificantes.xlsx|Combustiveis_Lubrificantes
60|11.6|601106|27111910|Gás liquefeito de petróleo em botijão de 13 kg (Misturas)|DECRETO ICMS/PB Nº 39.190|2019-05-07 00:00:00|2023-12-31 00:00:00|0.18|0.00|0.00|0.00|0.00|0.00|0.00|0.00|0.00|0.00|0.00||0.00|0.00|0.00|0.00|PMPF|0.00|0.00|0.00|0.00|0.00|0.00|0.00|0.00|0.00|0.00|0.00|0.00|||||Anexo_5_Combustíveis__Lubrificantes.xlsx|Combustiveis_Lubrificantes
60|11.6|601106|27111910|Gás liquefeito de petróleo em botijão de 13 kg (Misturas)|DECRETO ICMS/PB Nº 44.681/2023|2024-01-01 00:00:00|2024-12-26 00:00:00|0.00|0.00|0.00|0.00|0.00|0.00|0.00|0.00|0.00|0.00|0.00||0.00|0.00|0.00|0.00|AD REM|0.00|0.00|0.00|0.00|0.00|0.00|0.00|0.00|0.00|0.00|0.00|0.00|||||Anexo_5_Combustíveis__Lubrificantes.xlsx|Combustiveis_Lubrificantes
60|11.6|601106|27111910|Gás liquefeito de petróleo em botijão de 13 kg (Misturas)|DECRETO ICMS/PB Nº 46.126/2024|2024-12-27 00:00:00||0.00|0.00|0.00|0.00|0.00|0.00|0.00|0.00|0.00|0.00|0.00||0.00|0.00|0.00|0.00|AD REM|0.00|0.00|0.00|0.00|0.00|0.00|0.00|0.00|0.00|0.00|0.00|0.00|||||Anexo_5_Combustíveis__Lubrificantes.xlsx|Combustiveis_Lubrificantes
60|11.7|601107|27111910|Gás liquefeito de petróleo (Misturas), exceto em botijão de 13 Kg|DECRETO ICMS/PB Nº 39.191|2019-05-07 00:00:00|2023-12-31 00:00:00|0.18|0.00|0.00|0.00|0.00|0.00|0.00|0.00|0.00|0.00|0.00||0.00|0.00|0.00|0.00|PMPF|0.00|0.00|0.00|0.00|0.00|0.00|0.00|0.00|0.00|0.00|0.00|0.00|||||Anexo_5_Combustíveis__Lubrificantes.xlsx|Combustiveis_Lubrificantes
60|11.7|601107|27111910|Gás liquefeito de petróleo (Misturas), exceto em botijão de 13 Kg|DECRETO ICMS/PB Nº 44.681/2023|2024-01-01 00:00:00|2024-12-26 00:00:00|0.00|0.00|0.00|0.00|0.00|0.00|0.00|0.00|0.00|0.00|0.00||0.00|0.00|0.00|0.00|AD REM|0.00|0.00|0.00|0.00|0.00|0.00|0.00|0.00|0.00|0.00|0.00|0.00|||||Anexo_5_Combustíveis__Lubrificantes.xlsx|Combustiveis_Lubrificantes
60|11.7|601107|27111910|Gás liquefeito de petróleo (Misturas), exceto em botijão de 13 Kg|DECRETO ICMS/PB Nº 46.126/2024|2024-12-27 00:00:00||0.00|0.00|0.00|0.00|0.00|0.00|0.00|0.00|0.00|0.00|0.00||0.00|0.00|0.00|0.00|AD REM|0.00|0.00|0.00|0.00|0.00|0.00|0.00|0.00|0.00|0.00|0.00|0.00|||||Anexo_5_Combustíveis__Lubrificantes.xlsx|Combustiveis_Lubrificantes
60|12.0|601200|27111100|Gás Natural Liquefeito|DECRETO ICMS/PB Nº 39.192|2019-05-07 00:00:00|2023-12-31 00:00:00|0.18|0.00|0.00|0.00|0.00|0.00|0.00|0.00|0.00|0.00|0.00||0.00|0.00|0.00|0.00|PMPF|0.00|0.00|0.00|0.00|0.00|0.00|0.00|0.00|0.00|0.00|0.00|0.00|||||Anexo_5_Combustíveis__Lubrificantes.xlsx|Combustiveis_Lubrificantes
60|12.0|601200|27111100|Gás Natural Liquefeito|DECRETO ICMS/PB Nº 44.681/2023|2024-01-01 00:00:00|2024-12-26 00:00:00|0.00|0.00|0.00|0.00|0.00|0.00|0.00|0.00|0.00|0.00|0.00||0.00|0.00|0.00|0.00|AD REM|0.00|0.00|0.00|0.00|0.00|0.00|0.00|0.00|0.00|0.00|0.00|0.00|||||Anexo_5_Combustíveis__Lubrificantes.xlsx|Combustiveis_Lubrificantes
60|12.0|601200|27111100|Gás Natural Liquefeito|DECRETO ICMS/PB Nº 46.126/2024|2024-12-27 00:00:00||0.00|0.00|0.00|0.00|0.00|0.00|0.00|0.00|0.00|0.00|0.00||0.00|0.00|0.00|0.00|AD REM|0.00|0.00|0.00|0.00|0.00|0.00|0.00|0.00|0.00|0.00|0.00|0.00|||||Anexo_5_Combustíveis__Lubrificantes.xlsx|Combustiveis_Lubrificantes
60|13.0|601300|27112100|Gás Natural Gasoso|DECRETO ICMS/PB Nº 39.193|2019-05-07 00:00:00|2023-12-31 00:00:00|0.18|0.00|0.00|0.00|0.00|0.00|0.00|0.00|0.00|0.00|0.00||0.00|0.00|0.00|0.00|PMPF|0.00|0.00|0.00|0.00|0.00|0.00|0.00|0.00|0.00|0.00|0.00|0.00|||||Anexo_5_Combustíveis__Lubrificantes.xlsx|Combustiveis_Lubrificantes
60|13.0|601300|27112100|Gás Natural Gasoso|DECRETO ICMS/PB Nº 45.112/2024|2024-01-01 00:00:00|2024-12-26 00:00:00|0.12|0.00|0.00|0.00|0.00|0.00|0.00|0.00|0.00|0.00|0.00||0.00|0.00|0.00|0.00|0.3|0.00|0.3739|0.3|0.00|0.00|0.00|0.00|0.00|0.00|0.00|0.00|0.00|||||Anexo_5_Combustíveis__Lubrificantes.xlsx|Combustiveis_Lubrificantes
60|13.0|601300|27112100|Gás Natural Gasoso|DECRETO ICMS/PB Nº 46.126/2024|2024-12-27 00:00:00||0.12|0.00|0.00|0.00|0.00|0.00|0.00|0.00|0.00|0.00|0.00||0.00|0.00|0.00|0.00|0.3|0.00|0.3739|0.3|0.00|0.00|0.00|0.00|0.00|0.00|0.00|0.00|0.00|||||Anexo_5_Combustíveis__Lubrificantes.xlsx|Combustiveis_Lubrificantes
60|14.0|601400|27112990|Gás de xisto|DECRETO ICMS/PB Nº 39.194|2019-05-07 00:00:00|2023-12-31 00:00:00|0.18|0.00|0.00|0.00|0.00|0.00|0.00|0.00|0.00|0.00|0.00||0.00|0.00|0.00|0.00|PMPF|0.00|0.00|0.00|0.00|0.00|0.00|0.00|0.00|0.00|0.00|0.00|0.00|||||Anexo_5_Combustíveis__Lubrificantes.xlsx|Combustiveis_Lubrificantes
60|14.0|601400|27112990|Gás de xisto|DECRETO ICMS/PB Nº 44.681/2023|2024-01-01 00:00:00|2024-12-26 00:00:00|0.2|0.00|0.00|0.00|0.00|0.00|0.00|0.00|0.00|0.00|0.00||0.00|0.00|0.00|0.00|PMPF|0.00|0.00|0.00|0.00|0.00|0.00|0.00|0.00|0.00|0.00|0.00|0.00|||||Anexo_5_Combustíveis__Lubrificantes.xlsx|Combustiveis_Lubrificantes
60|14.0|601400|27112990|Gás de xisto|DECRETO ICMS/PB Nº 46.126/2024|2024-12-27 00:00:00||0.2|0.00|0.00|0.00|0.00|0.00|0.00|0.00|0.00|0.00|0.00||0.00|0.00|0.00|0.00|PMPF|0.00|0.00|0.00|0.00|0.00|0.00|0.00|0.00|0.00|0.00|0.00|0.00|||||Anexo_5_Combustíveis__Lubrificantes.xlsx|Combustiveis_Lubrificantes
60|15.0|601500|2713|Coque de petróleo e outros resíduos de óleo de petróleo ou de minerais betuminosos|DECRETO ICMS/PB Nº 39.195|2019-05-07 00:00:00|2023-12-31 00:00:00|0.18|0.00|0.00|0.00|0.00|0.00|0.00|0.00|0.00|0.00|0.00||0.00|0.00|0.00|0.00|0.3|0.522|0.4744|0.3951|0.00|0.00|0.00|0.00|0.00|0.00|0.00|0.00|0.00|||||Anexo_5_Combustíveis__Lubrificantes.xlsx|Combustiveis_Lubrificantes
60|15.0|601500|2713|Coque de petróleo e outros resíduos de óleo de petróleo ou de minerais betuminosos|DECRETO ICMS/PB Nº 45.112/2024|2024-01-01 00:00:00|2024-12-26 00:00:00|0.2|0.00|0.00|0.00|0.00|0.00|0.00|0.00|0.00|0.00|0.00||0.00|0.00|0.00|0.00|0.3|0.56|0.5113|0.43|0.00|0.00|0.00|0.00|0.00|0.00|0.00|0.00|0.00|||||Anexo_5_Combustíveis__Lubrificantes.xlsx|Combustiveis_Lubrificantes
60|15.0|601500|2713|Coque de petróleo e outros resíduos de óleo de petróleo ou de minerais betuminosos|DECRETO ICMS/PB Nº 46.126/2024|2024-12-27 00:00:00||0.2|0.00|0.00|0.00|0.00|0.00|0.00|0.00|0.00|0.00|0.00||0.00|0.00|0.00|0.00|0.3|0.56|0.5113|0.43|0.00|0.00|0.00|0.00|0.00|0.00|0.00|0.00|0.00|||||Anexo_5_Combustíveis__Lubrificantes.xlsx|Combustiveis_Lubrificantes
60|16.0|601600|38260000|Biodiesel e suas misturas, que não contenham ou que contenham menos de 70%, em peso, de óleos de petróleo ou de óleos minerais betuminosos|DECRETO ICMS/PB Nº 39.196|2019-05-07 00:00:00|2023-12-31 00:00:00|0.18|0.00|0.00|0.00|0.00|0.00|0.00|0.00|0.00|0.00|0.00||0.00|0.00|0.00|0.00|DIFERIMENTO|0.00|0.00|0.00|0.00|0.00|0.00|0.00|0.00|0.00|0.00|0.00|0.00|||||Anexo_5_Combustíveis__Lubrificantes.xlsx|Combustiveis_Lubrificantes
60|16.0|601600|38260000|Biodiesel e suas misturas, que não contenham ou que contenham menos de 70%, em peso, de óleos de petróleo ou de óleos minerais betuminosos|DECRETO ICMS/PB Nº 44.681/2023|2024-01-01 00:00:00|2024-12-26 00:00:00|0.00|0.00|0.00|0.00|0.00|0.00|0.00|0.00|0.00|0.00|0.00||0.00|0.00|0.00|0.00|AD REM|0.00|0.00|0.00|0.00|0.00|0.00|0.00|0.00|0.00|0.00|0.00|0.00|||||Anexo_5_Combustíveis__Lubrificantes.xlsx|Combustiveis_Lubrificantes
60|16.0|601600|38260000|Biodiesel e suas misturas, que não contenham ou que contenham menos de 70%, em peso, de óleos de petróleo ou de óleos minerais betuminosos|DECRETO ICMS/PB Nº 46.126/2024|2024-12-27 00:00:00||0.00|0.00|0.00|0.00|0.00|0.00|0.00|0.00|0.00|0.00|0.00||0.00|0.00|0.00|0.00|AD REM|0.00|0.00|0.00|0.00|0.00|0.00|0.00|0.00|0.00|0.00|0.00|0.00|||||Anexo_5_Combustíveis__Lubrificantes.xlsx|Combustiveis_Lubrificantes
60|17.0|601700|3403|Preparações lubrificantes, exceto as contendo, como constituintes de base, 70% ou mais, em peso, de óleos de petróleo ou de minerais betuminosos|DECRETO ICMS/PB Nº 39.197|2019-05-07 00:00:00|2023-12-31 00:00:00|0.18|0.00|0.00|0.00|0.00|0.00|0.00|0.00|0.00|0.00|0.00||0.00|0.00|0.00|0.00|0.6131|0.00|0.00|0.00|0.00|0.00|0.00|0.00|0.00|0.00|0.00|0.00|0.00|||||Anexo_5_Combustíveis__Lubrificantes.xlsx|Combustiveis_Lubrificantes
60|17.0|601700|3403|Preparações lubrificantes, exceto as contendo, como constituintes de base, 70% ou mais, em peso, de óleos de petróleo ou de minerais betuminosos|DECRETO ICMS/PB Nº 45.112/2024|2024-01-01 00:00:00|2024-12-26 00:00:00|0.2|0.00|0.00|0.00|0.00|0.00|0.00|0.00|0.00|0.00|0.00||0.00|0.00|0.00|0.00|0.00|0.00|0.00|0.00|0.6131|0.9357199999999999|0.8752287499999998|0.7744099999999998|0.3|0.56|0.5113|0.43|0.00|||||Anexo_5_Combustíveis__Lubrificantes.xlsx|Combustiveis_Lubrificantes
60|17.0|601700|3403|Preparações lubrificantes, exceto as contendo, como constituintes de base, 70% ou mais, em peso, de óleos de petróleo ou de minerais betuminosos|DECRETO ICMS/PB Nº 46.126/2024|2024-12-27 00:00:00||0.2|0.00|0.00|0.00|0.00|0.00|0.00|0.00|0.00|0.00|0.00||0.00|0.00|0.00|0.00|0.00|0.00|0.00|0.00|0.6131|0.8885|0.8295|0.7311|0.3|0.56|0.5113|0.43|0.00|||||Anexo_5_Combustíveis__Lubrificantes.xlsx|Combustiveis_Lubrificantes
60|18.0|601800|27102000|Óleos de petróleo ou de minerais betuminosos (exceto óleos brutos) e preparações não especificadas nem compreendidas noutras posições, que contenham, como constituintes básicos, 70% ou mais, em peso, de óleos de petróleo ou de minerais betuminosos, que contenham biodiesel, exceto os resíduos de óleos|DECRETO ICMS/PB Nº 39.198|2019-05-07 00:00:00|2023-12-31 00:00:00|0.18|0.00|0.00|0.00|0.00|0.00|0.00|0.00|0.00|0.00|0.00||0.00|0.00|0.00|0.00|0.3|0.522|0.4744|0.3951|0.00|0.00|0.00|0.00|0.00|0.00|0.00|0.00|0.00|||||Anexo_5_Combustíveis__Lubrificantes.xlsx|Combustiveis_Lubrificantes
60|18.0|601800|27102000|Óleos de petróleo ou de minerais betuminosos (exceto óleos brutos) e preparações não especificadas nem compreendidas noutras posições, que contenham, como constituintes básicos, 70% ou mais, em peso, de óleos de petróleo ou de minerais betuminosos, que contenham biodiesel, exceto os resíduos de óleos|DECRETO ICMS/PB Nº 45.112/2024|2024-01-01 00:00:00|2024-12-26 00:00:00|0.2|0.00|0.00|0.00|0.00|0.00|0.00|0.00|0.00|0.00|0.00||0.00|0.00|0.00|0.00|0.3|0.56|0.5113|0.43|0.00|0.00|0.00|0.00|0.00|0.00|0.00|0.00|0.00|||||Anexo_5_Combustíveis__Lubrificantes.xlsx|Combustiveis_Lubrificantes
60|18.0|601800|27102000|Óleos de petróleo ou de minerais betuminosos (exceto óleos brutos) e preparações não especificadas nem compreendidas noutras posições, que contenham, como constituintes básicos, 70% ou mais, em peso, de óleos de petróleo ou de minerais betuminosos, que contenham biodiesel, exceto os resíduos de óleos|DECRETO ICMS/PB Nº 46.126/2024|2024-12-27 00:00:00||0.2|0.00|0.00|0.00|0.00|0.00|0.00|0.00|0.00|0.00|0.00||0.00|0.00|0.00|0.00|0.3|0.56|0.5113|0.43|0.00|0.00|0.00|0.00|0.00|0.00|0.00|0.00|0.00|||||Anexo_5_Combustíveis__Lubrificantes.xlsx|Combustiveis_Lubrificantes
60|19.1|601900|27101249|Nafta não Petroquímica|DECRETO ICMS/PB Nº 46.791/2025|2025-02-01 00:00:00||0.2|0.00|0.00|0.00|0.00|0.00|0.00|0.00|0.00|0.00|0.00||0.00|0.00|0.00|0.00|0.00|0.00|0.00|0.00|conforme art.2º do decreto 46.692/25|0.00|0.00|0.00|0.00|0.00|0.00|0.00|0.00|||||Anexo_5_Combustíveis__Lubrificantes.xlsx|Combustiveis_Lubrificantes
07|1.0|07.001.00|27160000|Energia elétrica|DECRETO ICMS/PB Nº 39.158|2019-05-07 00:00:00|2023-12-31 00:00:00|0.25|0.00|0.00|0.00|0.00|0.00|0.00|0.00|0.00|0.00|0.00||0.00|0.00|0.00|0.00|0.00|0.00|0.00|0.00|0.00|0.00|0.00|0.00|0.00|0.00|0.00|0.00|0.02|||||Anexo_5_Energia_elétrica.xlsx|Energia_elétrica
07|1.0|07.001.00|27160000|Energia elétrica|DECRETO ICMS/PB Nº 45.112/24|2024-01-01 00:00:00||0.2|0.00|0.00|0.00|0.00|0.00|0.00|0.00|0.00|0.00|0.00||0.00|0.00|0.00|0.00|0.00|0.00|0.00|0.00|0.00|0.00|0.00|0.00|0.00|0.00|0.00|0.00|0.00|||||Anexo_5_Energia_elétrica.xlsx|Energia_elétrica
09|1.0|09.001.00|8539|Lâmpadas elétricas|DECRETO ICMS/PB Nº 39.158|2019-05-07 00:00:00|2023-12-31 00:00:00|0.18|0.6003|0.00|0.00|0.00|0.00|0.00|0.00|0.00|0.00|0.00||0.8735219512195118|0.814974390243902|0.7173951219512194|0.00|0.00|0.00|0.00|0.00|0.00|0.00|0.00|0.00|0.00|0.00|0.00|0.00|0.00|||||Anexo_5_Lâmpadas_reatores_e_starter.xlsx|Lampadas
09|1.0|09.001.00|8539|Lâmpadas elétricas|DECRETO ICMS/PB Nº 44.681/23|2024-01-01 00:00:00||0.2|0.6003|0.00|0.00|0.00|0.00|0.00|0.00|0.00|0.00|0.00||0.9203599999999998|0.8603487499999996|0.76033|0.00|0.00|0.00|0.00|0.00|0.00|0.00|0.00|0.00|0.00|0.00|0.00|0.00|0.00|||||Anexo_5_Lâmpadas_reatores_e_starter.xlsx|Lampadas
09|2.0|09.002.00|8540|Lâmpadas eletrônicas|DECRETO ICMS/PB Nº 39.158|2019-05-07 00:00:00|2023-12-31 00:00:00|0.18|1.0231|0.00|0.00|0.00|0.00|0.00|0.00|0.00|0.00|0.00||1.3685073170731705|1.2944914634146336|1.1711317073170728|0.00|0.00|0.00|0.00|0.00|0.00|0.00|0.00|0.00|0.00|0.00|0.00|0.00|0.00|||||Anexo_5_Lâmpadas_reatores_e_starter.xlsx|Lampadas
09|2.0|09.002.00|8540|Lâmpadas eletrônicas|DECRETO ICMS/PB Nº 44.681/23|2024-01-01 00:00:00||0.2|1.0231|0.00|0.00|0.00|0.00|0.00|0.00|0.00|0.00|0.00||1.4277199999999999|1.3518537499999996|1.2254099999999997|0.00|0.00|0.00|0.00|0.00|0.00|0.00|0.00|0.00|0.00|0.00|0.00|0.00|0.00|||||Anexo_5_Lâmpadas_reatores_e_starter.xlsx|Lampadas
09|3.0|09.003.00|85041000|Reatores para lâmpadas ou tubos de descargas|DECRETO ICMS/PB Nº 39.158|2019-05-07 00:00:00|2023-12-31 00:00:00|0.18|0.5313|0.00|0.00|0.00|0.00|0.00|0.00|0.00|0.00|0.00||0.7927414634146337|0.7367182926829265|0.6433463414634144|0.00|0.00|0.00|0.00|0.00|0.00|0.00|0.00|0.00|0.00|0.00|0.00|0.00|0.00|||||Anexo_5_Lâmpadas_reatores_e_starter.xlsx|Lampadas
09|3.0|09.003.00|85041000|Reatores para lâmpadas ou tubos de descargas|DECRETO ICMS/PB Nº 44.681/23|2024-01-01 00:00:00||0.2|0.5313|0.00|0.00|0.00|0.00|0.00|0.00|0.00|0.00|0.00||0.8375599999999996|0.7801362499999998|0.6844299999999996|0.00|0.00|0.00|0.00|0.00|0.00|0.00|0.00|0.00|0.00|0.00|0.00|0.00|0.00|||||Anexo_5_Lâmpadas_reatores_e_starter.xlsx|Lampadas
09|4.0|09.004.00|853650|“Starter”|DECRETO ICMS/PB Nº 39.158|2019-05-07 00:00:00|2023-12-31 00:00:00|0.18|1.0231|0.00|0.00|0.00|0.00|0.00|0.00|0.00|0.00|0.00||1.3685073170731705|1.2944914634146336|1.1711317073170728|0.00|0.00|0.00|0.00|0.00|0.00|0.00|0.00|0.00|0.00|0.00|0.00|0.00|0.00|||||Anexo_5_Lâmpadas_reatores_e_starter.xlsx|Lampadas
09|4.0|09.004.00|853650|“Starter”|DECRETO ICMS/PB Nº 44.681/23|2024-01-01 00:00:00||0.2|1.0231|0.00|0.00|0.00|0.00|0.00|0.00|0.00|0.00|0.00||1.4277199999999999|1.3518537499999996|1.2254099999999997|0.00|0.00|0.00|0.00|0.00|0.00|0.00|0.00|0.00|0.00|0.00|0.00|0.00|0.00|||||Anexo_5_Lâmpadas_reatores_e_starter.xlsx|Lampadas
09|5.0|09.005.00|85395000|Lâmpadas de LED (Diodos Emissores de Luz)|DECRETO ICMS/PB Nº 39.158// Decreto 43.079/2022|2019-05-07 00:00:00|2022-05-01 00:00:00|0.18|0.6367|0.00|0.00|0.00|0.00|0.00|0.00|0.00|0.00|0.00||0.9161365853658534|0.8562573170731704|0.7564585365853658|0.00|0.00|0.00|0.00|0.00|0.00|0.00|0.00|0.00|0.00|0.00|0.00|0.00|0.00|||||Anexo_5_Lâmpadas_reatores_e_starter.xlsx|Lampadas
09|5.0|09.005.00|85395200|Lâmpadas de LED (Diodos Emissores de Luz)|DECRETO 43.079/2022|2022-05-02 00:00:00|2023-12-31 00:00:00|0.18|0.6367|0.00|0.00|0.00|0.00|0.00|0.00|0.00|0.00|0.00||0.9161365853658534|0.8562573170731704|0.7564585365853658|0.00|0.00|0.00|0.00|0.00|0.00|0.00|0.00|0.00|0.00|0.00|0.00|0.00|0.00|||||Anexo_5_Lâmpadas_reatores_e_starter.xlsx|Lampadas
09|5.0|09.005.00|85395200|Lâmpadas de LED (Diodos Emissores de Luz)|DECRETO ICMS/PB Nº 44.681/23|2024-01-01 00:00:00||0.2|0.6367|0.00|0.00|0.00|0.00|0.00|0.00|0.00|0.00|0.00||0.9640399999999998|0.9026637499999999|0.80037|0.00|0.00|0.00|0.00|0.00|0.00|0.00|0.00|0.00|0.00|0.00|0.00|0.00|0.00|||||Anexo_5_Lâmpadas_reatores_e_starter.xlsx|Lampadas
10|2.0|10.002.00|3816001|Argamassas|DECRETO ICMS/PB Nº 39.158|2019-05-07 00:00:00|2023-12-31 00:00:00|0.18|0.37|0.00|0.00|0.00|0.00|0.00|0.00|0.00|0.00|0.00||0.6039024390243903|0.553780487804878|0.47024390243902436|0.00|0.00|0.00|0.00|0.00|0.00|0.00|0.00|0.00|0.00|0.00|0.00|0.00|0.00|||||Anexo_5_Materiais_de_construção_e_congêneres.xlsx|Mat_Const
10|2.0|10.002.00|3816001|Argamassas|DECRETO ICMS/PB Nº 44.681/23|2024-01-01 00:00:00||0.2|0.37|0.00|0.00|0.00|0.00|0.00|0.00|0.00|0.00|0.00||0.6440000000000001|0.592625|0.5069999999999999|0.00|0.00|0.00|0.00|0.00|0.00|0.00|0.00|0.00|0.00|0.00|0.00|0.00|0.00|||||Anexo_5_Materiais_de_construção_e_congêneres.xlsx|Mat_Const
10|2.0|10.002.00|38245000|Argamassas|DECRETO ICMS/PB Nº 39.158|2019-05-07 00:00:00|2023-12-31 00:00:00|0.18|0.37|0.00|0.00|0.00|0.00|0.00|0.00|0.00|0.00|0.00||0.6039024390243903|0.553780487804878|0.47024390243902436|0.00|0.00|0.00|0.00|0.00|0.00|0.00|0.00|0.00|0.00|0.00|0.00|0.00|0.00|||||Anexo_5_Materiais_de_construção_e_congêneres.xlsx|Mat_Const
10|2.0|10.002.00|38245000|Argamassas|DECRETO ICMS/PB Nº 44.681/23|2024-01-01 00:00:00||0.2|0.37|0.00|0.00|0.00|0.00|0.00|0.00|0.00|0.00|0.00||0.6440000000000001|0.592625|0.5069999999999999|0.00|0.00|0.00|0.00|0.00|0.00|0.00|0.00|0.00|0.00|0.00|0.00|0.00|0.00|||||Anexo_5_Materiais_de_construção_e_congêneres.xlsx|Mat_Const
10|3.0|10.003.00|32149000|Outras argamassas|DECRETO ICMS/PB Nº 39.158|2019-05-07 00:00:00|2023-12-31 00:00:00|0.18|0.37|0.00|0.00|0.00|0.00|0.00|0.00|0.00|0.00|0.00||0.6039024390243903|0.553780487804878|0.47024390243902436|0.00|0.00|0.00|0.00|0.00|0.00|0.00|0.00|0.00|0.00|0.00|0.00|0.00|0.00|||||Anexo_5_Materiais_de_construção_e_congêneres.xlsx|Mat_Const
10|3.0|10.003.00|32149000|Outras argamassas|DECRETO ICMS/PB Nº 44.681/23|2024-01-01 00:00:00||0.2|0.37|0.00|0.00|0.00|0.00|0.00|0.00|0.00|0.00|0.00||0.6440000000000001|0.592625|0.5069999999999999|0.00|0.00|0.00|0.00|0.00|0.00|0.00|0.00|0.00|0.00|0.00|0.00|0.00|0.00|||||Anexo_5_Materiais_de_construção_e_congêneres.xlsx|Mat_Const
10|4.0|10.004.00|391000|Silicones em formas primárias, para uso na construção|DECRETO ICMS/PB Nº 39.158|2019-05-07 00:00:00|2023-12-31 00:00:00|0.18|0.35|0.00|0.00|0.00|0.00|0.00|0.00|0.00|0.00|0.00||0.5804878048780486|0.5310975609756097|0.4487804878048782|0.00|0.00|0.00|0.00|0.00|0.00|0.00|0.00|0.00|0.00|0.00|0.00|0.00|0.00|||||Anexo_5_Materiais_de_construção_e_congêneres.xlsx|Mat_Const
10|4.0|10.004.00|391000|Silicones em formas primárias, para uso na construção|DECRETO ICMS/PB Nº 44.681/23|2024-01-01 00:00:00||0.2|0.35|0.00|0.00|0.00|0.00|0.00|0.00|0.00|0.00|0.00||0.6199999999999999|0.569375|0.4850000000000001|0.00|0.00|0.00|0.00|0.00|0.00|0.00|0.00|0.00|0.00|0.00|0.00|0.00|0.00|||||Anexo_5_Materiais_de_construção_e_congêneres.xlsx|Mat_Const
10|5.0|10.005.00|3916|Revestimentos de PVC e outros plásticos; forro, sancas e afins de PVC, para uso na construção|DECRETO ICMS/PB Nº 39.158|2019-05-07 00:00:00|2023-12-31 00:00:00|0.18|0.44|0.00|0.00|0.00|0.00|0.00|0.00|0.00|0.00|0.00||0.6858536585365851|0.633170731707317|0.5453658536585364|0.00|0.00|0.00|0.00|0.00|0.00|0.00|0.00|0.00|0.00|0.00|0.00|0.00|0.00|||||Anexo_5_Materiais_de_construção_e_congêneres.xlsx|Mat_Const
10|5.0|10.005.00|3916|Revestimentos de PVC e outros plásticos; forro, sancas e afins de PVC, para uso na construção|DECRETO ICMS/PB Nº 44.681/23|2024-01-01 00:00:00||0.2|0.44|0.00|0.00|0.00|0.00|0.00|0.00|0.00|0.00|0.00||0.7279999999999998|0.6739999999999999|0.5839999999999999|0.00|0.00|0.00|0.00|0.00|0.00|0.00|0.00|0.00|0.00|0.00|0.00|0.00|0.00|||||Anexo_5_Materiais_de_construção_e_congêneres.xlsx|Mat_Const
10|6.0|10.006.00|3917|Tubos, e seus acessórios (por exemplo, juntas, cotovelos, flanges, uniões), de plásticos, para uso na construção|DECRETO ICMS/PB Nº 39.158|2019-05-07 00:00:00|2023-12-31 00:00:00|0.18|0.33|0.00|0.00|0.00|0.00|0.00|0.00|0.00|0.00|0.00||0.5570731707317071|0.5084146341463411|0.42731707317073164|0.00|0.00|0.00|0.00|0.00|0.00|0.00|0.00|0.00|0.00|0.00|0.00|0.00|0.00|||||Anexo_5_Materiais_de_construção_e_congêneres.xlsx|Mat_Const
10|6.0|10.006.00|3917|Tubos, e seus acessórios (por exemplo, juntas, cotovelos, flanges, uniões), de plásticos, para uso na construção|DECRETO ICMS/PB Nº 44.681/23|2024-01-01 00:00:00||0.2|0.33|0.00|0.00|0.00|0.00|0.00|0.00|0.00|0.00|0.00||0.5959999999999999|0.5461249999999997|0.4630000000000001|0.00|0.00|0.00|0.00|0.00|0.00|0.00|0.00|0.00|0.00|0.00|0.00|0.00|0.00|||||Anexo_5_Materiais_de_construção_e_congêneres.xlsx|Mat_Const
10|7.0|10.007.00|3918|Revestimento de pavimento de PVC e outros plásticos|DECRETO ICMS/PB Nº 39.158|2019-05-07 00:00:00|2023-12-31 00:00:00|0.18|0.38|0.00|0.00|0.00|0.00|0.00|0.00|0.00|0.00|0.00||0.6156097560975606|0.565121951219512|0.4809756097560973|0.00|0.00|0.00|0.00|0.00|0.00|0.00|0.00|0.00|0.00|0.00|0.00|0.00|0.00|||||Anexo_5_Materiais_de_construção_e_congêneres.xlsx|Mat_Const
10|7.0|10.007.00|3918|Revestimento de pavimento de PVC e outros plásticos|DECRETO ICMS/PB Nº 44.681/23//DECRETO  ICMS/PB Nº 45.112/24|2024-01-01 00:00:00|2024-05-31 00:00:00|0.2|0.38|0.00|0.00|0.00|0.00|0.00|0.00|0.00|0.00|0.00||0.6559999999999997|0.6042499999999997|0.5179999999999998|0.00|0.00|0.00|0.00|0.00|0.00|0.00|0.00|0.00|0.00|0.00|0.00|0.00|0.00|||||Anexo_5_Materiais_de_construção_e_congêneres.xlsx|Mat_Const
10|8.0|10.008.00|3919|Chapas, folhas, tiras, fitas, películas e outras formas planas, autoadesivas, de plásticos, mesmo em rolos, para uso na construção|DECRETO ICMS/PB Nº 39.158|2019-05-07 00:00:00|2023-12-31 00:00:00|0.18|0.39|0.00|0.00|0.00|0.00|0.00|0.00|0.00|0.00|0.00||0.6273170731707316|0.5764634146341461|0.4917073170731707|0.00|0.00|0.00|0.00|0.00|0.00|0.00|0.00|0.00|0.00|0.00|0.00|0.00|0.00|||||Anexo_5_Materiais_de_construção_e_congêneres.xlsx|Mat_Const
10|8.0|10.008.00|3919|Chapas, folhas, tiras, fitas, películas e outras formas planas, autoadesivas, de plásticos, mesmo em rolos, para uso na construção|DECRETO ICMS/PB Nº 44.681/23//DECRETO  ICMS/PB Nº 45.112/24|2024-01-01 00:00:00|2024-05-31 00:00:00|0.2|0.39|0.00|0.00|0.00|0.00|0.00|0.00|0.00|0.00|0.00||0.6679999999999999|0.615875|0.5289999999999999|0.00|0.00|0.00|0.00|0.00|0.00|0.00|0.00|0.00|0.00|0.00|0.00|0.00|0.00|||||Anexo_5_Materiais_de_construção_e_congêneres.xlsx|Mat_Const
10|9.0|10.009.00|3919|Veda rosca, lona plástica para uso na construção, fitas isolantes e afins|DECRETO ICMS/PB Nº 39.158|2019-05-07 00:00:00|2023-12-31 00:00:00|0.18|0.28|0.00|0.00|0.00|0.00|0.00|0.00|0.00|0.00|0.00||0.49853658536585344|0.45170731707317047|0.37365853658536574|0.00|0.00|0.00|0.00|0.00|0.00|0.00|0.00|0.00|0.00|0.00|0.00|0.00|0.00|||||Anexo_5_Materiais_de_construção_e_congêneres.xlsx|Mat_Const
10|9.0|10.009.00|3919|Veda rosca, lona plástica para uso na construção, fitas isolantes e afins|DECRETO ICMS/PB Nº 44.681/23|2024-01-01 00:00:00||0.2|0.28|0.00|0.00|0.00|0.00|0.00|0.00|0.00|0.00|0.00||0.5359999999999998|0.48799999999999977|0.4079999999999999|0.00|0.00|0.00|0.00|0.00|0.00|0.00|0.00|0.00|0.00|0.00|0.00|0.00|0.00|||||Anexo_5_Materiais_de_construção_e_congêneres.xlsx|Mat_Const
10|9.0|10.009.00|3920|Veda rosca, lona plástica para uso na construção, fitas isolantes e afins|DECRETO ICMS/PB Nº 39.158|2019-05-07 00:00:00|2023-12-31 00:00:00|0.18|0.28|0.00|0.00|0.00|0.00|0.00|0.00|0.00|0.00|0.00||0.49853658536585344|0.45170731707317047|0.37365853658536574|0.00|0.00|0.00|0.00|0.00|0.00|0.00|0.00|0.00|0.00|0.00|0.00|0.00|0.00|||||Anexo_5_Materiais_de_construção_e_congêneres.xlsx|Mat_Const
10|9.0|10.009.00|3920|Veda rosca, lona plástica para uso na construção, fitas isolantes e afins|DECRETO ICMS/PB Nº 44.681/23|2024-01-01 00:00:00||0.2|0.28|0.00|0.00|0.00|0.00|0.00|0.00|0.00|0.00|0.00||0.5359999999999998|0.48799999999999977|0.4079999999999999|0.00|0.00|0.00|0.00|0.00|0.00|0.00|0.00|0.00|0.00|0.00|0.00|0.00|0.00|||||Anexo_5_Materiais_de_construção_e_congêneres.xlsx|Mat_Const
10|9.0|10.009.00|3921|Veda rosca, lona plástica para uso na construção, fitas isolantes e afins|DECRETO ICMS/PB Nº 39.158|2019-05-07 00:00:00|2023-12-31 00:00:00|0.18|0.28|0.00|0.00|0.00|0.00|0.00|0.00|0.00|0.00|0.00||0.49853658536585344|0.45170731707317047|0.37365853658536574|0.00|0.00|0.00|0.00|0.00|0.00|0.00|0.00|0.00|0.00|0.00|0.00|0.00|0.00|||||Anexo_5_Materiais_de_construção_e_congêneres.xlsx|Mat_Const
10|9.0|10.009.00|3921|Veda rosca, lona plástica para uso na construção, fitas isolantes e afins|DECRETO ICMS/PB Nº 44.681/23|2024-01-01 00:00:00||0.2|0.28|0.00|0.00|0.00|0.00|0.00|0.00|0.00|0.00|0.00||0.5359999999999998|0.48799999999999977|0.4079999999999999|0.00|0.00|0.00|0.00|0.00|0.00|0.00|0.00|0.00|0.00|0.00|0.00|0.00|0.00|||||Anexo_5_Materiais_de_construção_e_congêneres.xlsx|Mat_Const
10|10.0|10.010.00|3921|Telha de plástico, mesmo reforçada com fibra de vidro|DECRETO ICMS/PB Nº 39.158|2019-05-07 00:00:00|2023-12-31 00:00:00|0.18|0.42|0.00|0.00|0.00|0.00|0.00|0.00|0.00|0.00|0.00||0.6624390243902438|0.6104878048780484|0.5239024390243903|0.00|0.00|0.00|0.00|0.00|0.00|0.00|0.00|0.00|0.00|0.00|0.00|0.00|0.00|||||Anexo_5_Materiais_de_construção_e_congêneres.xlsx|Mat_Const
10|10.0|10.010.00|3921|Telha de plástico, mesmo reforçada com fibra de vidro|DECRETO ICMS/PB Nº 44.681/23|2024-01-01 00:00:00||0.2|0.42|0.00|0.00|0.00|0.00|0.00|0.00|0.00|0.00|0.00||0.704|0.6507499999999997|0.562|0.00|0.00|0.00|0.00|0.00|0.00|0.00|0.00|0.00|0.00|0.00|0.00|0.00|0.00|||||Anexo_5_Materiais_de_construção_e_congêneres.xlsx|Mat_Const
10|11.0|10.011.00|3921|Cumeeira de plástico, mesmo reforçada com fibra de vidro|DECRETO ICMS/PB Nº 39.158|2019-05-07 00:00:00|2023-12-31 00:00:00|0.18|0.42|0.00|0.00|0.00|0.00|0.00|0.00|0.00|0.00|0.00||0.6624390243902438|0.6104878048780484|0.5239024390243903|0.00|0.00|0.00|0.00|0.00|0.00|0.00|0.00|0.00|0.00|0.00|0.00|0.00|0.00|||||Anexo_5_Materiais_de_construção_e_congêneres.xlsx|Mat_Const
10|11.0|10.011.00|3921|Cumeeira de plástico, mesmo reforçada com fibra de vidro|DECRETO ICMS/PB Nº 44.681/23|2024-01-01 00:00:00||0.2|0.42|0.00|0.00|0.00|0.00|0.00|0.00|0.00|0.00|0.00||0.704|0.6507499999999997|0.562|0.00|0.00|0.00|0.00|0.00|0.00|0.00|0.00|0.00|0.00|0.00|0.00|0.00|0.00|||||Anexo_5_Materiais_de_construção_e_congêneres.xlsx|Mat_Const
10|12.0|10.012.00|3921|Chapas, laminados plásticos em bobina, para uso na construção, exceto os descritos no CEST 10.010.00 e 10.011.00|DECRETO ICMS/PB Nº 39.158|2019-05-07 00:00:00|2023-12-31 00:00:00|0.18|0.42|0.00|0.00|0.00|0.00|0.00|0.00|0.00|0.00|0.00||0.6624390243902438|0.6104878048780484|0.5239024390243903|0.00|0.00|0.00|0.00|0.00|0.00|0.00|0.00|0.00|0.00|0.00|0.00|0.00|0.00|||||Anexo_5_Materiais_de_construção_e_congêneres.xlsx|Mat_Const
10|12.0|10.012.00|3921|Chapas, laminados plásticos em bobina, para uso na construção, exceto os descritos no CEST 10.010.00 e 10.011.00|DECRETO ICMS/PB Nº 44.681/23|2024-01-01 00:00:00||0.2|0.42|0.00|0.00|0.00|0.00|0.00|0.00|0.00|0.00|0.00||0.704|0.6507499999999997|0.562|0.00|0.00|0.00|0.00|0.00|0.00|0.00|0.00|0.00|0.00|0.00|0.00|0.00|0.00|||||Anexo_5_Materiais_de_construção_e_congêneres.xlsx|Mat_Const
10|13.0|10.013.00|3922|Banheiras, boxes para chuveiros, pias, lavatórios, bidês, sanitários e seus assentos e tampas, caixas de descarga e artigos semelhantes para usos sanitários ou higiênicos, de plásticos|DECRETO ICMS/PB Nº 39.158|2019-05-07 00:00:00|2023-12-31 00:00:00|0.18|0.41|0.00|0.00|0.00|0.00|0.00|0.00|0.00|0.00|0.02||0.6507317073170729|0.5991463414634144|0.5131707317073169|0.00|0.00|0.00|0.00|0.00|0.00|0.00|0.00|0.00|0.00|0.00|0.00|0.00|0.00|||||Anexo_5_Materiais_de_construção_e_congêneres.xlsx|Mat_Const
10|13.0|10.013.00|3922|Banheiras, boxes para chuveiros, pias, lavatórios, bidês, sanitários e seus assentos e tampas, caixas de descarga e artigos semelhantes para usos sanitários ou higiênicos, de plásticos|DECRETO ICMS/PB Nº 44.681/23|2024-01-01 00:00:00||0.2|0.41|0.00|0.00|0.00|0.00|0.00|0.00|0.00|0.00|0.02||0.6919999999999997|0.6391249999999997|0.5509999999999997|0.00|0.00|0.00|0.00|0.00|0.00|0.00|0.00|0.00|0.00|0.00|0.00|0.00|0.00|||||Anexo_5_Materiais_de_construção_e_congêneres.xlsx|Mat_Const
10|14.0|10.014.00|3924|Artefatos de higiene/toucador de plástico, para uso na construção|DECRETO ICMS/PB Nº 39.158|2019-05-07 00:00:00|2023-12-31 00:00:00|0.18|0.52|0.00|0.00|0.00|0.00|0.00|0.00|0.00|0.00|0.00||0.7795121951219512|0.72390243902439|0.6312195121951221|0.00|0.00|0.00|0.00|0.00|0.00|0.00|0.00|0.00|0.00|0.00|0.00|0.00|0.00|||||Anexo_5_Materiais_de_construção_e_congêneres.xlsx|Mat_Const
10|14.0|10.014.00|3924|Artefatos de higiene/toucador de plástico, para uso na construção|DECRETO ICMS/PB Nº 44.681/23//DECRETO  ICMS/PB Nº 45.112/24|2024-01-01 00:00:00|2024-05-31 00:00:00|0.2|0.52|0.00|0.00|0.00|0.00|0.00|0.00|0.00|0.00|0.00||0.8240000000000001|0.7669999999999999|0.6720000000000002|0.00|0.00|0.00|0.00|0.00|0.00|0.00|0.00|0.00|0.00|0.00|0.00|0.00|0.00|||||Anexo_5_Materiais_de_construção_e_congêneres.xlsx|Mat_Const
10|15.0|10.015.00|39251000|Caixa d’água, inclusive sua tampa, de plástico, mesmo reforçadas com fibra de vidro|DECRETO ICMS/PB Nº 39.158|2019-05-07 00:00:00|2023-12-31 00:00:00|0.18|0.37|0.00|0.00|0.00|0.00|0.00|0.00|0.00|0.00|0.00||0.6039024390243903|0.553780487804878|0.47024390243902436|0.00|0.00|0.00|0.00|0.00|0.00|0.00|0.00|0.00|0.00|0.00|0.00|0.00|0.00|||||Anexo_5_Materiais_de_construção_e_congêneres.xlsx|Mat_Const
10|15.0|10.015.00|39251000|Caixa d’água, inclusive sua tampa, de plástico, mesmo reforçadas com fibra de vidro|DECRETO ICMS/PB Nº 44.681/23|2024-01-01 00:00:00||0.2|0.37|0.00|0.00|0.00|0.00|0.00|0.00|0.00|0.00|0.00||0.6440000000000001|0.592625|0.5069999999999999|0.00|0.00|0.00|0.00|0.00|0.00|0.00|0.00|0.00|0.00|0.00|0.00|0.00|0.00|||||Anexo_5_Materiais_de_construção_e_congêneres.xlsx|Mat_Const
10|16.0|10.016.00|392590|Outras telhas, cumeeira e caixa d’água, inclusive sua tampa, de plástico, mesmo reforçadas com fibra de vidro|DECRETO ICMS/PB Nº 39.158|2019-05-07 00:00:00|2023-12-31 00:00:00|0.18|0.42|0.00|0.00|0.00|0.00|0.00|0.00|0.00|0.00|0.00||0.6624390243902438|0.6104878048780484|0.5239024390243903|0.00|0.00|0.00|0.00|0.00|0.00|0.00|0.00|0.00|0.00|0.00|0.00|0.00|0.00|||||Anexo_5_Materiais_de_construção_e_congêneres.xlsx|Mat_Const
10|16.0|10.016.00|392590|Outras telhas, cumeeira e caixa d’água, inclusive sua tampa, de plástico, mesmo reforçadas com fibra de vidro|DECRETO ICMS/PB Nº 44.681/23|2024-01-01 00:00:00||0.2|0.42|0.00|0.00|0.00|0.00|0.00|0.00|0.00|0.00|0.00||0.704|0.6507499999999997|0.562|0.00|0.00|0.00|0.00|0.00|0.00|0.00|0.00|0.00|0.00|0.00|0.00|0.00|0.00|||||Anexo_5_Materiais_de_construção_e_congêneres.xlsx|Mat_Const
10|17.0|10.017.00|392590|Artefatos para apetrechamento de construções, de plásticos, não especificados nem compreendidos em outras posições, incluindo persianas, sancas, molduras, apliques e rosetas, caixilhos de polietileno e outros plásticos, exceto os descritos nos CEST 10.015.00 e 10.016.00|DECRETO ICMS/PB Nº 39.158|2019-05-07 00:00:00|2023-12-31 00:00:00|0.18|0.37|0.00|0.00|0.00|0.00|0.00|0.00|0.00|0.00|0.00||0.6039024390243903|0.553780487804878|0.47024390243902436|0.00|0.00|0.00|0.00|0.00|0.00|0.00|0.00|0.00|0.00|0.00|0.00|0.00|0.00|||||Anexo_5_Materiais_de_construção_e_congêneres.xlsx|Mat_Const
10|17.0|10.017.00|392590|Artefatos para apetrechamento de construções, de plásticos, não especificados nem compreendidos em outras posições, incluindo persianas, sancas, molduras, apliques e rosetas, caixilhos de polietileno e outros plásticos, exceto os descritos nos CEST 10.015.00 e 10.016.00|DECRETO ICMS/PB Nº 44.681/23|2024-01-01 00:00:00||0.2|0.37|0.00|0.00|0.00|0.00|0.00|0.00|0.00|0.00|0.00||0.6440000000000001|0.592625|0.5069999999999999|0.00|0.00|0.00|0.00|0.00|0.00|0.00|0.00|0.00|0.00|0.00|0.00|0.00|0.00|||||Anexo_5_Materiais_de_construção_e_congêneres.xlsx|Mat_Const
10|17.0|10.017.00|39251000|Artefatos para apetrechamento de construções, de plásticos, não especificados nem compreendidos em outras posições, incluindo persianas, sancas, molduras, apliques e rosetas, caixilhos de polietileno e outros plásticos, exceto os descritos nos CEST 10.015.00 e 10.016.00|DECRETO ICMS/PB Nº 39.158|2019-05-07 00:00:00|2023-12-31 00:00:00|0.18|0.37|0.00|0.00|0.00|0.00|0.00|0.00|0.00|0.00|0.00||0.6039024390243903|0.553780487804878|0.47024390243902436|0.00|0.00|0.00|0.00|0.00|0.00|0.00|0.00|0.00|0.00|0.00|0.00|0.00|0.00|||||Anexo_5_Materiais_de_construção_e_congêneres.xlsx|Mat_Const
10|17.0|10.017.00|39251000|Artefatos para apetrechamento de construções, de plásticos, não especificados nem compreendidos em outras posições, incluindo persianas, sancas, molduras, apliques e rosetas, caixilhos de polietileno e outros plásticos, exceto os descritos nos CEST 10.015.00 e 10.016.00|DECRETO ICMS/PB Nº 44.681/23|2024-01-01 00:00:00||0.2|0.37|0.00|0.00|0.00|0.00|0.00|0.00|0.00|0.00|0.00||0.6440000000000001|0.592625|0.5069999999999999|0.00|0.00|0.00|0.00|0.00|0.00|0.00|0.00|0.00|0.00|0.00|0.00|0.00|0.00|||||Anexo_5_Materiais_de_construção_e_congêneres.xlsx|Mat_Const
10|18.0|10.018.00|39252000|Portas, janelas e seus caixilhos, alizares e soleiras|DECRETO ICMS/PB Nº 39.158|2019-05-07 00:00:00|2023-12-31 00:00:00|0.18|0.37|0.00|0.00|0.00|0.00|0.00|0.00|0.00|0.00|0.00||0.6039024390243903|0.553780487804878|0.47024390243902436|0.00|0.00|0.00|0.00|0.00|0.00|0.00|0.00|0.00|0.00|0.00|0.00|0.00|0.00|||||Anexo_5_Materiais_de_construção_e_congêneres.xlsx|Mat_Const
10|18.0|10.018.00|39252000|Portas, janelas e seus caixilhos, alizares e soleiras|DECRETO ICMS/PB Nº 44.681/23|2024-01-01 00:00:00||0.2|0.37|0.00|0.00|0.00|0.00|0.00|0.00|0.00|0.00|0.00||0.6440000000000001|0.592625|0.5069999999999999|0.00|0.00|0.00|0.00|0.00|0.00|0.00|0.00|0.00|0.00|0.00|0.00|0.00|0.00|||||Anexo_5_Materiais_de_construção_e_congêneres.xlsx|Mat_Const
10|19.0|10.019.00|39253000|Postigos, estores (incluídas as venezianas) e artefatos semelhantes e suas partes|DECRETO ICMS/PB Nº 39.158|2019-05-07 00:00:00|2023-12-31 00:00:00|0.18|0.48|0.00|0.00|0.00|0.00|0.00|0.00|0.00|0.00|0.00||0.732682926829268|0.6785365853658534|0.5882926829268291|0.00|0.00|0.00|0.00|0.00|0.00|0.00|0.00|0.00|0.00|0.00|0.00|0.00|0.00|||||Anexo_5_Materiais_de_construção_e_congêneres.xlsx|Mat_Const
10|19.0|10.019.00|39253000|Postigos, estores (incluídas as venezianas) e artefatos semelhantes e suas partes|DECRETO ICMS/PB Nº 44.681/23|2024-01-01 00:00:00||0.2|0.48|0.00|0.00|0.00|0.00|0.00|0.00|0.00|0.00|0.00||0.7759999999999998|0.7204999999999997|0.6279999999999999|0.00|0.00|0.00|0.00|0.00|0.00|0.00|0.00|0.00|0.00|0.00|0.00|0.00|0.00|||||Anexo_5_Materiais_de_construção_e_congêneres.xlsx|Mat_Const
10|20.0|10.020.00|392690|Outras obras de plástico, para uso na construção|DECRETO ICMS/PB Nº 39.158|2019-05-07 00:00:00|2023-12-31 00:00:00|0.18|0.36|0.00|0.00|0.00|0.00|0.00|0.00|0.00|0.00|0.00||0.5921951219512191|0.5424390243902435|0.45951219512195096|0.00|0.00|0.00|0.00|0.00|0.00|0.00|0.00|0.00|0.00|0.00|0.00|0.00|0.00|||||Anexo_5_Materiais_de_construção_e_congêneres.xlsx|Mat_Const
10|20.0|10.020.00|392690|Outras obras de plástico, para uso na construção|DECRETO ICMS/PB Nº 44.681/23//DECRETO  ICMS/PB Nº 45.112/24|2024-01-01 00:00:00|2024-05-31 00:00:00|0.2|0.36|0.00|0.00|0.00|0.00|0.00|0.00|0.00|0.00|0.00||0.6319999999999997|0.5809999999999995|0.4959999999999998|0.00|0.00|0.00|0.00|0.00|0.00|0.00|0.00|0.00|0.00|0.00|0.00|0.00|0.00|||||Anexo_5_Materiais_de_construção_e_congêneres.xlsx|Mat_Const
10|21.0|10.021.00|4814|Papel de parede e revestimentos de parede semelhantes; papel para vitrais|DECRETO ICMS/PB Nº 39.158|2019-05-07 00:00:00|2023-12-31 00:00:00|0.18|0.51|0.00|0.00|0.00|0.00|0.00|0.00|0.00|0.00|0.00||0.7678048780487803|0.7125609756097557|0.6204878048780487|0.00|0.00|0.00|0.00|0.00|0.00|0.00|0.00|0.00|0.00|0.00|0.00|0.00|0.00|||||Anexo_5_Materiais_de_construção_e_congêneres.xlsx|Mat_Const
10|21.0|10.021.00|4814|Papel de parede e revestimentos de parede semelhantes; papel para vitrais|DECRETO ICMS/PB Nº 44.681/23|2024-01-01 00:00:00||0.2|0.51|0.00|0.00|0.00|0.00|0.00|0.00|0.00|0.00|0.00||0.8119999999999998|0.7553749999999997|0.6609999999999998|0.00|0.00|0.00|0.00|0.00|0.00|0.00|0.00|0.00|0.00|0.00|0.00|0.00|0.00|||||Anexo_5_Materiais_de_construção_e_congêneres.xlsx|Mat_Const
10|22.0|10.022.00|68101900|Telhas de concreto|DECRETO ICMS/PB Nº 39.158|2019-05-07 00:00:00|2023-12-31 00:00:00|0.18|0.42|0.00|0.00|0.00|0.00|0.00|0.00|0.00|0.00|0.00||0.6624390243902438|0.6104878048780484|0.5239024390243903|0.00|0.00|0.00|0.00|0.00|0.00|0.00|0.00|0.00|0.00|0.00|0.00|0.00|0.00|||||Anexo_5_Materiais_de_construção_e_congêneres.xlsx|Mat_Const
10|22.0|10.022.00|68101900|Telhas de concreto|DECRETO ICMS/PB Nº 44.681/23|2024-01-01 00:00:00||0.2|0.42|0.00|0.00|0.00|0.00|0.00|0.00|0.00|0.00|0.00||0.704|0.6507499999999997|0.562|0.00|0.00|0.00|0.00|0.00|0.00|0.00|0.00|0.00|0.00|0.00|0.00|0.00|0.00|||||Anexo_5_Materiais_de_construção_e_congêneres.xlsx|Mat_Const
10|23.0|10.023.00|6811|Telha, cumeeira e caixa d’água, inclusive sua tampa, de fibrocimento, cimento-celulose|DECRETO ICMS/PB Nº 39.158|2019-05-07 00:00:00|2023-12-31 00:00:00|0.18|0.42|0.00|0.00|0.00|0.00|0.00|0.00|0.00|0.00|0.00||0.6624390243902438|0.6104878048780484|0.5239024390243903|0.00|0.00|0.00|0.00|0.00|0.00|0.00|0.00|0.00|0.00|0.00|0.00|0.00|0.00|||||Anexo_5_Materiais_de_construção_e_congêneres.xlsx|Mat_Const
10|23.0|10.023.00|6811|Telha, cumeeira e caixa d’água, inclusive sua tampa, de fibrocimento, cimento-celulose|DECRETO ICMS/PB Nº 44.681/23|2024-01-01 00:00:00||0.2|0.42|0.00|0.00|0.00|0.00|0.00|0.00|0.00|0.00|0.00||0.704|0.6507499999999997|0.562|0.00|0.00|0.00|0.00|0.00|0.00|0.00|0.00|0.00|0.00|0.00|0.00|0.00|0.00|||||Anexo_5_Materiais_de_construção_e_congêneres.xlsx|Mat_Const
10|24.0.|10.024.00|6811|Caixas d’água, tanques e reservatórios e suas tampas, telhas, calhas, cumeeiras e afins, de fibrocimento, cimento-celulose ou semelhantes, contendo ou não amianto, exceto os descritos no CEST 10.023.00|DECRETO ICMS/PB Nº 39.158|2019-05-07 00:00:00|2023-12-31 00:00:00|0.18|0.35|0.00|0.00|0.00|0.00|0.00|0.00|0.00|0.00|0.00||0.5804878048780486|0.5310975609756097|0.4487804878048782|0.00|0.00|0.00|0.00|0.00|0.00|0.00|0.00|0.00|0.00|0.00|0.00|0.00|0.00|||||Anexo_5_Materiais_de_construção_e_congêneres.xlsx|Mat_Const
10|24.0.|10.024.00|6811|Caixas d’água, tanques e reservatórios e suas tampas, telhas, calhas, cumeeiras e afins, de fibrocimento, cimento-celulose ou semelhantes, contendo ou não amianto, exceto os descritos no CEST 10.023.00|DECRETO ICMS/PB Nº 44.681/23|2024-01-01 00:00:00||0.2|0.35|0.00|0.00|0.00|0.00|0.00|0.00|0.00|0.00|0.00||0.6199999999999999|0.569375|0.4850000000000001|0.00|0.00|0.00|0.00|0.00|0.00|0.00|0.00|0.00|0.00|0.00|0.00|0.00|0.00|||||Anexo_5_Materiais_de_construção_e_congêneres.xlsx|Mat_Const
10|25.0|10.025.00|69010000|Tijolos, placas (lajes), ladrilhos e outras peças cerâmicas de farinhas siliciosas fósseis (“kieselghur”, tripolita, diatomita, por exemplo) ou de terras siliciosas semelhantes|DECRETO ICMS/PB Nº 39.158|2019-05-07 00:00:00|2023-12-31 00:00:00|0.18|0.42|0.00|0.00|0.00|0.00|0.00|0.00|0.00|0.00|0.00||0.6624390243902438|0.6104878048780484|0.5239024390243903|0.00|0.00|0.00|0.00|0.00|0.00|0.00|0.00|0.00|0.00|0.00|0.00|0.00|0.00|||||Anexo_5_Materiais_de_construção_e_congêneres.xlsx|Mat_Const
10|25.0|10.025.00|69010000|Tijolos, placas (lajes), ladrilhos e outras peças cerâmicas de farinhas siliciosas fósseis (“kieselghur”, tripolita, diatomita, por exemplo) ou de terras siliciosas semelhantes|DECRETO ICMS/PB Nº 44.681/23|2024-01-01 00:00:00||0.2|0.42|0.00|0.00|0.00|0.00|0.00|0.00|0.00|0.00|0.00||0.704|0.6507499999999997|0.562|0.00|0.00|0.00|0.00|0.00|0.00|0.00|0.00|0.00|0.00|0.00|0.00|0.00|0.00|||||Anexo_5_Materiais_de_construção_e_congêneres.xlsx|Mat_Const
10|26.0|10.026.00|6902|Tijolos, placas (lajes), ladrilhos e peças cerâmicas semelhantes, para uso na construção, refratários, que não sejam de farinhas siliciosas fósseis nem de terras siliciosas semelhantes|DECRETO ICMS/PB Nº 39.158|2019-05-07 00:00:00|2023-12-31 00:00:00|0.18|0.42|0.00|0.00|0.00|0.00|0.00|0.00|0.00|0.00|0.00||0.6624390243902438|0.6104878048780484|0.5239024390243903|0.00|0.00|0.00|0.00|0.00|0.00|0.00|0.00|0.00|0.00|0.00|0.00|0.00|0.00|||||Anexo_5_Materiais_de_construção_e_congêneres.xlsx|Mat_Const
10|26.0|10.026.00|6902|Tijolos, placas (lajes), ladrilhos e peças cerâmicas semelhantes, para uso na construção, refratários, que não sejam de farinhas siliciosas fósseis nem de terras siliciosas semelhantes|DECRETO ICMS/PB Nº 44.681/23|2024-01-01 00:00:00||0.2|0.42|0.00|0.00|0.00|0.00|0.00|0.00|0.00|0.00|0.00||0.704|0.6507499999999997|0.562|0.00|0.00|0.00|0.00|0.00|0.00|0.00|0.00|0.00|0.00|0.00|0.00|0.00|0.00|||||Anexo_5_Materiais_de_construção_e_congêneres.xlsx|Mat_Const
10|27.0|10.027.00|6904|Tijolos para construção, tijoleiras, tapa-vigas e produtos semelhantes, de cerâmica|DECRETO ICMS/PB Nº 39.158|2019-05-07 00:00:00|2023-12-31 00:00:00|0.18|0.42|0.00|0.00|0.00|0.00|0.00|0.00|0.00|0.00|0.00||0.6624390243902438|0.6104878048780484|0.5239024390243903|0.00|0.00|0.00|0.00|0.00|0.00|0.00|0.00|0.00|0.00|0.00|0.00|0.00|0.00|||||Anexo_5_Materiais_de_construção_e_congêneres.xlsx|Mat_Const
10|27.0|10.027.00|6904|Tijolos para construção, tijoleiras, tapa-vigas e produtos semelhantes, de cerâmica|DECRETO ICMS/PB Nº 44.681/23|2024-01-01 00:00:00||0.2|0.42|0.00|0.00|0.00|0.00|0.00|0.00|0.00|0.00|0.00||0.704|0.6507499999999997|0.562|0.00|0.00|0.00|0.00|0.00|0.00|0.00|0.00|0.00|0.00|0.00|0.00|0.00|0.00|||||Anexo_5_Materiais_de_construção_e_congêneres.xlsx|Mat_Const
10|28.0|10.028.00|6905|Telhas, elementos de chaminés, condutores de fumaça, ornamentos arquitetônicos, de cerâmica, e outros produtos cerâmicos para uso na construção|DECRETO ICMS/PB Nº 39.158|2019-05-07 00:00:00|2023-12-31 00:00:00|0.18|0.42|0.00|0.00|0.00|0.00|0.00|0.00|0.00|0.00|0.00||0.6624390243902438|0.6104878048780484|0.5239024390243903|0.00|0.00|0.00|0.00|0.00|0.00|0.00|0.00|0.00|0.00|0.00|0.00|0.00|0.00|||||Anexo_5_Materiais_de_construção_e_congêneres.xlsx|Mat_Const
10|28.0|10.028.00|6905|Telhas, elementos de chaminés, condutores de fumaça, ornamentos arquitetônicos, de cerâmica, e outros produtos cerâmicos para uso na construção|DECRETO ICMS/PB Nº 44.681/23|2024-01-01 00:00:00||0.2|0.42|0.00|0.00|0.00|0.00|0.00|0.00|0.00|0.00|0.00||0.704|0.6507499999999997|0.562|0.00|0.00|0.00|0.00|0.00|0.00|0.00|0.00|0.00|0.00|0.00|0.00|0.00|0.00|||||Anexo_5_Materiais_de_construção_e_congêneres.xlsx|Mat_Const
10|29.0|10.029.00|69060000|Tubos, calhas ou algerozes e acessórios para canalizações, de cerâmica|DECRETO ICMS/PB Nº 39.158|2019-05-07 00:00:00|2023-12-31 00:00:00|0.18|0.35|0.00|0.00|0.00|0.00|0.00|0.00|0.00|0.00|0.00||0.5804878048780486|0.5310975609756097|0.4487804878048782|0.00|0.00|0.00|0.00|0.00|0.00|0.00|0.00|0.00|0.00|0.00|0.00|0.00|0.00|||||Anexo_5_Materiais_de_construção_e_congêneres.xlsx|Mat_Const
10|29.0|10.029.00|69060000|Tubos, calhas ou algerozes e acessórios para canalizações, de cerâmica|DECRETO ICMS/PB Nº 44.681/23|2024-01-01 00:00:00||0.2|0.35|0.00|0.00|0.00|0.00|0.00|0.00|0.00|0.00|0.00||0.6199999999999999|0.569375|0.4850000000000001|0.00|0.00|0.00|0.00|0.00|0.00|0.00|0.00|0.00|0.00|0.00|0.00|0.00|0.00|||||Anexo_5_Materiais_de_construção_e_congêneres.xlsx|Mat_Const
10|30.0|10.030.00|6907|Ladrilhos e placas de cerâmica, exclusivamente para pavimentação ou revestimento|DECRETO ICMS/PB Nº 39.158|2019-05-07 00:00:00|2023-12-31 00:00:00|0.18|0.39|0.00|0.00|0.00|0.00|0.00|0.00|0.00|0.00|0.00||0.6273170731707316|0.5764634146341461|0.4917073170731707|0.00|0.00|0.00|0.00|0.00|0.00|0.00|0.00|0.00|0.00|0.00|0.00|0.00|0.00|||||Anexo_5_Materiais_de_construção_e_congêneres.xlsx|Mat_Const
10|30.0|10.030.00|6907|Ladrilhos e placas de cerâmica, exclusivamente para pavimentação ou revestimento|DECRETO ICMS/PB Nº 44.681/23|2024-01-01 00:00:00||0.2|0.39|0.00|0.00|0.00|0.00|0.00|0.00|0.00|0.00|0.00||0.6679999999999999|0.615875|0.5289999999999999|0.00|0.00|0.00|0.00|0.00|0.00|0.00|0.00|0.00|0.00|0.00|0.00|0.00|0.00|||||Anexo_5_Materiais_de_construção_e_congêneres.xlsx|Mat_Const
10|30.1.|10.030.01|6907|Cubos, pastilhas e artigos semelhantes de cerâmica, mesmo com suporte, exceto os descritos CEST 10.030.00|DECRETO ICMS/PB Nº 39.158|2019-05-07 00:00:00|2023-12-31 00:00:00|0.18|0.39|0.00|0.00|0.00|0.00|0.00|0.00|0.00|0.00|0.00||0.6273170731707316|0.5764634146341461|0.4917073170731707|0.00|0.00|0.00|0.00|0.00|0.00|0.00|0.00|0.00|0.00|0.00|0.00|0.00|0.00|||||Anexo_5_Materiais_de_construção_e_congêneres.xlsx|Mat_Const
10|30.1.|10.030.01|6907|Cubos, pastilhas e artigos semelhantes de cerâmica, mesmo com suporte, exceto os descritos CEST 10.030.00|DECRETO ICMS/PB Nº 44.681/23|2024-01-01 00:00:00||0.2|0.39|0.00|0.00|0.00|0.00|0.00|0.00|0.00|0.00|0.00||0.6679999999999999|0.615875|0.5289999999999999|0.00|0.00|0.00|0.00|0.00|0.00|0.00|0.00|0.00|0.00|0.00|0.00|0.00|0.00|||||Anexo_5_Materiais_de_construção_e_congêneres.xlsx|Mat_Const
10|31.0|10.031.00|6910|Pias, lavatórios, colunas para lavatórios, banheiras, bidês, sanitários, caixas de descarga, mictórios e aparelhos fixos semelhantes para usos sanitários, de cerâmica|DECRETO ICMS/PB Nº 39.158|2019-05-07 00:00:00|2023-12-31 00:00:00|0.18|0.4|0.00|0.00|0.00|0.00|0.00|0.00|0.00|0.00|0.02||0.6390243902439021|0.5878048780487801|0.5024390243902437|0.00|0.00|0.00|0.00|0.00|0.00|0.00|0.00|0.00|0.00|0.00|0.00|0.00|0.00|||||Anexo_5_Materiais_de_construção_e_congêneres.xlsx|Mat_Const
10|31.0|10.031.00|6910|Pias, lavatórios, colunas para lavatórios, banheiras, bidês, sanitários, caixas de descarga, mictórios e aparelhos fixos semelhantes para usos sanitários, de cerâmica|DECRETO ICMS/PB Nº 44.681/23|2024-01-01 00:00:00||0.2|0.4|0.00|0.00|0.00|0.00|0.00|0.00|0.00|0.00|0.02||0.6799999999999997|0.6274999999999997|0.5399999999999998|0.00|0.00|0.00|0.00|0.00|0.00|0.00|0.00|0.00|0.00|0.00|0.00|0.00|0.00|||||Anexo_5_Materiais_de_construção_e_congêneres.xlsx|Mat_Const
10|32.0|10.032.00|69120000|Artefatos de higiene/toucador de cerâmica|DECRETO ICMS/PB Nº 39.158|2019-05-07 00:00:00|2023-12-31 00:00:00|0.18|0.54|0.00|0.00|0.00|0.00|0.00|0.00|0.00|0.00|0.00||0.8029268292682925|0.7465853658536583|0.6526829268292682|0.00|0.00|0.00|0.00|0.00|0.00|0.00|0.00|0.00|0.00|0.00|0.00|0.00|0.00|||||Anexo_5_Materiais_de_construção_e_congêneres.xlsx|Mat_Const
10|32.0|10.032.00|69120000|Artefatos de higiene/toucador de cerâmica|DECRETO ICMS/PB Nº 44.681/23//DECRETO  ICMS/PB Nº 45.112/24|2024-01-01 00:00:00|2024-05-31 00:00:00|0.2|0.54|0.00|0.00|0.00|0.00|0.00|0.00|0.00|0.00|0.00||0.8479999999999999|0.7902499999999999|0.694|0.00|0.00|0.00|0.00|0.00|0.00|0.00|0.00|0.00|0.00|0.00|0.00|0.00|0.00|||||Anexo_5_Materiais_de_construção_e_congêneres.xlsx|Mat_Const
10|33.0|10.033.00|7003|Vidro vazado ou laminado, em chapas, folhas ou perfis, mesmo com camada absorvente, refletora ou não, mas sem qualquer outro trabalho|DECRETO ICMS/PB Nº 39.158|2019-05-07 00:00:00|2023-12-31 00:00:00|0.18|0.39|0.00|0.00|0.00|0.00|0.00|0.00|0.00|0.00|0.00||0.6273170731707316|0.5764634146341461|0.4917073170731707|0.00|0.00|0.00|0.00|0.00|0.00|0.00|0.00|0.00|0.00|0.00|0.00|0.00|0.00|||||Anexo_5_Materiais_de_construção_e_congêneres.xlsx|Mat_Const
10|33.0|10.033.00|7003|Vidro vazado ou laminado, em chapas, folhas ou perfis, mesmo com camada absorvente, refletora ou não, mas sem qualquer outro trabalho|DECRETO ICMS/PB Nº 44.681/23|2024-01-01 00:00:00||0.2|0.39|0.00|0.00|0.00|0.00|0.00|0.00|0.00|0.00|0.00||0.6679999999999999|0.615875|0.5289999999999999|0.00|0.00|0.00|0.00|0.00|0.00|0.00|0.00|0.00|0.00|0.00|0.00|0.00|0.00|||||Anexo_5_Materiais_de_construção_e_congêneres.xlsx|Mat_Const
10|34.0|10.034.00|7004|Vidro estirado ou soprado, em folhas, mesmo com camada absorvente, refletora ou não, mas sem qualquer outro trabalho|DECRETO ICMS/PB Nº 39.158|2019-05-07 00:00:00|2023-12-31 00:00:00|0.18|0.6943|0.00|0.00|0.00|0.00|0.00|0.00|0.00|0.00|0.00||0.9835707317073168|0.9215841463414631|0.8182731707317072|0.00|0.00|0.00|0.00|0.00|0.00|0.00|0.00|0.00|0.00|0.00|0.00|0.00|0.00|||||Anexo_5_Materiais_de_construção_e_congêneres.xlsx|Mat_Const
10|34.0|10.034.00|7004|Vidro estirado ou soprado, em folhas, mesmo com camada absorvente, refletora ou não, mas sem qualquer outro trabalho|DECRETO ICMS/PB Nº 44.681/23|2024-01-01 00:00:00||0.2|0.6943|0.00|0.00|0.00|0.00|0.00|0.00|0.00|0.00|0.00||1.0331599999999996|0.9696237499999998|0.8637300000000001|0.00|0.00|0.00|0.00|0.00|0.00|0.00|0.00|0.00|0.00|0.00|0.00|0.00|0.00|||||Anexo_5_Materiais_de_construção_e_congêneres.xlsx|Mat_Const
10|35.0|10.035.00|7005|Vidro flotado e vidro desbastado ou polido em uma ou em ambas as faces, em chapas ou em folhas, mesmo com camada absorvente, refletora ou não, mas sem qualquer outro trabalho|DECRETO ICMS/PB Nº 39.158|2019-05-07 00:00:00|2023-12-31 00:00:00|0.18|0.39|0.00|0.00|0.00|0.00|0.00|0.00|0.00|0.00|0.00||0.6273170731707316|0.5764634146341461|0.4917073170731707|0.00|0.00|0.00|0.00|0.00|0.00|0.00|0.00|0.00|0.00|0.00|0.00|0.00|0.00|||||Anexo_5_Materiais_de_construção_e_congêneres.xlsx|Mat_Const
10|35.0|10.035.00|7005|Vidro flotado e vidro desbastado ou polido em uma ou em ambas as faces, em chapas ou em folhas, mesmo com camada absorvente, refletora ou não, mas sem qualquer outro trabalho|DECRETO ICMS/PB Nº 44.681/23|2024-01-01 00:00:00||0.2|0.39|0.00|0.00|0.00|0.00|0.00|0.00|0.00|0.00|0.00||0.6679999999999999|0.615875|0.5289999999999999|0.00|0.00|0.00|0.00|0.00|0.00|0.00|0.00|0.00|0.00|0.00|0.00|0.00|0.00|||||Anexo_5_Materiais_de_construção_e_congêneres.xlsx|Mat_Const
10|36.0|10.036.00|70071900|Vidros temperados|DECRETO ICMS/PB Nº 39.158|2019-05-07 00:00:00|2023-12-31 00:00:00|0.18|0.36|0.00|0.00|0.00|0.00|0.00|0.00|0.00|0.00|0.00||0.5921951219512191|0.5424390243902435|0.45951219512195096|0.00|0.00|0.00|0.00|0.00|0.00|0.00|0.00|0.00|0.00|0.00|0.00|0.00|0.00|||||Anexo_5_Materiais_de_construção_e_congêneres.xlsx|Mat_Const
10|36.0|10.036.00|70071900|Vidros temperados|DECRETO ICMS/PB Nº 44.681/23|2024-01-01 00:00:00||0.2|0.36|0.00|0.00|0.00|0.00|0.00|0.00|0.00|0.00|0.00||0.6319999999999997|0.5809999999999995|0.4959999999999998|0.00|0.00|0.00|0.00|0.00|0.00|0.00|0.00|0.00|0.00|0.00|0.00|0.00|0.00|||||Anexo_5_Materiais_de_construção_e_congêneres.xlsx|Mat_Const
10|37.0|10.037.00|70072900|Vidros laminados|DECRETO ICMS/PB Nº 39.158|2019-05-07 00:00:00|2023-12-31 00:00:00|0.18|0.39|0.00|0.00|0.00|0.00|0.00|0.00|0.00|0.00|0.00||0.6273170731707316|0.5764634146341461|0.4917073170731707|0.00|0.00|0.00|0.00|0.00|0.00|0.00|0.00|0.00|0.00|0.00|0.00|0.00|0.00|||||Anexo_5_Materiais_de_construção_e_congêneres.xlsx|Mat_Const
10|37.0|10.037.00|70072900|Vidros laminados|DECRETO ICMS/PB Nº 44.681/23|2024-01-01 00:00:00||0.2|0.39|0.00|0.00|0.00|0.00|0.00|0.00|0.00|0.00|0.00||0.6679999999999999|0.615875|0.5289999999999999|0.00|0.00|0.00|0.00|0.00|0.00|0.00|0.00|0.00|0.00|0.00|0.00|0.00|0.00|||||Anexo_5_Materiais_de_construção_e_congêneres.xlsx|Mat_Const
10|38.0|10.038.00|7008|Vidros isolantes de paredes múltiplas|DECRETO ICMS/PB Nº 39.158|2019-05-07 00:00:00|2023-12-31 00:00:00|0.18|0.5|0.00|0.00|0.00|0.00|0.00|0.00|0.00|0.00|0.00||0.7560975609756095|0.7012195121951219|0.6097560975609755|0.00|0.00|0.00|0.00|0.00|0.00|0.00|0.00|0.00|0.00|0.00|0.00|0.00|0.00|||||Anexo_5_Materiais_de_construção_e_congêneres.xlsx|Mat_Const
10|38.0|10.038.00|7008|Vidros isolantes de paredes múltiplas|DECRETO ICMS/PB Nº 44.681/23|2024-01-01 00:00:00||0.2|0.5|0.00|0.00|0.00|0.00|0.00|0.00|0.00|0.00|0.00||0.7999999999999998|0.7437499999999999|0.6499999999999999|0.00|0.00|0.00|0.00|0.00|0.00|0.00|0.00|0.00|0.00|0.00|0.00|0.00|0.00|||||Anexo_5_Materiais_de_construção_e_congêneres.xlsx|Mat_Const
10|39.0|10.039.00|7016|Blocos, placas, tijolos, ladrilhos, telhas e outros artefatos, de vidro prensado ou moldado, mesmo armado, para uso na construção; cubos, pastilhas e outros artigos semelhantes|DECRETO ICMS/PB Nº 39.158|2019-05-07 00:00:00|2023-12-31 00:00:00|0.18|0.612|0.00|0.00|0.00|0.00|0.00|0.00|0.00|0.00|0.00||0.8872195121951219|0.8282439024390242|0.7299512195121951|0.00|0.00|0.00|0.00|0.00|0.00|0.00|0.00|0.00|0.00|0.00|0.00|0.00|0.00|||||Anexo_5_Materiais_de_construção_e_congêneres.xlsx|Mat_Const
10|39.0|10.039.00|7016|Blocos, placas, tijolos, ladrilhos, telhas e outros artefatos, de vidro prensado ou moldado, mesmo armado, para uso na construção; cubos, pastilhas e outros artigos semelhantes|DECRETO ICMS/PB Nº 44.681/23|2024-01-01 00:00:00||0.2|0.612|0.00|0.00|0.00|0.00|0.00|0.00|0.00|0.00|0.00||0.9343999999999999|0.87395|0.7731999999999999|0.00|0.00|0.00|0.00|0.00|0.00|0.00|0.00|0.00|0.00|0.00|0.00|0.00|0.00|||||Anexo_5_Materiais_de_construção_e_congêneres.xlsx|Mat_Const
10|40.0|10.040.00|72142000|Barras próprias para construções, exceto vergalhões|DECRETO ICMS/PB Nº 39.158|2019-05-07 00:00:00|2023-12-31 00:00:00|0.18|0.4|0.00|0.00|0.00|0.00|0.00|0.00|0.00|0.00|0.00||0.6390243902439021|0.5878048780487801|0.5024390243902437|0.00|0.00|0.00|0.00|0.00|0.00|0.00|0.00|0.00|0.00|0.00|0.00|0.00|0.00|||||Anexo_5_Materiais_de_construção_e_congêneres.xlsx|Mat_Const
10|40.0|10.040.00|72142000|Barras próprias para construções, exceto vergalhões|DECRETO ICMS/PB Nº 44.681/23|2024-01-01 00:00:00||0.2|0.4|0.00|0.00|0.00|0.00|0.00|0.00|0.00|0.00|0.00||0.6799999999999997|0.6274999999999997|0.5399999999999998|0.00|0.00|0.00|0.00|0.00|0.00|0.00|0.00|0.00|0.00|0.00|0.00|0.00|0.00|||||Anexo_5_Materiais_de_construção_e_congêneres.xlsx|Mat_Const
10|41.0|10.041.00|73089010|Outras barras próprias para construções, exceto vergalhões|DECRETO ICMS/PB Nº 39.158|2019-05-07 00:00:00|2023-12-31 00:00:00|0.18|0.4|0.00|0.00|0.00|0.00|0.00|0.00|0.00|0.00|0.00||0.6390243902439021|0.5878048780487801|0.5024390243902437|0.00|0.00|0.00|0.00|0.00|0.00|0.00|0.00|0.00|0.00|0.00|0.00|0.00|0.00|||||Anexo_5_Materiais_de_construção_e_congêneres.xlsx|Mat_Const
10|41.0|10.041.00|73089010|Outras barras próprias para construções, exceto vergalhões|DECRETO ICMS/PB Nº 44.681/23|2024-01-01 00:00:00||0.2|0.4|0.00|0.00|0.00|0.00|0.00|0.00|0.00|0.00|0.00||0.6799999999999997|0.6274999999999997|0.5399999999999998|0.00|0.00|0.00|0.00|0.00|0.00|0.00|0.00|0.00|0.00|0.00|0.00|0.00|0.00|||||Anexo_5_Materiais_de_construção_e_congêneres.xlsx|Mat_Const
10|41.1|10.041.01|73089010|Outros vergalhões|Decreto 40.146/20|2020-03-01 00:00:00|2023-12-31 00:00:00|0.18|0.33|0.00|0.00|0.00|0.00|0.00|0.00|0.00|0.00|0.00||0.5570731707317071|0.5084146341463411|0.42731707317073164|0.00|0.00|0.00|0.00|0.00|0.00|0.00|0.00|0.00|0.00|0.00|0.00|0.00|0.00|||||Anexo_5_Materiais_de_construção_e_congêneres.xlsx|Mat_Const
10|41.1|10.041.01|73089010|Outros vergalhões|DECRETO ICMS/PB Nº 44.681/23|2024-01-01 00:00:00||0.2|0.33|0.00|0.00|0.00|0.00|0.00|0.00|0.00|0.00|0.00||0.5959999999999999|0.5461249999999997|0.4630000000000001|0.00|0.00|0.00|0.00|0.00|0.00|0.00|0.00|0.00|0.00|0.00|0.00|0.00|0.00|||||Anexo_5_Materiais_de_construção_e_congêneres.xlsx|Mat_Const
10|42.0|10.042.00|72142000|Vergalhões|DECRETO ICMS/PB Nº 39.158|2019-05-07 00:00:00|2023-12-31 00:00:00|0.18|0.33|0.00|0.00|0.00|0.00|0.00|0.00|0.00|0.00|0.00||0.5570731707317071|0.5084146341463411|0.42731707317073164|0.00|0.00|0.00|0.00|0.00|0.00|0.00|0.00|0.00|0.00|0.00|0.00|0.00|0.00|||||Anexo_5_Materiais_de_construção_e_congêneres.xlsx|Mat_Const
10|42.0|10.042.00|72142000|Vergalhões|DECRETO ICMS/PB Nº 44.681/23|2024-01-01 00:00:00||0.2|0.33|0.00|0.00|0.00|0.00|0.00|0.00|0.00|0.00|0.00||0.5959999999999999|0.5461249999999997|0.4630000000000001|0.00|0.00|0.00|0.00|0.00|0.00|0.00|0.00|0.00|0.00|0.00|0.00|0.00|0.00|||||Anexo_5_Materiais_de_construção_e_congêneres.xlsx|Mat_Const
10|43.0|10.043.00|7213|Outros vergalhões|DECRETO ICMS/PB Nº 39.158// Decreto 40.146/20|2019-05-07 00:00:00|2020-02-29 00:00:00|0.18|0.33|0.00|0.00|0.00|0.00|0.00|0.00|0.00|0.00|0.00||0.5570731707317071|0.5084146341463411|0.42731707317073164|0.00|0.00|0.00|0.00|0.00|0.00|0.00|0.00|0.00|0.00|0.00|0.00|0.00|0.00|||||Anexo_5_Materiais_de_construção_e_congêneres.xlsx|Mat_Const
10|43.0|10.043.00|7213|Outros vergalhões| Decreto 40.146/20|2020-03-01 00:00:00|2023-12-31 00:00:00|0.18|0.33|0.00|0.00|0.00|0.00|0.00|0.00|0.00|0.00|0.00||0.5570731707317071|0.5084146341463411|0.42731707317073164|0.00|0.00|0.00|0.00|0.00|0.00|0.00|0.00|0.00|0.00|0.00|0.00|0.00|0.00|||||Anexo_5_Materiais_de_construção_e_congêneres.xlsx|Mat_Const
10|43.0|10.043.00|7213|Outros vergalhões|DECRETO ICMS/PB Nº 44.681/23|2024-01-01 00:00:00||0.2|0.33|0.00|0.00|0.00|0.00|0.00|0.00|0.00|0.00|0.00||0.5959999999999999|0.5461249999999997|0.4630000000000001|0.00|0.00|0.00|0.00|0.00|0.00|0.00|0.00|0.00|0.00|0.00|0.00|0.00|0.00|||||Anexo_5_Materiais_de_construção_e_congêneres.xlsx|Mat_Const
10|43.0|10.043.00|73089010|Outros vergalhões|DECRETO ICMS/PB Nº 39.158// Decreto 40.146/20|2019-05-07 00:00:00|2020-02-29 00:00:00|0.18|0.33|0.00|0.00|0.00|0.00|0.00|0.00|0.00|0.00|0.00||0.5570731707317071|0.5084146341463411|0.42731707317073164|0.00|0.00|0.00|0.00|0.00|0.00|0.00|0.00|0.00|0.00|0.00|0.00|0.00|0.00|||||Anexo_5_Materiais_de_construção_e_congêneres.xlsx|Mat_Const
10|44.0|10.044.00|7312|Fios de ferro ou aço não ligados, não revestidos, mesmo polidos; cordas, cabos, tranças (entrançados), lingas e artefatos semelhantes, de ferro ou aço, não isolados para usos elétricos|DECRETO ICMS/PB Nº 39.158|2019-05-07 00:00:00|2023-12-31 00:00:00|0.18|0.42|0.00|0.00|0.00|0.00|0.00|0.00|0.00|0.00|0.00||0.6624390243902438|0.6104878048780484|0.5239024390243903|0.00|0.00|0.00|0.00|0.00|0.00|0.00|0.00|0.00|0.00|0.00|0.00|0.00|0.00|||||Anexo_5_Materiais_de_construção_e_congêneres.xlsx|Mat_Const
10|44.0|10.044.00|7312|Fios de ferro ou aço não ligados, não revestidos, mesmo polidos; cordas, cabos, tranças (entrançados), lingas e artefatos semelhantes, de ferro ou aço, não isolados para usos elétricos|DECRETO ICMS/PB Nº 44.681/23|2024-01-01 00:00:00||0.2|0.42|0.00|0.00|0.00|0.00|0.00|0.00|0.00|0.00|0.00||0.704|0.6507499999999997|0.562|0.00|0.00|0.00|0.00|0.00|0.00|0.00|0.00|0.00|0.00|0.00|0.00|0.00|0.00|||||Anexo_5_Materiais_de_construção_e_congêneres.xlsx|Mat_Const
10|44.0|10.044.00|72171090|Fios de ferro ou aço não ligados, não revestidos, mesmo polidos; cordas, cabos, tranças (entrançados), lingas e artefatos semelhantes, de ferro ou aço, não isolados para usos elétricos|DECRETO ICMS/PB Nº 39.158|2019-05-07 00:00:00|2023-12-31 00:00:00|0.18|0.42|0.00|0.00|0.00|0.00|0.00|0.00|0.00|0.00|0.00||0.6624390243902438|0.6104878048780484|0.5239024390243903|0.00|0.00|0.00|0.00|0.00|0.00|0.00|0.00|0.00|0.00|0.00|0.00|0.00|0.00|||||Anexo_5_Materiais_de_construção_e_congêneres.xlsx|Mat_Const
10|44.0|10.044.00|72171090|Fios de ferro ou aço não ligados, não revestidos, mesmo polidos; cordas, cabos, tranças (entrançados), lingas e artefatos semelhantes, de ferro ou aço, não isolados para usos elétricos|DECRETO ICMS/PB Nº 44.681/23|2024-01-01 00:00:00||0.2|0.42|0.00|0.00|0.00|0.00|0.00|0.00|0.00|0.00|0.00||0.704|0.6507499999999997|0.562|0.00|0.00|0.00|0.00|0.00|0.00|0.00|0.00|0.00|0.00|0.00|0.00|0.00|0.00|||||Anexo_5_Materiais_de_construção_e_congêneres.xlsx|Mat_Const
10|45.0|10.045.00|72172010|Outros fios de ferro ou aço, não ligados, galvanizados com teor de carbono superior ou igual a 0,6%, em peso|DECRETO ICMS/PB Nº 39.158|2019-05-07 00:00:00|2023-12-31 00:00:00|0.18|0.4|0.00|0.00|0.00|0.00|0.00|0.00|0.00|0.00|0.00||0.6390243902439021|0.5878048780487801|0.5024390243902437|0.00|0.00|0.00|0.00|0.00|0.00|0.00|0.00|0.00|0.00|0.00|0.00|0.00|0.00|||||Anexo_5_Materiais_de_construção_e_congêneres.xlsx|Mat_Const
10|45.0|10.045.00|72172010|Outros fios de ferro ou aço, não ligados, galvanizados com teor de carbono superior ou igual a 0,6%, em peso|DECRETO ICMS/PB Nº 44.681/23|2024-01-01 00:00:00||0.2|0.4|0.00|0.00|0.00|0.00|0.00|0.00|0.00|0.00|0.00||0.6799999999999997|0.6274999999999997|0.5399999999999998|0.00|0.00|0.00|0.00|0.00|0.00|0.00|0.00|0.00|0.00|0.00|0.00|0.00|0.00|||||Anexo_5_Materiais_de_construção_e_congêneres.xlsx|Mat_Const
10|45.1|10.045.01|72172090|Outros fios de ferro ou aço, não ligados, galvanizados|DECRETO ICMS/PB Nº 39.158|2019-05-07 00:00:00|2023-12-31 00:00:00|0.18|0.4|0.00|0.00|0.00|0.00|0.00|0.00|0.00|0.00|0.00||0.6390243902439021|0.5878048780487801|0.5024390243902437|0.00|0.00|0.00|0.00|0.00|0.00|0.00|0.00|0.00|0.00|0.00|0.00|0.00|0.00|||||Anexo_5_Materiais_de_construção_e_congêneres.xlsx|Mat_Const
10|45.1|10.045.01|72172090|Outros fios de ferro ou aço, não ligados, galvanizados|DECRETO ICMS/PB Nº 44.681/23|2024-01-01 00:00:00||0.2|0.4|0.00|0.00|0.00|0.00|0.00|0.00|0.00|0.00|0.00||0.6799999999999997|0.6274999999999997|0.5399999999999998|0.00|0.00|0.00|0.00|0.00|0.00|0.00|0.00|0.00|0.00|0.00|0.00|0.00|0.00|||||Anexo_5_Materiais_de_construção_e_congêneres.xlsx|Mat_Const
10|46.0|10.046.00|7307|Acessórios para tubos (inclusive uniões, cotovelos, luvas ou mangas), de ferro fundido, ferro ou aço|DECRETO ICMS/PB Nº 39.158|2019-05-07 00:00:00|2023-12-31 00:00:00|0.18|0.33|0.00|0.00|0.00|0.00|0.00|0.00|0.00|0.00|0.00||0.5570731707317071|0.5084146341463411|0.42731707317073164|0.00|0.00|0.00|0.00|0.00|0.00|0.00|0.00|0.00|0.00|0.00|0.00|0.00|0.00|||||Anexo_5_Materiais_de_construção_e_congêneres.xlsx|Mat_Const
10|46.0|10.046.00|7307|Acessórios para tubos (inclusive uniões, cotovelos, luvas ou mangas), de ferro fundido, ferro ou aço|DECRETO ICMS/PB Nº 44.681/23|2024-01-01 00:00:00||0.2|0.33|0.00|0.00|0.00|0.00|0.00|0.00|0.00|0.00|0.00||0.5959999999999999|0.5461249999999997|0.4630000000000001|0.00|0.00|0.00|0.00|0.00|0.00|0.00|0.00|0.00|0.00|0.00|0.00|0.00|0.00|||||Anexo_5_Materiais_de_construção_e_congêneres.xlsx|Mat_Const
10|47.0|10.047.00|73083000|Portas e janelas, e seus caixilhos, alizares e soleiras de ferro fundido, ferro ou aço|DECRETO ICMS/PB Nº 39.158|2019-05-07 00:00:00|2023-12-31 00:00:00|0.18|0.34|0.00|0.00|0.00|0.00|0.00|0.00|0.00|0.00|0.00||0.5687804878048779|0.5197560975609754|0.4380487804878048|0.00|0.00|0.00|0.00|0.00|0.00|0.00|0.00|0.00|0.00|0.00|0.00|0.00|0.00|||||Anexo_5_Materiais_de_construção_e_congêneres.xlsx|Mat_Const
10|47.0|10.047.00|73083000|Portas e janelas, e seus caixilhos, alizares e soleiras de ferro fundido, ferro ou aço|DECRETO ICMS/PB Nº 44.681/23|2024-01-01 00:00:00||0.2|0.34|0.00|0.00|0.00|0.00|0.00|0.00|0.00|0.00|0.00||0.6079999999999999|0.55775|0.474|0.00|0.00|0.00|0.00|0.00|0.00|0.00|0.00|0.00|0.00|0.00|0.00|0.00|0.00|||||Anexo_5_Materiais_de_construção_e_congêneres.xlsx|Mat_Const
10|48.0|10.048.00|730890|Material para andaimes, para armações (cofragens) e para escoramentos, (inclusive armações prontas, para estruturas de concreto armado ou argamassa armada), eletrocalhas e perfilados de ferro fundido, ferro ou aço, próprios para construção, exceto treliças de aço|DECRETO ICMS/PB Nº 39.158|2019-05-07 00:00:00|2023-12-31 00:00:00|0.18|0.39|0.00|0.00|0.00|0.00|0.00|0.00|0.00|0.00|0.00||0.6273170731707316|0.5764634146341461|0.4917073170731707|0.00|0.00|0.00|0.00|0.00|0.00|0.00|0.00|0.00|0.00|0.00|0.00|0.00|0.00|||||Anexo_5_Materiais_de_construção_e_congêneres.xlsx|Mat_Const
10|48.0|10.048.00|730890|Material para andaimes, para armações (cofragens) e para escoramentos, (inclusive armações prontas, para estruturas de concreto armado ou argamassa armada), eletrocalhas e perfilados de ferro fundido, ferro ou aço, próprios para construção, exceto treliças de aço|DECRETO ICMS/PB Nº 44.681/23|2024-01-01 00:00:00||0.2|0.39|0.00|0.00|0.00|0.00|0.00|0.00|0.00|0.00|0.00||0.6679999999999999|0.615875|0.5289999999999999|0.00|0.00|0.00|0.00|0.00|0.00|0.00|0.00|0.00|0.00|0.00|0.00|0.00|0.00|||||Anexo_5_Materiais_de_construção_e_congêneres.xlsx|Mat_Const
10|48.0|10.048.00|73084000|Material para andaimes, para armações (cofragens) e para escoramentos, (inclusive armações prontas, para estruturas de concreto armado ou argamassa armada), eletrocalhas e perfilados de ferro fundido, ferro ou aço, próprios para construção, exceto treliças de aço|DECRETO ICMS/PB Nº 39.158|2019-05-07 00:00:00|2023-12-31 00:00:00|0.18|0.39|0.00|0.00|0.00|0.00|0.00|0.00|0.00|0.00|0.00||0.6273170731707316|0.5764634146341461|0.4917073170731707|0.00|0.00|0.00|0.00|0.00|0.00|0.00|0.00|0.00|0.00|0.00|0.00|0.00|0.00|||||Anexo_5_Materiais_de_construção_e_congêneres.xlsx|Mat_Const
10|48.0|10.048.00|73084000|Material para andaimes, para armações (cofragens) e para escoramentos, (inclusive armações prontas, para estruturas de concreto armado ou argamassa armada), eletrocalhas e perfilados de ferro fundido, ferro ou aço, próprios para construção, exceto treliças de aço|DECRETO ICMS/PB Nº 44.681/23|2024-01-01 00:00:00||0.2|0.39|0.00|0.00|0.00|0.00|0.00|0.00|0.00|0.00|0.00||0.6679999999999999|0.615875|0.5289999999999999|0.00|0.00|0.00|0.00|0.00|0.00|0.00|0.00|0.00|0.00|0.00|0.00|0.00|0.00|||||Anexo_5_Materiais_de_construção_e_congêneres.xlsx|Mat_Const
10|49.0|10.049.00|73084000|Treliças de aço|DECRETO ICMS/PB Nº 39.158|2019-05-07 00:00:00|2023-12-31 00:00:00|0.18|0.42|0.00|0.00|0.00|0.00|0.00|0.00|0.00|0.00|0.00||0.6624390243902438|0.6104878048780484|0.5239024390243903|0.00|0.00|0.00|0.00|0.00|0.00|0.00|0.00|0.00|0.00|0.00|0.00|0.00|0.00|||||Anexo_5_Materiais_de_construção_e_congêneres.xlsx|Mat_Const
10|49.0|10.049.00|73084000|Treliças de aço|DECRETO ICMS/PB Nº 44.681/23|2024-01-01 00:00:00||0.2|0.42|0.00|0.00|0.00|0.00|0.00|0.00|0.00|0.00|0.00||0.704|0.6507499999999997|0.562|0.00|0.00|0.00|0.00|0.00|0.00|0.00|0.00|0.00|0.00|0.00|0.00|0.00|0.00|||||Anexo_5_Materiais_de_construção_e_congêneres.xlsx|Mat_Const
10|50.0|10.050.00|73089090|Telhas metálicas|DECRETO ICMS/PB Nº 39.158|2019-05-07 00:00:00|2023-12-31 00:00:00|0.18|0.42|0.00|0.00|0.00|0.00|0.00|0.00|0.00|0.00|0.00||0.6624390243902438|0.6104878048780484|0.5239024390243903|0.00|0.00|0.00|0.00|0.00|0.00|0.00|0.00|0.00|0.00|0.00|0.00|0.00|0.00|||||Anexo_5_Materiais_de_construção_e_congêneres.xlsx|Mat_Const
10|50.0|10.050.00|73089090|Telhas metálicas|DECRETO ICMS/PB Nº 44.681/23|2024-01-01 00:00:00||0.2|0.42|0.00|0.00|0.00|0.00|0.00|0.00|0.00|0.00|0.00||0.704|0.6507499999999997|0.562|0.00|0.00|0.00|0.00|0.00|0.00|0.00|0.00|0.00|0.00|0.00|0.00|0.00|0.00|||||Anexo_5_Materiais_de_construção_e_congêneres.xlsx|Mat_Const
10|51.0|10.051.00|7310|Caixas diversas (tais como caixa de correio, de entrada de água, de energia, de instalação) de ferro fundido, ferro ou aço; próprias para a construção|DECRETO ICMS/PB Nº 39.158|2019-05-07 00:00:00|2023-12-31 00:00:00|0.18|0.59|0.00|0.00|0.00|0.00|0.00|0.00|0.00|0.00|0.00||0.861463414634146|0.8032926829268288|0.7063414634146337|0.00|0.00|0.00|0.00|0.00|0.00|0.00|0.00|0.00|0.00|0.00|0.00|0.00|0.00|||||Anexo_5_Materiais_de_construção_e_congêneres.xlsx|Mat_Const
10|51.0|10.051.00|7310|Caixas diversas (tais como caixa de correio, de entrada de água, de energia, de instalação) de ferro fundido, ferro ou aço; próprias para a construção|DECRETO ICMS/PB Nº 44.681/23//DECRETO  ICMS/PB Nº 45.112/24|2024-01-01 00:00:00|2024-05-31 00:00:00|0.2|0.59|0.00|0.00|0.00|0.00|0.00|0.00|0.00|0.00|0.00||0.9079999999999997|0.8483749999999994|0.7489999999999997|0.00|0.00|0.00|0.00|0.00|0.00|0.00|0.00|0.00|0.00|0.00|0.00|0.00|0.00|||||Anexo_5_Materiais_de_construção_e_congêneres.xlsx|Mat_Const
10|52.0|10.052.00|73130000|Arame farpado, de ferro ou aço, arames ou tiras, retorcidos, mesmo farpados, de ferro ou aço, dos tipos utilizados em cercas|DECRETO ICMS/PB Nº 39.158|2019-05-07 00:00:00|2023-12-31 00:00:00|0.18|0.42|0.00|0.00|0.00|0.00|0.00|0.00|0.00|0.00|0.00||0.6624390243902438|0.6104878048780484|0.5239024390243903|0.00|0.00|0.00|0.00|0.00|0.00|0.00|0.00|0.00|0.00|0.00|0.00|0.00|0.00|||||Anexo_5_Materiais_de_construção_e_congêneres.xlsx|Mat_Const
10|52.0|10.052.00|73130000|Arame farpado, de ferro ou aço, arames ou tiras, retorcidos, mesmo farpados, de ferro ou aço, dos tipos utilizados em cercas|DECRETO ICMS/PB Nº 44.681/23|2024-01-01 00:00:00||0.2|0.42|0.00|0.00|0.00|0.00|0.00|0.00|0.00|0.00|0.00||0.704|0.6507499999999997|0.562|0.00|0.00|0.00|0.00|0.00|0.00|0.00|0.00|0.00|0.00|0.00|0.00|0.00|0.00|||||Anexo_5_Materiais_de_construção_e_congêneres.xlsx|Mat_Const
10|53.0|10.053.00|7314|Telas metálicas, grades e redes, de fios de ferro ou aço|DECRETO ICMS/PB Nº 39.158|2019-05-07 00:00:00|2023-12-31 00:00:00|0.18|0.33|0.00|0.00|0.00|0.00|0.00|0.00|0.00|0.00|0.00||0.5570731707317071|0.5084146341463411|0.42731707317073164|0.00|0.00|0.00|0.00|0.00|0.00|0.00|0.00|0.00|0.00|0.00|0.00|0.00|0.00|||||Anexo_5_Materiais_de_construção_e_congêneres.xlsx|Mat_Const
10|53.0|10.053.00|7314|Telas metálicas, grades e redes, de fios de ferro ou aço|DECRETO ICMS/PB Nº 44.681/23|2024-01-01 00:00:00||0.2|0.33|0.00|0.00|0.00|0.00|0.00|0.00|0.00|0.00|0.00||0.5959999999999999|0.5461249999999997|0.4630000000000001|0.00|0.00|0.00|0.00|0.00|0.00|0.00|0.00|0.00|0.00|0.00|0.00|0.00|0.00|||||Anexo_5_Materiais_de_construção_e_congêneres.xlsx|Mat_Const
10|54.0|10.054.00|73151100|Correntes de rolos, de ferro fundido, ferro ou aço|DECRETO ICMS/PB Nº 39.158|2019-05-07 00:00:00|2023-12-31 00:00:00|0.18|0.6943|0.00|0.00|0.00|0.00|0.00|0.00|0.00|0.00|0.00||0.9835707317073168|0.9215841463414631|0.8182731707317072|0.00|0.00|0.00|0.00|0.00|0.00|0.00|0.00|0.00|0.00|0.00|0.00|0.00|0.00|||||Anexo_5_Materiais_de_construção_e_congêneres.xlsx|Mat_Const
10|54.0|10.054.00|73151100|Correntes de rolos, de ferro fundido, ferro ou aço|DECRETO ICMS/PB Nº 44.681/23|2024-01-01 00:00:00||0.2|0.6943|0.00|0.00|0.00|0.00|0.00|0.00|0.00|0.00|0.00||1.0331599999999996|0.9696237499999998|0.8637300000000001|0.00|0.00|0.00|0.00|0.00|0.00|0.00|0.00|0.00|0.00|0.00|0.00|0.00|0.00|||||Anexo_5_Materiais_de_construção_e_congêneres.xlsx|Mat_Const
10|55.0|10.055.00|73151290|Outras correntes de elos articulados, de ferro fundido, ferro ou aço|DECRETO ICMS/PB Nº 39.158|2019-05-07 00:00:00|2023-12-31 00:00:00|0.18|0.6943|0.00|0.00|0.00|0.00|0.00|0.00|0.00|0.00|0.00||0.9835707317073168|0.9215841463414631|0.8182731707317072|0.00|0.00|0.00|0.00|0.00|0.00|0.00|0.00|0.00|0.00|0.00|0.00|0.00|0.00|||||Anexo_5_Materiais_de_construção_e_congêneres.xlsx|Mat_Const
10|55.0|10.055.00|73151290|Outras correntes de elos articulados, de ferro fundido, ferro ou aço|DECRETO ICMS/PB Nº 44.681/23//DECRETO  ICMS/PB Nº 45.112/24|2024-01-01 00:00:00|2024-05-31 00:00:00|0.2|0.6943|0.00|0.00|0.00|0.00|0.00|0.00|0.00|0.00|0.00||1.0331599999999996|0.9696237499999998|0.8637300000000001|0.00|0.00|0.00|0.00|0.00|0.00|0.00|0.00|0.00|0.00|0.00|0.00|0.00|0.00|||||Anexo_5_Materiais_de_construção_e_congêneres.xlsx|Mat_Const
10|56.0|10.056.00|73158200|Correntes de elos soldados, de ferro fundido, de ferro ou aço|DECRETO ICMS/PB Nº 39.158|2019-05-07 00:00:00|2023-12-31 00:00:00|0.18|0.42|0.00|0.00|0.00|0.00|0.00|0.00|0.00|0.00|0.00||0.6624390243902438|0.6104878048780484|0.5239024390243903|0.00|0.00|0.00|0.00|0.00|0.00|0.00|0.00|0.00|0.00|0.00|0.00|0.00|0.00|||||Anexo_5_Materiais_de_construção_e_congêneres.xlsx|Mat_Const
10|56.0|10.056.00|73158200|Correntes de elos soldados, de ferro fundido, de ferro ou aço|DECRETO ICMS/PB Nº 44.681/23|2024-01-01 00:00:00||0.2|0.42|0.00|0.00|0.00|0.00|0.00|0.00|0.00|0.00|0.00||0.704|0.6507499999999997|0.562|0.00|0.00|0.00|0.00|0.00|0.00|0.00|0.00|0.00|0.00|0.00|0.00|0.00|0.00|||||Anexo_5_Materiais_de_construção_e_congêneres.xlsx|Mat_Const
10|57.0|10.057.00|731700|Tachas, pregos, percevejos, escápulas, grampos ondulados ou biselados e artefatos semelhantes, de ferro fundido, ferro ou aço, mesmo com a cabeça de outra matéria, exceto cobre|DECRETO ICMS/PB Nº 39.158|2019-05-07 00:00:00|2023-12-31 00:00:00|0.18|0.41|0.00|0.00|0.00|0.00|0.00|0.00|0.00|0.00|0.00||0.6507317073170729|0.5991463414634144|0.5131707317073169|0.00|0.00|0.00|0.00|0.00|0.00|0.00|0.00|0.00|0.00|0.00|0.00|0.00|0.00|||||Anexo_5_Materiais_de_construção_e_congêneres.xlsx|Mat_Const
10|57.0|10.057.00|731700|Tachas, pregos, percevejos, escápulas, grampos ondulados ou biselados e artefatos semelhantes, de ferro fundido, ferro ou aço, mesmo com a cabeça de outra matéria, exceto cobre|DECRETO ICMS/PB Nº 44.681/23|2024-01-01 00:00:00||0.2|0.41|0.00|0.00|0.00|0.00|0.00|0.00|0.00|0.00|0.00||0.6919999999999997|0.6391249999999997|0.5509999999999997|0.00|0.00|0.00|0.00|0.00|0.00|0.00|0.00|0.00|0.00|0.00|0.00|0.00|0.00|||||Anexo_5_Materiais_de_construção_e_congêneres.xlsx|Mat_Const
10|58.0|10.058.00|7318|Parafusos, pinos ou pernos, roscados, porcas, tira-fundos, ganchos roscados, rebites, chavetas, cavilhas, contrapinos, arruelas (incluídas as de pressão) e artefatos semelhantes, de ferro fundido, ferro ou aço|DECRETO ICMS/PB Nº 39.158// Decreto 43.079/2022|2019-05-07 00:00:00|2022-05-01 00:00:00|0.18|0.46|0.00|0.00|0.00|0.00|0.00|0.00|0.00|0.00|0.00||0.7092682926829266|0.6558536585365851|0.5668292682926828|0.00|0.00|0.00|0.00|0.00|0.00|0.00|0.00|0.00|0.00|0.00|0.00|0.00|0.00|||||Anexo_5_Materiais_de_construção_e_congêneres.xlsx|Mat_Const
10|58.0|10.058.00|7318|Parafusos, pinos ou pernos, roscados, porcas, tira-fundos, ganchos roscados, rebites, chavetas, contrapinos ou troços, arruelas(anilhas) (incluídas as de pressão) e artigos semelhantes, de ferro fundido, ferro ou aço|DECRETO 43.079/2022|2022-05-02 00:00:00|2023-12-31 00:00:00|0.18|0.46|0.00|0.00|0.00|0.00|0.00|0.00|0.00|0.00|0.00||0.7092682926829266|0.6558536585365851|0.5668292682926828|0.00|0.00|0.00|0.00|0.00|0.00|0.00|0.00|0.00|0.00|0.00|0.00|0.00|0.00|||||Anexo_5_Materiais_de_construção_e_congêneres.xlsx|Mat_Const
10|58.0|10.058.00|7318|Parafusos, pinos ou pernos, roscados, porcas, tira-fundos, ganchos roscados, rebites, chavetas, contrapinos ou troços, arruelas(anilhas) (incluídas as de pressão) e artigos semelhantes, de ferro fundido, ferro ou aço|DECRETO ICMS/PB Nº 44.681/23|2024-01-01 00:00:00||0.2|0.46|0.00|0.00|0.00|0.00|0.00|0.00|0.00|0.00|0.00||0.7519999999999998|0.6972499999999997|0.6059999999999999|0.00|0.00|0.00|0.00|0.00|0.00|0.00|0.00|0.00|0.00|0.00|0.00|0.00|0.00|||||Anexo_5_Materiais_de_construção_e_congêneres.xlsx|Mat_Const
10|59.0|10.059.00|7323|Palha de ferro ou aço, exceto os de uso doméstico classificados na posição NCM 7323.10.00|DECRETO ICMS/PB Nº 39.158|2019-05-07 00:00:00|2023-12-31 00:00:00|0.18|0.6913|0.00|0.00|0.00|0.00|0.00|0.00|0.00|0.00|0.00||0.9800585365853656|0.9181817073170728|0.8150536585365853|0.00|0.00|0.00|0.00|0.00|0.00|0.00|0.00|0.00|0.00|0.00|0.00|0.00|0.00|||||Anexo_5_Materiais_de_construção_e_congêneres.xlsx|Mat_Const
10|59.0|10.059.00|7323|Palha de ferro ou aço, exceto os de uso doméstico classificados na posição NCM 7323.10.00|DECRETO ICMS/PB Nº 44.681/23//DECRETO  ICMS/PB Nº 45.112/24|2024-01-01 00:00:00|2024-05-31 00:00:00|0.2|0.6913|0.00|0.00|0.00|0.00|0.00|0.00|0.00|0.00|0.00||1.02956|0.9661362499999997|0.86043|0.00|0.00|0.00|0.00|0.00|0.00|0.00|0.00|0.00|0.00|0.00|0.00|0.00|0.00|||||Anexo_5_Materiais_de_construção_e_congêneres.xlsx|Mat_Const
10|59.1|10.059.01|7323|Esponjas, esfregões, luvas e artefatos semelhantes para limpeza, polimento e usos semelhantes, de ferro ou aço, exceto os de uso doméstico classificados na posição NCM 7323.10.00|DECRETO ICMS/PB Nº 39.158|2019-05-07 00:00:00|2023-12-31 00:00:00|0.18|0.6913|0.00|0.00|0.00|0.00|0.00|0.00|0.00|0.00|0.00||0.9800585365853656|0.9181817073170728|0.8150536585365853|0.00|0.00|0.00|0.00|0.00|0.00|0.00|0.00|0.00|0.00|0.00|0.00|0.00|0.00|||||Anexo_5_Materiais_de_construção_e_congêneres.xlsx|Mat_Const
10|59.1|10.059.01|7323|Esponjas, esfregões, luvas e artefatos semelhantes para limpeza, polimento e usos semelhantes, de ferro ou aço, exceto os de uso doméstico classificados na posição NCM 7323.10.00|DECRETO ICMS/PB Nº 44.681/23//DECRETO  ICMS/PB Nº 45.112/24|2024-01-01 00:00:00|2024-05-31 00:00:00|0.2|0.6913|0.00|0.00|0.00|0.00|0.00|0.00|0.00|0.00|0.00||1.02956|0.9661362499999997|0.86043|0.00|0.00|0.00|0.00|0.00|0.00|0.00|0.00|0.00|0.00|0.00|0.00|0.00|0.00|||||Anexo_5_Materiais_de_construção_e_congêneres.xlsx|Mat_Const
10|60.0|10.060.00|7324|Artefatos de higiene ou de toucador, e suas partes, de ferro fundido, ferro ou aço, incluídas as pias, banheiras, lavatórios, cubas, mictórios, tanques e afins de ferro fundido, ferro ou aço, para uso na construção|DECRETO ICMS/PB Nº 39.158|2019-05-07 00:00:00|2023-12-31 00:00:00|0.18|0.57|0.00|0.00|0.00|0.00|0.00|0.00|0.00|0.00|0.00||0.8380487804878045|0.7806097560975604|0.6848780487804875|0.00|0.00|0.00|0.00|0.00|0.00|0.00|0.00|0.00|0.00|0.00|0.00|0.00|0.00|||||Anexo_5_Materiais_de_construção_e_congêneres.xlsx|Mat_Const
10|60.0|10.060.00|7324|Artefatos de higiene ou de toucador, e suas partes, de ferro fundido, ferro ou aço, incluídas as pias, banheiras, lavatórios, cubas, mictórios, tanques e afins de ferro fundido, ferro ou aço, para uso na construção|DECRETO ICMS/PB Nº 44.681/23|2024-01-01 00:00:00||0.2|0.57|0.00|0.00|0.00|0.00|0.00|0.00|0.00|0.00|0.00||0.8839999999999997|0.8251249999999997|0.7269999999999999|0.00|0.00|0.00|0.00|0.00|0.00|0.00|0.00|0.00|0.00|0.00|0.00|0.00|0.00|||||Anexo_5_Materiais_de_construção_e_congêneres.xlsx|Mat_Const
10|61.0|10.061.00|7325|Outras obras moldadas, de ferro fundido, ferro ou aço, para uso na construção|DECRETO ICMS/PB Nº 39.158|2019-05-07 00:00:00|2023-12-31 00:00:00|0.18|0.57|0.00|0.00|0.00|0.00|0.00|0.00|0.00|0.00|0.00||0.8380487804878045|0.7806097560975604|0.6848780487804875|0.00|0.00|0.00|0.00|0.00|0.00|0.00|0.00|0.00|0.00|0.00|0.00|0.00|0.00|||||Anexo_5_Materiais_de_construção_e_congêneres.xlsx|Mat_Const
10|61.0|10.061.00|7325|Outras obras moldadas, de ferro fundido, ferro ou aço, para uso na construção|DECRETO ICMS/PB Nº 44.681/23|2024-01-01 00:00:00||0.2|0.57|0.00|0.00|0.00|0.00|0.00|0.00|0.00|0.00|0.00||0.8839999999999997|0.8251249999999997|0.7269999999999999|0.00|0.00|0.00|0.00|0.00|0.00|0.00|0.00|0.00|0.00|0.00|0.00|0.00|0.00|||||Anexo_5_Materiais_de_construção_e_congêneres.xlsx|Mat_Const
10|62.0|10.062.00|7326|Abraçadeiras|DECRETO ICMS/PB Nº 39.158|2019-05-07 00:00:00|2023-12-31 00:00:00|0.18|0.52|0.00|0.00|0.00|0.00|0.00|0.00|0.00|0.00|0.00||0.7795121951219512|0.72390243902439|0.6312195121951221|0.00|0.00|0.00|0.00|0.00|0.00|0.00|0.00|0.00|0.00|0.00|0.00|0.00|0.00|||||Anexo_5_Materiais_de_construção_e_congêneres.xlsx|Mat_Const
10|62.0|10.062.00|7326|Abraçadeiras|DECRETO ICMS/PB Nº 44.681/23//DECRETO  ICMS/PB Nº 45.112/24|2024-01-01 00:00:00|2024-05-31 00:00:00|0.2|0.52|0.00|0.00|0.00|0.00|0.00|0.00|0.00|0.00|0.00||0.8240000000000001|0.7669999999999999|0.6720000000000002|0.00|0.00|0.00|0.00|0.00|0.00|0.00|0.00|0.00|0.00|0.00|0.00|0.00|0.00|||||Anexo_5_Materiais_de_construção_e_congêneres.xlsx|Mat_Const
10|63.0|10.063.00|7407|Barras de cobre|DECRETO ICMS/PB Nº 39.158|2019-05-07 00:00:00|2023-12-31 00:00:00|0.18|0.38|0.00|0.00|0.00|0.00|0.00|0.00|0.00|0.00|0.00||0.6156097560975606|0.565121951219512|0.4809756097560973|0.00|0.00|0.00|0.00|0.00|0.00|0.00|0.00|0.00|0.00|0.00|0.00|0.00|0.00|||||Anexo_5_Materiais_de_construção_e_congêneres.xlsx|Mat_Const
10|63.0|10.063.00|7407|Barras de cobre|DECRETO ICMS/PB Nº 44.681/23|2024-01-01 00:00:00||0.2|0.38|0.00|0.00|0.00|0.00|0.00|0.00|0.00|0.00|0.00||0.6559999999999997|0.6042499999999997|0.5179999999999998|0.00|0.00|0.00|0.00|0.00|0.00|0.00|0.00|0.00|0.00|0.00|0.00|0.00|0.00|||||Anexo_5_Materiais_de_construção_e_congêneres.xlsx|Mat_Const
10|64.0|10.064.00|74111010|Tubos de cobre e suas ligas, para instalações de água quente e gás, para uso na construção|DECRETO ICMS/PB Nº 39.158|2019-05-07 00:00:00|2023-12-31 00:00:00|0.18|0.32|0.00|0.00|0.00|0.00|0.00|0.00|0.00|0.00|0.00||0.5453658536585366|0.4970731707317073|0.41658536585365846|0.00|0.00|0.00|0.00|0.00|0.00|0.00|0.00|0.00|0.00|0.00|0.00|0.00|0.00|||||Anexo_5_Materiais_de_construção_e_congêneres.xlsx|Mat_Const
10|64.0|10.064.00|74111010|Tubos de cobre e suas ligas, para instalações de água quente e gás, para uso na construção|DECRETO ICMS/PB Nº 44.681/23|2024-01-01 00:00:00||0.2|0.32|0.00|0.00|0.00|0.00|0.00|0.00|0.00|0.00|0.00||0.5840000000000001|0.5345|0.45199999999999996|0.00|0.00|0.00|0.00|0.00|0.00|0.00|0.00|0.00|0.00|0.00|0.00|0.00|0.00|||||Anexo_5_Materiais_de_construção_e_congêneres.xlsx|Mat_Const
10|65.0|10.065.00|7412|Acessórios para tubos (por exemplo, uniões, cotovelos, luvas ou mangas) de cobre e suas ligas, para uso na construção|DECRETO ICMS/PB Nº 39.158|2019-05-07 00:00:00|2023-12-31 00:00:00|0.18|0.31|0.00|0.00|0.00|0.00|0.00|0.00|0.00|0.00|0.00||0.5336585365853659|0.48573170731707305|0.4058536585365853|0.00|0.00|0.00|0.00|0.00|0.00|0.00|0.00|0.00|0.00|0.00|0.00|0.00|0.00|||||Anexo_5_Materiais_de_construção_e_congêneres.xlsx|Mat_Const
10|65.0|10.065.00|7412|Acessórios para tubos (por exemplo, uniões, cotovelos, luvas ou mangas) de cobre e suas ligas, para uso na construção|DECRETO ICMS/PB Nº 44.681/23|2024-01-01 00:00:00||0.2|0.31|0.00|0.00|0.00|0.00|0.00|0.00|0.00|0.00|0.00||0.5720000000000001|0.5228749999999998|0.44100000000000006|0.00|0.00|0.00|0.00|0.00|0.00|0.00|0.00|0.00|0.00|0.00|0.00|0.00|0.00|||||Anexo_5_Materiais_de_construção_e_congêneres.xlsx|Mat_Const
10|66.0|10.066.00|7415|Tachas, pregos, percevejos, escápulas e artefatos semelhantes, de cobre, ou de ferro ou aço com cabeça de cobre, parafusos, pinos ou pernos, roscados, porcas, ganchos roscados, rebites, chavetas, cavilhas, contrapinos, arruelas (incluídas as de pressão), e artefatos semelhantes, de cobre|DECRETO ICMS/PB Nº 39.158|2019-05-07 00:00:00|2023-12-31 00:00:00|0.18|0.37|0.00|0.00|0.00|0.00|0.00|0.00|0.00|0.00|0.00||0.6039024390243903|0.553780487804878|0.47024390243902436|0.00|0.00|0.00|0.00|0.00|0.00|0.00|0.00|0.00|0.00|0.00|0.00|0.00|0.00|||||Anexo_5_Materiais_de_construção_e_congêneres.xlsx|Mat_Const
10|66.0|10.066.00|7415|Tachas, pregos, percevejos, escápulas e artefatos semelhantes, de cobre, ou de ferro ou aço com cabeça de cobre, parafusos, pinos ou pernos, roscados, porcas, ganchos roscados, rebites, chavetas, cavilhas, contrapinos, arruelas (incluídas as de pressão), e artefatos semelhantes, de cobre|DECRETO ICMS/PB Nº 44.681/23|2024-01-01 00:00:00||0.2|0.37|0.00|0.00|0.00|0.00|0.00|0.00|0.00|0.00|0.00||0.6440000000000001|0.592625|0.5069999999999999|0.00|0.00|0.00|0.00|0.00|0.00|0.00|0.00|0.00|0.00|0.00|0.00|0.00|0.00|||||Anexo_5_Materiais_de_construção_e_congêneres.xlsx|Mat_Const
10|67.0|10.067.00|74182000|Artefatos de higiene/toucador de cobre, para uso na construção|DECRETO ICMS/PB Nº 39.158|2019-05-07 00:00:00|2023-12-31 00:00:00|0.18|0.44|0.00|0.00|0.00|0.00|0.00|0.00|0.00|0.00|0.00||0.6858536585365851|0.633170731707317|0.5453658536585364|0.00|0.00|0.00|0.00|0.00|0.00|0.00|0.00|0.00|0.00|0.00|0.00|0.00|0.00|||||Anexo_5_Materiais_de_construção_e_congêneres.xlsx|Mat_Const
10|67.0|10.067.00|74182000|Artefatos de higiene/toucador de cobre, para uso na construção|DECRETO ICMS/PB Nº 44.681/23|2024-01-01 00:00:00||0.2|0.44|0.00|0.00|0.00|0.00|0.00|0.00|0.00|0.00|0.00||0.7279999999999998|0.6739999999999999|0.5839999999999999|0.00|0.00|0.00|0.00|0.00|0.00|0.00|0.00|0.00|0.00|0.00|0.00|0.00|0.00|||||Anexo_5_Materiais_de_construção_e_congêneres.xlsx|Mat_Const
10|68.0|10.068.00|76071990|Manta de subcobertura aluminizada|DECRETO ICMS/PB Nº 39.158|2019-05-07 00:00:00|2023-12-31 00:00:00|0.18|0.34|0.00|0.00|0.00|0.00|0.00|0.00|0.00|0.00|0.00||0.5687804878048779|0.5197560975609754|0.4380487804878048|0.00|0.00|0.00|0.00|0.00|0.00|0.00|0.00|0.00|0.00|0.00|0.00|0.00|0.00|||||Anexo_5_Materiais_de_construção_e_congêneres.xlsx|Mat_Const
10|68.0|10.068.00|76071990|Manta de subcobertura aluminizada|DECRETO ICMS/PB Nº 44.681/23|2024-01-01 00:00:00||0.2|0.34|0.00|0.00|0.00|0.00|0.00|0.00|0.00|0.00|0.00||0.6079999999999999|0.55775|0.474|0.00|0.00|0.00|0.00|0.00|0.00|0.00|0.00|0.00|0.00|0.00|0.00|0.00|0.00|||||Anexo_5_Materiais_de_construção_e_congêneres.xlsx|Mat_Const
10|69.0|10.069.00|7608|Tubos de alumínio e suas ligas, para refrigeração e ar condicionado, para uso na construção|DECRETO ICMS/PB Nº 39.158|2019-05-07 00:00:00|2023-12-31 00:00:00|0.18|0.4|0.00|0.00|0.00|0.00|0.00|0.00|0.00|0.00|0.00||0.6390243902439021|0.5878048780487801|0.5024390243902437|0.00|0.00|0.00|0.00|0.00|0.00|0.00|0.00|0.00|0.00|0.00|0.00|0.00|0.00|||||Anexo_5_Materiais_de_construção_e_congêneres.xlsx|Mat_Const
10|69.0|10.069.00|7608|Tubos de alumínio e suas ligas, para refrigeração e ar condicionado, para uso na construção|DECRETO ICMS/PB Nº 44.681/23|2024-01-01 00:00:00||0.2|0.4|0.00|0.00|0.00|0.00|0.00|0.00|0.00|0.00|0.00||0.6799999999999997|0.6274999999999997|0.5399999999999998|0.00|0.00|0.00|0.00|0.00|0.00|0.00|0.00|0.00|0.00|0.00|0.00|0.00|0.00|||||Anexo_5_Materiais_de_construção_e_congêneres.xlsx|Mat_Const
10|70.0|10.070.00|76090000|Acessórios para tubos (por exemplo, uniões, cotovelos, luvas ou mangas), de alumínio, para uso na construção|DECRETO ICMS/PB Nº 39.158|2019-05-07 00:00:00|2023-12-31 00:00:00|0.18|0.4|0.00|0.00|0.00|0.00|0.00|0.00|0.00|0.00|0.00||0.6390243902439021|0.5878048780487801|0.5024390243902437|0.00|0.00|0.00|0.00|0.00|0.00|0.00|0.00|0.00|0.00|0.00|0.00|0.00|0.00|||||Anexo_5_Materiais_de_construção_e_congêneres.xlsx|Mat_Const
10|70.0|10.070.00|76090000|Acessórios para tubos (por exemplo, uniões, cotovelos, luvas ou mangas), de alumínio, para uso na construção|DECRETO ICMS/PB Nº 44.681/23|2024-01-01 00:00:00||0.2|0.4|0.00|0.00|0.00|0.00|0.00|0.00|0.00|0.00|0.00||0.6799999999999997|0.6274999999999997|0.5399999999999998|0.00|0.00|0.00|0.00|0.00|0.00|0.00|0.00|0.00|0.00|0.00|0.00|0.00|0.00|||||Anexo_5_Materiais_de_construção_e_congêneres.xlsx|Mat_Const
10|71.0|10.071.00|7610|Construções e suas partes (por exemplo, pontes e elementos de pontes, torres, pórticos ou pilones, pilares, colunas, armações, estruturas para telhados, portas e janelas, e seus caixilhos, alizares e soleiras, balaustradas), de alumínio, exceto as construções pré-fabricadas da posição 9406; chapas, barras, perfis, tubos e semelhantes, de alumínio, próprios para construções|DECRETO ICMS/PB Nº 39.158|2019-05-07 00:00:00|2023-12-31 00:00:00|0.18|0.32|0.00|0.00|0.00|0.00|0.00|0.00|0.00|0.00|0.00||0.5453658536585366|0.4970731707317073|0.41658536585365846|0.00|0.00|0.00|0.00|0.00|0.00|0.00|0.00|0.00|0.00|0.00|0.00|0.00|0.00|||||Anexo_5_Materiais_de_construção_e_congêneres.xlsx|Mat_Const
10|71.0|10.071.00|7610|Construções e suas partes (por exemplo, pontes e elementos de pontes, torres, pórticos ou pilones, pilares, colunas, armações, estruturas para telhados, portas e janelas, e seus caixilhos, alizares e soleiras, balaustradas), de alumínio, exceto as construções pré-fabricadas da posição 9406; chapas, barras, perfis, tubos e semelhantes, de alumínio, próprios para construções|DECRETO ICMS/PB Nº 44.681/23|2024-01-01 00:00:00||0.2|0.32|0.00|0.00|0.00|0.00|0.00|0.00|0.00|0.00|0.00||0.5840000000000001|0.5345|0.45199999999999996|0.00|0.00|0.00|0.00|0.00|0.00|0.00|0.00|0.00|0.00|0.00|0.00|0.00|0.00|||||Anexo_5_Materiais_de_construção_e_congêneres.xlsx|Mat_Const
10|72.0|10.072.00|76152000|Artefatos de higiene/toucador de alumínio, para uso na construção|DECRETO ICMS/PB Nº 39.158|2019-05-07 00:00:00|2023-12-31 00:00:00|0.18|0.46|0.00|0.00|0.00|0.00|0.00|0.00|0.00|0.00|0.00||0.7092682926829266|0.6558536585365851|0.5668292682926828|0.00|0.00|0.00|0.00|0.00|0.00|0.00|0.00|0.00|0.00|0.00|0.00|0.00|0.00|||||Anexo_5_Materiais_de_construção_e_congêneres.xlsx|Mat_Const
10|72.0|10.072.00|76152000|Artefatos de higiene/toucador de alumínio, para uso na construção|DECRETO ICMS/PB Nº 44.681/23|2024-01-01 00:00:00||0.2|0.46|0.00|0.00|0.00|0.00|0.00|0.00|0.00|0.00|0.00||0.7519999999999998|0.6972499999999997|0.6059999999999999|0.00|0.00|0.00|0.00|0.00|0.00|0.00|0.00|0.00|0.00|0.00|0.00|0.00|0.00|||||Anexo_5_Materiais_de_construção_e_congêneres.xlsx|Mat_Const
10|73.0|10.073.00|7616|Outras obras de alumínio, próprias para construções, incluídas as persianas|DECRETO ICMS/PB Nº 39.158|2019-05-07 00:00:00|2023-12-31 00:00:00|0.18|0.37|0.00|0.00|0.00|0.00|0.00|0.00|0.00|0.00|0.00||0.6039024390243903|0.553780487804878|0.47024390243902436|0.00|0.00|0.00|0.00|0.00|0.00|0.00|0.00|0.00|0.00|0.00|0.00|0.00|0.00|||||Anexo_5_Materiais_de_construção_e_congêneres.xlsx|Mat_Const
10|73.0|10.073.00|7616|Outras obras de alumínio, próprias para construções, incluídas as persianas|DECRETO ICMS/PB Nº 44.681/23//DECRETO  ICMS/PB Nº 45.112/24|2024-01-01 00:00:00|2024-05-31 00:00:00|0.2|0.37|0.00|0.00|0.00|0.00|0.00|0.00|0.00|0.00|0.00||0.6440000000000001|0.592625|0.5069999999999999|0.00|0.00|0.00|0.00|0.00|0.00|0.00|0.00|0.00|0.00|0.00|0.00|0.00|0.00|||||Anexo_5_Materiais_de_construção_e_congêneres.xlsx|Mat_Const
10|74.0|10.074.00|83024100|Outras guarnições, ferragens e artigos semelhantes de metais comuns, para construções, inclusive puxadores.|DECRETO ICMS/PB Nº 39.158|2019-05-07 00:00:00|2023-12-31 00:00:00|0.18|0.36|0.00|0.00|0.00|0.00|0.00|0.00|0.00|0.00|0.00||0.5921951219512191|0.5424390243902435|0.45951219512195096|0.00|0.00|0.00|0.00|0.00|0.00|0.00|0.00|0.00|0.00|0.00|0.00|0.00|0.00|||||Anexo_5_Materiais_de_construção_e_congêneres.xlsx|Mat_Const
10|74.0|10.074.00|83024100|Outras guarnições, ferragens e artigos semelhantes de metais comuns, para construções, inclusive puxadores.|DECRETO ICMS/PB Nº 44.681/23|2024-01-01 00:00:00||0.2|0.36|0.00|0.00|0.00|0.00|0.00|0.00|0.00|0.00|0.00||0.6319999999999997|0.5809999999999995|0.4959999999999998|0.00|0.00|0.00|0.00|0.00|0.00|0.00|0.00|0.00|0.00|0.00|0.00|0.00|0.00|||||Anexo_5_Materiais_de_construção_e_congêneres.xlsx|Mat_Const
10|75.0|10.075.00|8301|Fechaduras e ferrolhos (de chave, de segredo ou elétricos), de metais comuns, incluídas as suas partes fechos e armações com fecho, com fechadura, de metais comuns chaves para estes artigos, de metais comuns; exceto os de uso automotivo|DECRETO ICMS/PB Nº 39.158|2019-05-07 00:00:00|2023-12-31 00:00:00|0.18|0.41|0.00|0.00|0.00|0.00|0.00|0.00|0.00|0.00|0.00||0.6507317073170729|0.5991463414634144|0.5131707317073169|0.00|0.00|0.00|0.00|0.00|0.00|0.00|0.00|0.00|0.00|0.00|0.00|0.00|0.00|||||Anexo_5_Materiais_de_construção_e_congêneres.xlsx|Mat_Const
10|75.0|10.075.00|8301|Fechaduras e ferrolhos (de chave, de segredo ou elétricos), de metais comuns, incluídas as suas partes fechos e armações com fecho, com fechadura, de metais comuns chaves para estes artigos, de metais comuns; exceto os de uso automotivo|DECRETO ICMS/PB Nº 44.681/23|2024-01-01 00:00:00||0.2|0.41|0.00|0.00|0.00|0.00|0.00|0.00|0.00|0.00|0.00||0.6919999999999997|0.6391249999999997|0.5509999999999997|0.00|0.00|0.00|0.00|0.00|0.00|0.00|0.00|0.00|0.00|0.00|0.00|0.00|0.00|||||Anexo_5_Materiais_de_construção_e_congêneres.xlsx|Mat_Const
10|76.0|10.076.00|83021000|Dobradiças de metais comuns, de qualquer tipo|DECRETO ICMS/PB Nº 39.158|2019-05-07 00:00:00|2023-12-31 00:00:00|0.18|0.46|0.00|0.00|0.00|0.00|0.00|0.00|0.00|0.00|0.00||0.7092682926829266|0.6558536585365851|0.5668292682926828|0.00|0.00|0.00|0.00|0.00|0.00|0.00|0.00|0.00|0.00|0.00|0.00|0.00|0.00|||||Anexo_5_Materiais_de_construção_e_congêneres.xlsx|Mat_Const
10|76.0|10.076.00|83021000|Dobradiças de metais comuns, de qualquer tipo|DECRETO ICMS/PB Nº 44.681/23|2024-01-01 00:00:00||0.2|0.46|0.00|0.00|0.00|0.00|0.00|0.00|0.00|0.00|0.00||0.7519999999999998|0.6972499999999997|0.6059999999999999|0.00|0.00|0.00|0.00|0.00|0.00|0.00|0.00|0.00|0.00|0.00|0.00|0.00|0.00|||||Anexo_5_Materiais_de_construção_e_congêneres.xlsx|Mat_Const
10|77.0|10.077.00|8307|Tubos flexíveis de metais comuns, mesmo com acessórios, para uso na construção|DECRETO ICMS/PB Nº 39.158|2019-05-07 00:00:00|2023-12-31 00:00:00|0.18|0.37|0.00|0.00|0.00|0.00|0.00|0.00|0.00|0.00|0.00||0.6039024390243903|0.553780487804878|0.47024390243902436|0.00|0.00|0.00|0.00|0.00|0.00|0.00|0.00|0.00|0.00|0.00|0.00|0.00|0.00|||||Anexo_5_Materiais_de_construção_e_congêneres.xlsx|Mat_Const
10|77.0|10.077.00|8307|Tubos flexíveis de metais comuns, mesmo com acessórios, para uso na construção|DECRETO ICMS/PB Nº 44.681/23|2024-01-01 00:00:00||0.2|0.37|0.00|0.00|0.00|0.00|0.00|0.00|0.00|0.00|0.00||0.6440000000000001|0.592625|0.5069999999999999|0.00|0.00|0.00|0.00|0.00|0.00|0.00|0.00|0.00|0.00|0.00|0.00|0.00|0.00|||||Anexo_5_Materiais_de_construção_e_congêneres.xlsx|Mat_Const
10|78.0|10.078.00|8311|Fios, varetas, tubos, chapas, eletrodos e artefatos semelhantes, de metais comuns ou de carbonetos metálicos, revestidos exterior ou interiormente de decapantes ou de fundentes, para soldagem (soldadura) ou depósito de metal ou de carbonetos metálicos fios e varetas de pós de metais comuns aglomerados, para metalização por projeção|DECRETO ICMS/PB Nº 39.158|2019-05-07 00:00:00|2023-12-31 00:00:00|0.18|0.41|0.00|0.00|0.00|0.00|0.00|0.00|0.00|0.00|0.00||0.6507317073170729|0.5991463414634144|0.5131707317073169|0.00|0.00|0.00|0.00|0.00|0.00|0.00|0.00|0.00|0.00|0.00|0.00|0.00|0.00|||||Anexo_5_Materiais_de_construção_e_congêneres.xlsx|Mat_Const
10|78.0|10.078.00|8311|Fios, varetas, tubos, chapas, eletrodos e artefatos semelhantes, de metais comuns ou de carbonetos metálicos, revestidos exterior ou interiormente de decapantes ou de fundentes, para soldagem (soldadura) ou depósito de metal ou de carbonetos metálicos fios e varetas de pós de metais comuns aglomerados, para metalização por projeção|DECRETO ICMS/PB Nº 44.681/23|2024-01-01 00:00:00||0.2|0.41|0.00|0.00|0.00|0.00|0.00|0.00|0.00|0.00|0.00||0.6919999999999997|0.6391249999999997|0.5509999999999997|0.00|0.00|0.00|0.00|0.00|0.00|0.00|0.00|0.00|0.00|0.00|0.00|0.00|0.00|||||Anexo_5_Materiais_de_construção_e_congêneres.xlsx|Mat_Const
10|79.0|10.079.00|8481|Torneiras, válvulas (incluídas as redutoras de pressão e as termostáticas) e dispositivos semelhantes, para canalizações, caldeiras, reservatórios, cubas e outros recipientes|DECRETO ICMS/PB Nº 39.158|2019-05-07 00:00:00|2023-12-31 00:00:00|0.18|0.34|0.00|0.00|0.00|0.00|0.00|0.00|0.00|0.00|0.00||0.5687804878048779|0.5197560975609754|0.4380487804878048|0.00|0.00|0.00|0.00|0.00|0.00|0.00|0.00|0.00|0.00|0.00|0.00|0.00|0.00|||||Anexo_5_Materiais_de_construção_e_congêneres.xlsx|Mat_Const
10|79.0|10.079.00|8481|Torneiras, válvulas (incluídas as redutoras de pressão e as termostáticas) e dispositivos semelhantes, para canalizações, caldeiras, reservatórios, cubas e outros recipientes|DECRETO ICMS/PB Nº 44.681/23|2024-01-01 00:00:00||0.2|0.34|0.00|0.00|0.00|0.00|0.00|0.00|0.00|0.00|0.00||0.6079999999999999|0.55775|0.474|0.00|0.00|0.00|0.00|0.00|0.00|0.00|0.00|0.00|0.00|0.00|0.00|0.00|0.00|||||Anexo_5_Materiais_de_construção_e_congêneres.xlsx|Mat_Const
10|80.0|10.080.00|7009|Espelhos de vidro, mesmo emoldurados, exceto os de uso automotivo|DECRETO ICMS/PB Nº 39.158|2019-05-07 00:00:00|2023-12-31 00:00:00|0.18|0.3656|0.00|0.00|0.00|0.00|0.00|0.00|0.00|0.00|0.00||0.5987512195121949|0.5487902439024386|0.4655219512195119|0.00|0.00|0.00|0.00|0.00|0.00|0.00|0.00|0.00|0.00|0.00|0.00|0.00|0.00|||||Anexo_5_Materiais_de_construção_e_congêneres.xlsx|Mat_Const
10|80.0|10.080.00|7009|Espelhos de vidro, mesmo emoldurados, exceto os de uso automotivo|DECRETO ICMS/PB Nº 44.681/23|2024-01-01 00:00:00||0.2|0.3656|0.00|0.00|0.00|0.00|0.00|0.00|0.00|0.00|0.00||0.6387199999999997|0.5875099999999998|0.5021599999999997|0.00|0.00|0.00|0.00|0.00|0.00|0.00|0.00|0.00|0.00|0.00|0.00|0.00|0.00|||||Anexo_5_Materiais_de_construção_e_congêneres.xlsx|Mat_Const
12|1.0|12.001.00|8504|Transformadores, bobinas de reatância e de auto indução, inclusive os transformadores de potência superior a 16 KVA, classificados nas posições 8504.33.00 e 8504.34.00; exceto os demais transformadores da subposição 8504.3, os reatores para lâmpadas elétricas de descarga classificados no código 8504.10.00, os carregadores de acumuladores do código 8504.40.10, os equipamentos de alimentação ininterrupta de energia (UPS ou “no break”), no código 8504.40.40 e os de uso automotivo|DECRETO ICMS/PB Nº 39.158|2019-05-07 00:00:00|2023-12-31 00:00:00|0.18|0.48|0.00|0.00|0.00|0.00|0.00|0.00|0.00|0.00|0.00||0.732682926829268|0.6785365853658534|0.5882926829268291|0.00|0.00|0.00|0.00|0.00|0.00|0.00|0.00|0.00|0.00|0.00|0.00|0.00|0.00|||||Anexo_5_Materiais_elétricos.xlsx|Mat_Eletricos
12|1.0|12.001.00|8504|Transformadores, bobinas de reatância e de auto indução, inclusive os transformadores de potência superior a 16 KVA, classificados nas posições 8504.33.00 e 8504.34.00; exceto os demais transformadores da subposição 8504.3, os reatores para lâmpadas elétricas de descarga classificados no código 8504.10.00, os carregadores de acumuladores do código 8504.40.10, os equipamentos de alimentação ininterrupta de energia (UPS ou “no break”), no código 8504.40.40 e os de uso automotivo|DECRETO ICMS/PB Nº 44.681/23|2024-01-01 00:00:00||0.2|0.48|0.00|0.00|0.00|0.00|0.00|0.00|0.00|0.00|0.00||0.7759999999999998|0.7204999999999997|0.6279999999999999|0.00|0.00|0.00|0.00|0.00|0.00|0.00|0.00|0.00|0.00|0.00|0.00|0.00|0.00|||||Anexo_5_Materiais_elétricos.xlsx|Mat_Eletricos
12|2.0|12.002.00|8516|Aquecedores elétricos de água, incluídos os de imersão, chuveiros ou duchas elétricos, torneiras elétricas, resistências de aquecimento, inclusive as de duchas e chuveiros elétricos e suas partes; exceto outros fornos, fogareiros (incluídas as chapas de cocção), grelhas e assadeiras, classificados na posição 8516.60.00|DECRETO ICMS/PB Nº 39.158|2019-05-07 00:00:00|2023-12-31 00:00:00|0.18|0.37|0.00|0.00|0.00|0.00|0.00|0.00|0.00|0.00|0.00||0.6039024390243903|0.553780487804878|0.47024390243902436|0.00|0.00|0.00|0.00|0.00|0.00|0.00|0.00|0.00|0.00|0.00|0.00|0.00|0.00|||||Anexo_5_Materiais_elétricos.xlsx|Mat_Eletricos
12|2.0|12.002.00|8516|Aquecedores elétricos de água, incluídos os de imersão, chuveiros ou duchas elétricos, torneiras elétricas, resistências de aquecimento, inclusive as de duchas e chuveiros elétricos e suas partes; exceto outros fornos, fogareiros (incluídas as chapas de cocção), grelhas e assadeiras, classificados na posição 8516.60.00|DECRETO ICMS/PB Nº 44.681/23|2024-01-01 00:00:00||0.2|0.37|0.00|0.00|0.00|0.00|0.00|0.00|0.00|0.00|0.00||0.6440000000000001|0.592625|0.5069999999999999|0.00|0.00|0.00|0.00|0.00|0.00|0.00|0.00|0.00|0.00|0.00|0.00|0.00|0.00|||||Anexo_5_Materiais_elétricos.xlsx|Mat_Eletricos
12|3.0|12.003.00|8535|Aparelhos para interrupção, seccionamento, proteção, derivação, ligação ou conexão de circuitos elétricos (por exemplo, interruptores, comutadores, corta-circuitos, para-raios, limitadores de tensão, eliminadores de onda, tomadas de corrente e outros conectores, caixas de junção), para tensão superior a 1.000V, exceto os de uso automotivo|DECRETO ICMS/PB Nº 39.158|2019-05-07 00:00:00|2023-12-31 00:00:00|0.18|0.42|0.00|0.00|0.00|0.00|0.00|0.00|0.00|0.00|0.00||0.6624390243902438|0.6104878048780484|0.5239024390243903|0.00|0.00|0.00|0.00|0.00|0.00|0.00|0.00|0.00|0.00|0.00|0.00|0.00|0.00|||||Anexo_5_Materiais_elétricos.xlsx|Mat_Eletricos
12|3.0|12.003.00|8535|Aparelhos para interrupção, seccionamento, proteção, derivação, ligação ou conexão de circuitos elétricos (por exemplo, interruptores, comutadores, corta-circuitos, para-raios, limitadores de tensão, eliminadores de onda, tomadas de corrente e outros conectores, caixas de junção), para tensão superior a 1.000V, exceto os de uso automotivo|DECRETO ICMS/PB Nº 44.681/23|2024-01-01 00:00:00||0.2|0.42|0.00|0.00|0.00|0.00|0.00|0.00|0.00|0.00|0.00||0.704|0.6507499999999997|0.562|0.00|0.00|0.00|0.00|0.00|0.00|0.00|0.00|0.00|0.00|0.00|0.00|0.00|0.00|||||Anexo_5_Materiais_elétricos.xlsx|Mat_Eletricos
12|4.0|12.004.00|8536|Aparelhos para interrupção, seccionamento, proteção, derivação, ligação ou conexão de circuitos elétricos (por exemplo, interruptores, comutadores, relés, corta-circuitos, eliminadores de onda, plugues e tomadas de corrente, suportes para lâmpadas e outros conectores, caixas de junção), para uma tensão não superior a 1.000V; conectores para fibras ópticas, feixes ou cabos de fibras ópticas; exceto “starter” classificado na subposição 8536.50 e os de uso automotivo|DECRETO ICMS/PB Nº 39.158|2019-05-07 00:00:00|2023-12-31 00:00:00|0.18|0.38|0.00|0.00|0.00|0.00|0.00|0.00|0.00|0.00|0.00||0.6156097560975606|0.565121951219512|0.4809756097560973|0.00|0.00|0.00|0.00|0.00|0.00|0.00|0.00|0.00|0.00|0.00|0.00|0.00|0.00|||||Anexo_5_Materiais_elétricos.xlsx|Mat_Eletricos
12|4.0|12.004.00|8536|Aparelhos para interrupção, seccionamento, proteção, derivação, ligação ou conexão de circuitos elétricos (por exemplo, interruptores, comutadores, relés, corta-circuitos, eliminadores de onda, plugues e tomadas de corrente, suportes para lâmpadas e outros conectores, caixas de junção), para uma tensão não superior a 1.000V; conectores para fibras ópticas, feixes ou cabos de fibras ópticas; exceto “starter” classificado na subposição 8536.50 e os de uso automotivo|DECRETO ICMS/PB Nº 44.681/23|2024-01-01 00:00:00||0.2|0.38|0.00|0.00|0.00|0.00|0.00|0.00|0.00|0.00|0.00||0.6559999999999997|0.6042499999999997|0.5179999999999998|0.00|0.00|0.00|0.00|0.00|0.00|0.00|0.00|0.00|0.00|0.00|0.00|0.00|0.00|||||Anexo_5_Materiais_elétricos.xlsx|Mat_Eletricos
12|5.0|12.005.00|8538|Partes reconhecíveis como exclusiva ou principalmente destinadas aos aparelhos das posições 8535 e 8536|DECRETO ICMS/PB Nº 39.158|2019-05-07 00:00:00|2023-12-31 00:00:00|0.18|0.41|0.00|0.00|0.00|0.00|0.00|0.00|0.00|0.00|0.00||0.6507317073170729|0.5991463414634144|0.5131707317073169|0.00|0.00|0.00|0.00|0.00|0.00|0.00|0.00|0.00|0.00|0.00|0.00|0.00|0.00|||||Anexo_5_Materiais_elétricos.xlsx|Mat_Eletricos
12|5.0|12.005.00|8538|Partes reconhecíveis como exclusiva ou principalmente destinadas aos aparelhos das posições 8535 e 8536|DECRETO ICMS/PB Nº 44.681/23|2024-01-01 00:00:00||0.2|0.41|0.00|0.00|0.00|0.00|0.00|0.00|0.00|0.00|0.00||0.6919999999999997|0.6391249999999997|0.5509999999999997|0.00|0.00|0.00|0.00|0.00|0.00|0.00|0.00|0.00|0.00|0.00|0.00|0.00|0.00|||||Anexo_5_Materiais_elétricos.xlsx|Mat_Eletricos
12|6.0|12.006.00|74130000|Cabos, tranças e semelhantes, de cobre, não isolados para usos elétricos, exceto os de uso automotivo|DECRETO ICMS/PB Nº 39.158|2019-05-07 00:00:00|2023-12-31 00:00:00|0.18|0.39|0.00|0.00|0.00|0.00|0.00|0.00|0.00|0.00|0.00||0.6273170731707316|0.5764634146341461|0.4917073170731707|0.00|0.00|0.00|0.00|0.00|0.00|0.00|0.00|0.00|0.00|0.00|0.00|0.00|0.00|||||Anexo_5_Materiais_elétricos.xlsx|Mat_Eletricos
12|6.0|12.006.00|74130000|Cabos, tranças e semelhantes, de cobre, não isolados para usos elétricos, exceto os de uso automotivo|DECRETO ICMS/PB Nº 44.681/23|2024-01-01 00:00:00||0.2|0.39|0.00|0.00|0.00|0.00|0.00|0.00|0.00|0.00|0.00||0.6679999999999999|0.615875|0.5289999999999999|0.00|0.00|0.00|0.00|0.00|0.00|0.00|0.00|0.00|0.00|0.00|0.00|0.00|0.00|||||Anexo_5_Materiais_elétricos.xlsx|Mat_Eletricos
12|7.0|12.007.00|7605|Fios, cabos (incluídos os cabos coaxiais) e outros condutores, isolados ou não, para usos elétricos (incluídos os de cobre ou alumínio, envernizados ou oxidados anodicamente), mesmo com peças de conexão, inclusive fios e cabos elétricos, para tensão não superior a 1000V, para uso na construção; fios e cabos telefônicos e para transmissão de dados; cabos de fibras ópticas, constituídos de fibras embainhadas individualmente, mesmo com condutores elétricos ou munidos de peças de conexão; cordas, cabos, tranças e semelhantes, de alumínio, não isolados para uso elétricos; exceto os de uso automotivo|DECRETO ICMS/PB Nº 39.158|2019-05-07 00:00:00|2023-12-31 00:00:00|0.18|0.36|0.00|0.00|0.00|0.00|0.00|0.00|0.00|0.00|0.00||0.5921951219512191|0.5424390243902435|0.45951219512195096|0.00|0.00|0.00|0.00|0.00|0.00|0.00|0.00|0.00|0.00|0.00|0.00|0.00|0.00|||||Anexo_5_Materiais_elétricos.xlsx|Mat_Eletricos
12|7.0|12.007.00|7605|Fios, cabos (incluídos os cabos coaxiais) e outros condutores, isolados ou não, para usos elétricos (incluídos os de cobre ou alumínio, envernizados ou oxidados anodicamente), mesmo com peças de conexão, inclusive fios e cabos elétricos, para tensão não superior a 1000V, para uso na construção; fios e cabos telefônicos e para transmissão de dados; cabos de fibras ópticas, constituídos de fibras embainhadas individualmente, mesmo com condutores elétricos ou munidos de peças de conexão; cordas, cabos, tranças e semelhantes, de alumínio, não isolados para uso elétricos; exceto os de uso automotivo|DECRETO ICMS/PB Nº 44.681/23|2024-01-01 00:00:00||0.2|0.36|0.00|0.00|0.00|0.00|0.00|0.00|0.00|0.00|0.00||0.6319999999999997|0.5809999999999995|0.4959999999999998|0.00|0.00|0.00|0.00|0.00|0.00|0.00|0.00|0.00|0.00|0.00|0.00|0.00|0.00|||||Anexo_5_Materiais_elétricos.xlsx|Mat_Eletricos
12|7.0|12.007.00|7614|Fios, cabos (incluídos os cabos coaxiais) e outros condutores, isolados ou não, para usos elétricos (incluídos os de cobre ou alumínio, envernizados ou oxidados anodicamente), mesmo com peças de conexão, inclusive fios e cabos elétricos, para tensão não superior a 1000V, para uso na construção; fios e cabos telefônicos e para transmissão de dados; cabos de fibras ópticas, constituídos de fibras embainhadas individualmente, mesmo com condutores elétricos ou munidos de peças de conexão; cordas, cabos, tranças e semelhantes, de alumínio, não isolados para uso elétricos; exceto os de uso automotivo|DECRETO ICMS/PB Nº 39.158|2019-05-07 00:00:00|2023-12-31 00:00:00|0.18|0.36|0.00|0.00|0.00|0.00|0.00|0.00|0.00|0.00|0.00||0.5921951219512191|0.5424390243902435|0.45951219512195096|0.00|0.00|0.00|0.00|0.00|0.00|0.00|0.00|0.00|0.00|0.00|0.00|0.00|0.00|||||Anexo_5_Materiais_elétricos.xlsx|Mat_Eletricos
12|7.0|12.007.00|7614|Fios, cabos (incluídos os cabos coaxiais) e outros condutores, isolados ou não, para usos elétricos (incluídos os de cobre ou alumínio, envernizados ou oxidados anodicamente), mesmo com peças de conexão, inclusive fios e cabos elétricos, para tensão não superior a 1000V, para uso na construção; fios e cabos telefônicos e para transmissão de dados; cabos de fibras ópticas, constituídos de fibras embainhadas individualmente, mesmo com condutores elétricos ou munidos de peças de conexão; cordas, cabos, tranças e semelhantes, de alumínio, não isolados para uso elétricos; exceto os de uso automotivo|DECRETO ICMS/PB Nº 44.681/23|2024-01-01 00:00:00||0.2|0.36|0.00|0.00|0.00|0.00|0.00|0.00|0.00|0.00|0.00||0.6319999999999997|0.5809999999999995|0.4959999999999998|0.00|0.00|0.00|0.00|0.00|0.00|0.00|0.00|0.00|0.00|0.00|0.00|0.00|0.00|||||Anexo_5_Materiais_elétricos.xlsx|Mat_Eletricos
12|7.0|12.007.00|8544|Fios, cabos (incluídos os cabos coaxiais) e outros condutores, isolados ou não, para usos elétricos (incluídos os de cobre ou alumínio, envernizados ou oxidados anodicamente), mesmo com peças de conexão, inclusive fios e cabos elétricos, para tensão não superior a 1000V, para uso na construção; fios e cabos telefônicos e para transmissão de dados; cabos de fibras ópticas, constituídos de fibras embainhadas individualmente, mesmo com condutores elétricos ou munidos de peças de conexão; cordas, cabos, tranças e semelhantes, de alumínio, não isolados para uso elétricos; exceto os de uso automotivo|DECRETO ICMS/PB Nº 39.158|2019-05-07 00:00:00|2023-12-31 00:00:00|0.18|0.36|0.00|0.00|0.00|0.00|0.00|0.00|0.00|0.00|0.00||0.5921951219512191|0.5424390243902435|0.45951219512195096|0.00|0.00|0.00|0.00|0.00|0.00|0.00|0.00|0.00|0.00|0.00|0.00|0.00|0.00|||||Anexo_5_Materiais_elétricos.xlsx|Mat_Eletricos
12|7.0|12.007.00|8544|Fios, cabos (incluídos os cabos coaxiais) e outros condutores, isolados ou não, para usos elétricos (incluídos os de cobre ou alumínio, envernizados ou oxidados anodicamente), mesmo com peças de conexão, inclusive fios e cabos elétricos, para tensão não superior a 1000V, para uso na construção; fios e cabos telefônicos e para transmissão de dados; cabos de fibras ópticas, constituídos de fibras embainhadas individualmente, mesmo com condutores elétricos ou munidos de peças de conexão; cordas, cabos, tranças e semelhantes, de alumínio, não isolados para uso elétricos; exceto os de uso automotivo|DECRETO ICMS/PB Nº 44.681/23|2024-01-01 00:00:00||0.2|0.36|0.00|0.00|0.00|0.00|0.00|0.00|0.00|0.00|0.00||0.6319999999999997|0.5809999999999995|0.4959999999999998|0.00|0.00|0.00|0.00|0.00|0.00|0.00|0.00|0.00|0.00|0.00|0.00|0.00|0.00|||||Anexo_5_Materiais_elétricos.xlsx|Mat_Eletricos
12|8.0|12.008.00|8546|Isoladores de qualquer matéria, para usos elétricos|DECRETO ICMS/PB Nº 39.158|2019-05-07 00:00:00|2023-12-31 00:00:00|0.18|0.46|0.00|0.00|0.00|0.00|0.00|0.00|0.00|0.00|0.00||0.7092682926829266|0.6558536585365851|0.5668292682926828|0.00|0.00|0.00|0.00|0.00|0.00|0.00|0.00|0.00|0.00|0.00|0.00|0.00|0.00|||||Anexo_5_Materiais_elétricos.xlsx|Mat_Eletricos
12|8.0|12.008.00|8546|Isoladores de qualquer matéria, para usos elétricos|DECRETO ICMS/PB Nº 44.681/23|2024-01-01 00:00:00||0.2|0.46|0.00|0.00|0.00|0.00|0.00|0.00|0.00|0.00|0.00||0.7519999999999998|0.6972499999999997|0.6059999999999999|0.00|0.00|0.00|0.00|0.00|0.00|0.00|0.00|0.00|0.00|0.00|0.00|0.00|0.00|||||Anexo_5_Materiais_elétricos.xlsx|Mat_Eletricos
12|9.0|12.009.00|8547|Peças isolantes inteiramente de matérias isolantes, ou com simples peças metálicas de montagem (suportes roscados, por exemplo) incorporadas na massa, para máquinas, aparelhos e instalações elétricas; tubos isoladores e suas peças de ligação, de metais comuns, isolados interiormente|DECRETO ICMS/PB Nº 39.158|2019-05-07 00:00:00|2023-12-31 00:00:00|0.18|0.38|0.00|0.00|0.00|0.00|0.00|0.00|0.00|0.00|0.00||0.6156097560975606|0.565121951219512|0.4809756097560973|0.00|0.00|0.00|0.00|0.00|0.00|0.00|0.00|0.00|0.00|0.00|0.00|0.00|0.00|||||Anexo_5_Materiais_elétricos.xlsx|Mat_Eletricos
12|9.0|12.009.00|8547|Peças isolantes inteiramente de matérias isolantes, ou com simples peças metálicas de montagem (suportes roscados, por exemplo) incorporadas na massa, para máquinas, aparelhos e instalações elétricas; tubos isoladores e suas peças de ligação, de metais comuns, isolados interiormente|DECRETO ICMS/PB Nº 44.681/23|2024-01-01 00:00:00||0.2|0.38|0.00|0.00|0.00|0.00|0.00|0.00|0.00|0.00|0.00||0.6559999999999997|0.6042499999999997|0.5179999999999998|0.00|0.00|0.00|0.00|0.00|0.00|0.00|0.00|0.00|0.00|0.00|0.00|0.00|0.00|||||Anexo_5_Materiais_elétricos.xlsx|Mat_Eletricos
13|1.0|13.001.00|3003|Medicamentos de referência - positiva, exceto para uso veterinário|DECRETO ICMS/PB Nº 39.158|2019-05-07 00:00:00|2023-12-31 00:00:00|0.18|0.3824|0.00|0.00|0.00|0.00|0.00|0.00|0.00|0.00|0.00||0.6184195121951219|0.567843902439024|0.48355121951219515|0.00|0.00|0.00|0.00|0.00|0.00|0.00|0.00|0.00|0.00|0.00|0.00|0.00|0.00|Positiva||||Anexo_5_Medicamentos_e_outros_produtos_farmacêuticos.xlsx|Medicamento
13|1.0|13.001.00|3003|Medicamentos de referência - positiva, exceto para uso veterinário|DECRETO ICMS/PB Nº 44.681/23|2024-01-01 00:00:00||0.2|0.3824|0.00|0.00|0.00|0.00|0.00|0.00|0.00|0.00|0.00||0.6588799999999999|0.6070399999999998|0.52064|0.00|0.00|0.00|0.00|0.00|0.00|0.00|0.00|0.00|0.00|0.00|0.00|0.00|0.00|Positiva||||Anexo_5_Medicamentos_e_outros_produtos_farmacêuticos.xlsx|Medicamento
13|1.0|13.001.00|3004|Medicamentos de referência - positiva, exceto para uso veterinário|DECRETO ICMS/PB Nº 39.158|2019-05-07 00:00:00|2023-12-31 00:00:00|0.18|0.3824|0.00|0.00|0.00|0.00|0.00|0.00|0.00|0.00|0.00||0.6184195121951219|0.567843902439024|0.48355121951219515|0.00|0.00|0.00|0.00|0.00|0.00|0.00|0.00|0.00|0.00|0.00|0.00|0.00|0.00|Positiva||||Anexo_5_Medicamentos_e_outros_produtos_farmacêuticos.xlsx|Medicamento
13|1.0|13.001.00|3004|Medicamentos de referência - positiva, exceto para uso veterinário|DECRETO ICMS/PB Nº 44.681/23|2024-01-01 00:00:00||0.2|0.3824|0.00|0.00|0.00|0.00|0.00|0.00|0.00|0.00|0.00||0.6588799999999999|0.6070399999999998|0.52064|0.00|0.00|0.00|0.00|0.00|0.00|0.00|0.00|0.00|0.00|0.00|0.00|0.00|0.00|Positiva||||Anexo_5_Medicamentos_e_outros_produtos_farmacêuticos.xlsx|Medicamento
13|1.1|13.001.01|3003|Medicamentos de referência - negativa, exceto para uso veterinário|DECRETO ICMS/PB Nº 39.158|2019-05-07 00:00:00|2023-12-31 00:00:00|0.18|0.3305|0.00|0.00|0.00|0.00|0.00|0.00|0.00|0.00|0.00||0.5576585365853657|0.5089817073170728|0.4278536585365853|0.00|0.00|0.00|0.00|0.00|0.00|0.00|0.00|0.00|0.00|0.00|0.00|0.00|0.00|Negativa||||Anexo_5_Medicamentos_e_outros_produtos_farmacêuticos.xlsx|Medicamento
13|1.1|13.001.01|3003|Medicamentos de referência - negativa, exceto para uso veterinário|DECRETO ICMS/PB Nº 44.681/23|2024-01-01 00:00:00||0.2|0.3305|0.00|0.00|0.00|0.00|0.00|0.00|0.00|0.00|0.00||0.5965999999999998|0.5467062499999997|0.46355000000000013|0.00|0.00|0.00|0.00|0.00|0.00|0.00|0.00|0.00|0.00|0.00|0.00|0.00|0.00|Negativa||||Anexo_5_Medicamentos_e_outros_produtos_farmacêuticos.xlsx|Medicamento
13|1.1|13.001.01|3004|Medicamentos de referência - negativa, exceto para uso veterinário|DECRETO ICMS/PB Nº 39.158|2019-05-07 00:00:00|2023-12-31 00:00:00|0.18|0.3305|0.00|0.00|0.00|0.00|0.00|0.00|0.00|0.00|0.00||0.5576585365853657|0.5089817073170728|0.4278536585365853|0.00|0.00|0.00|0.00|0.00|0.00|0.00|0.00|0.00|0.00|0.00|0.00|0.00|0.00|Negativa||||Anexo_5_Medicamentos_e_outros_produtos_farmacêuticos.xlsx|Medicamento
13|1.1|13.001.01|3004|Medicamentos de referência - negativa, exceto para uso veterinário|DECRETO ICMS/PB Nº 44.681/23|2024-01-01 00:00:00||0.2|0.3305|0.00|0.00|0.00|0.00|0.00|0.00|0.00|0.00|0.00||0.5965999999999998|0.5467062499999997|0.46355000000000013|0.00|0.00|0.00|0.00|0.00|0.00|0.00|0.00|0.00|0.00|0.00|0.00|0.00|0.00|Negativa||||Anexo_5_Medicamentos_e_outros_produtos_farmacêuticos.xlsx|Medicamento
13|1.2|13.001.02|3003|Medicamentos de referência - neutra, exceto para uso veterinário|DECRETO ICMS/PB Nº 39.158|2019-05-07 00:00:00|2023-12-31 00:00:00|0.18|0.4134|0.00|0.00|0.00|0.00|0.00|0.00|0.00|0.00|0.00||0.654712195121951|0.6030024390243898|0.5168195121951218|0.00|0.00|0.00|0.00|0.00|0.00|0.00|0.00|0.00|0.00|0.00|0.00|0.00|0.00|Neutra||||Anexo_5_Medicamentos_e_outros_produtos_farmacêuticos.xlsx|Medicamento
13|1.2|13.001.02|3003|Medicamentos de referência - neutra, exceto para uso veterinário|DECRETO ICMS/PB Nº 44.681/23|2024-01-01 00:00:00||0.2|0.4134|0.00|0.00|0.00|0.00|0.00|0.00|0.00|0.00|0.00||0.6960799999999998|0.6430774999999997|0.55474|0.00|0.00|0.00|0.00|0.00|0.00|0.00|0.00|0.00|0.00|0.00|0.00|0.00|0.00|Neutra||||Anexo_5_Medicamentos_e_outros_produtos_farmacêuticos.xlsx|Medicamento
13|1.2|13.001.02|3004|Medicamentos de referência - neutra, exceto para uso veterinário|DECRETO ICMS/PB Nº 39.158|2019-05-07 00:00:00|2023-12-31 00:00:00|0.18|0.4134|0.00|0.00|0.00|0.00|0.00|0.00|0.00|0.00|0.00||0.654712195121951|0.6030024390243898|0.5168195121951218|0.00|0.00|0.00|0.00|0.00|0.00|0.00|0.00|0.00|0.00|0.00|0.00|0.00|0.00|Neutra||||Anexo_5_Medicamentos_e_outros_produtos_farmacêuticos.xlsx|Medicamento
13|1.2|13.001.02|3004|Medicamentos de referência - neutra, exceto para uso veterinário|DECRETO ICMS/PB Nº 44.681/23|2024-01-01 00:00:00||0.2|0.4134|0.00|0.00|0.00|0.00|0.00|0.00|0.00|0.00|0.00||0.6960799999999998|0.6430774999999997|0.55474|0.00|0.00|0.00|0.00|0.00|0.00|0.00|0.00|0.00|0.00|0.00|0.00|0.00|0.00|Neutra||||Anexo_5_Medicamentos_e_outros_produtos_farmacêuticos.xlsx|Medicamento
13|2.0|13.002.00|3003|Medicamentos genérico - positiva, exceto para uso veterinário|DECRETO ICMS/PB Nº 39.158|2019-05-07 00:00:00|2023-12-31 00:00:00|0.18|0.3824|0.00|0.00|0.00|0.00|0.00|0.00|0.00|0.00|0.00||0.6184195121951219|0.567843902439024|0.48355121951219515|0.00|0.00|0.00|0.00|0.00|0.00|0.00|0.00|0.00|0.00|0.00|0.00|0.00|0.00|Positiva||||Anexo_5_Medicamentos_e_outros_produtos_farmacêuticos.xlsx|Medicamento
13|2.0|13.002.00|3003|Medicamentos genérico - positiva, exceto para uso veterinário|DECRETO ICMS/PB Nº 44.681/23|2024-01-01 00:00:00||0.2|0.3824|0.00|0.00|0.00|0.00|0.00|0.00|0.00|0.00|0.00||0.6588799999999999|0.6070399999999998|0.52064|0.00|0.00|0.00|0.00|0.00|0.00|0.00|0.00|0.00|0.00|0.00|0.00|0.00|0.00|Positiva||||Anexo_5_Medicamentos_e_outros_produtos_farmacêuticos.xlsx|Medicamento
13|2.0|13.002.00|3004|Medicamentos genérico - positiva, exceto para uso veterinário|DECRETO ICMS/PB Nº 39.158|2019-05-07 00:00:00|2023-12-31 00:00:00|0.18|0.3824|0.00|0.00|0.00|0.00|0.00|0.00|0.00|0.00|0.00||0.6184195121951219|0.567843902439024|0.48355121951219515|0.00|0.00|0.00|0.00|0.00|0.00|0.00|0.00|0.00|0.00|0.00|0.00|0.00|0.00|Positiva||||Anexo_5_Medicamentos_e_outros_produtos_farmacêuticos.xlsx|Medicamento
13|2.0|13.002.00|3004|Medicamentos genérico - positiva, exceto para uso veterinário|DECRETO ICMS/PB Nº 44.681/23|2024-01-01 00:00:00||0.2|0.3824|0.00|0.00|0.00|0.00|0.00|0.00|0.00|0.00|0.00||0.6588799999999999|0.6070399999999998|0.52064|0.00|0.00|0.00|0.00|0.00|0.00|0.00|0.00|0.00|0.00|0.00|0.00|0.00|0.00|Positiva||||Anexo_5_Medicamentos_e_outros_produtos_farmacêuticos.xlsx|Medicamento
13|2.1|13.002.01|3003|Medicamentos genérico - negativa, exceto para uso veterinário|DECRETO ICMS/PB Nº 39.158|2019-05-07 00:00:00|2023-12-31 00:00:00|0.18|0.3305|0.00|0.00|0.00|0.00|0.00|0.00|0.00|0.00|0.00||0.5576585365853657|0.5089817073170728|0.4278536585365853|0.00|0.00|0.00|0.00|0.00|0.00|0.00|0.00|0.00|0.00|0.00|0.00|0.00|0.00|Negativa||||Anexo_5_Medicamentos_e_outros_produtos_farmacêuticos.xlsx|Medicamento
13|2.1|13.002.01|3003|Medicamentos genérico - negativa, exceto para uso veterinário|DECRETO ICMS/PB Nº 44.681/23|2024-01-01 00:00:00||0.2|0.3305|0.00|0.00|0.00|0.00|0.00|0.00|0.00|0.00|0.00||0.5965999999999998|0.5467062499999997|0.46355000000000013|0.00|0.00|0.00|0.00|0.00|0.00|0.00|0.00|0.00|0.00|0.00|0.00|0.00|0.00|Negativa||||Anexo_5_Medicamentos_e_outros_produtos_farmacêuticos.xlsx|Medicamento
13|2.1|13.002.01|3004|Medicamentos genérico - negativa, exceto para uso veterinário|DECRETO ICMS/PB Nº 39.158|2019-05-07 00:00:00|2023-12-31 00:00:00|0.18|0.3305|0.00|0.00|0.00|0.00|0.00|0.00|0.00|0.00|0.00||0.5576585365853657|0.5089817073170728|0.4278536585365853|0.00|0.00|0.00|0.00|0.00|0.00|0.00|0.00|0.00|0.00|0.00|0.00|0.00|0.00|Negativa||||Anexo_5_Medicamentos_e_outros_produtos_farmacêuticos.xlsx|Medicamento
13|2.1|13.002.01|3004|Medicamentos genérico - negativa, exceto para uso veterinário|DECRETO ICMS/PB Nº 44.681/23|2024-01-01 00:00:00||0.2|0.3305|0.00|0.00|0.00|0.00|0.00|0.00|0.00|0.00|0.00||0.5965999999999998|0.5467062499999997|0.46355000000000013|0.00|0.00|0.00|0.00|0.00|0.00|0.00|0.00|0.00|0.00|0.00|0.00|0.00|0.00|Negativa||||Anexo_5_Medicamentos_e_outros_produtos_farmacêuticos.xlsx|Medicamento
13|2.2|13.002.02|3003|Medicamentos genérico - neutra, exceto para uso veterinário|DECRETO ICMS/PB Nº 39.158|2019-05-07 00:00:00|2023-12-31 00:00:00|0.18|0.4134|0.00|0.00|0.00|0.00|0.00|0.00|0.00|0.00|0.00||0.654712195121951|0.6030024390243898|0.5168195121951218|0.00|0.00|0.00|0.00|0.00|0.00|0.00|0.00|0.00|0.00|0.00|0.00|0.00|0.00|Neutra||||Anexo_5_Medicamentos_e_outros_produtos_farmacêuticos.xlsx|Medicamento
13|2.2|13.002.02|3003|Medicamentos genérico - neutra, exceto para uso veterinário|DECRETO ICMS/PB Nº 44.681/23|2024-01-01 00:00:00||0.2|0.4134|0.00|0.00|0.00|0.00|0.00|0.00|0.00|0.00|0.00||0.6960799999999998|0.6430774999999997|0.55474|0.00|0.00|0.00|0.00|0.00|0.00|0.00|0.00|0.00|0.00|0.00|0.00|0.00|0.00|Neutra||||Anexo_5_Medicamentos_e_outros_produtos_farmacêuticos.xlsx|Medicamento
13|2.2|13.002.02|3004|Medicamentos genérico - neutra, exceto para uso veterinário|DECRETO ICMS/PB Nº 39.158|2019-05-07 00:00:00|2023-12-31 00:00:00|0.18|0.4134|0.00|0.00|0.00|0.00|0.00|0.00|0.00|0.00|0.00||0.654712195121951|0.6030024390243898|0.5168195121951218|0.00|0.00|0.00|0.00|0.00|0.00|0.00|0.00|0.00|0.00|0.00|0.00|0.00|0.00|Neutra||||Anexo_5_Medicamentos_e_outros_produtos_farmacêuticos.xlsx|Medicamento
13|2.2|13.002.02|3004|Medicamentos genérico - neutra, exceto para uso veterinário|DECRETO ICMS/PB Nº 44.681/23|2024-01-01 00:00:00||0.2|0.4134|0.00|0.00|0.00|0.00|0.00|0.00|0.00|0.00|0.00||0.6960799999999998|0.6430774999999997|0.55474|0.00|0.00|0.00|0.00|0.00|0.00|0.00|0.00|0.00|0.00|0.00|0.00|0.00|0.00|Neutra||||Anexo_5_Medicamentos_e_outros_produtos_farmacêuticos.xlsx|Medicamento
13|3.0|13.003.00|3003|Medicamentos similar - positiva, exceto para uso veterinário|DECRETO ICMS/PB Nº 39.158|2019-05-07 00:00:00|2023-12-31 00:00:00|0.18|0.3824|0.00|0.00|0.00|0.00|0.00|0.00|0.00|0.00|0.00||0.6184195121951219|0.567843902439024|0.48355121951219515|0.00|0.00|0.00|0.00|0.00|0.00|0.00|0.00|0.00|0.00|0.00|0.00|0.00|0.00|Positiva||||Anexo_5_Medicamentos_e_outros_produtos_farmacêuticos.xlsx|Medicamento
13|3.0|13.003.00|3003|Medicamentos similar - positiva, exceto para uso veterinário|DECRETO ICMS/PB Nº 44.681/23|2024-01-01 00:00:00||0.2|0.3824|0.00|0.00|0.00|0.00|0.00|0.00|0.00|0.00|0.00||0.6588799999999999|0.6070399999999998|0.52064|0.00|0.00|0.00|0.00|0.00|0.00|0.00|0.00|0.00|0.00|0.00|0.00|0.00|0.00|Positiva||||Anexo_5_Medicamentos_e_outros_produtos_farmacêuticos.xlsx|Medicamento
13|3.0|13.003.00|3004|Medicamentos similar - positiva, exceto para uso veterinário|DECRETO ICMS/PB Nº 39.158|2019-05-07 00:00:00|2023-12-31 00:00:00|0.18|0.3824|0.00|0.00|0.00|0.00|0.00|0.00|0.00|0.00|0.00||0.6184195121951219|0.567843902439024|0.48355121951219515|0.00|0.00|0.00|0.00|0.00|0.00|0.00|0.00|0.00|0.00|0.00|0.00|0.00|0.00|Positiva||||Anexo_5_Medicamentos_e_outros_produtos_farmacêuticos.xlsx|Medicamento
13|3.0|13.003.00|3004|Medicamentos similar - positiva, exceto para uso veterinário|DECRETO ICMS/PB Nº 44.681/23|2024-01-01 00:00:00||0.2|0.3824|0.00|0.00|0.00|0.00|0.00|0.00|0.00|0.00|0.00||0.6588799999999999|0.6070399999999998|0.52064|0.00|0.00|0.00|0.00|0.00|0.00|0.00|0.00|0.00|0.00|0.00|0.00|0.00|0.00|Positiva||||Anexo_5_Medicamentos_e_outros_produtos_farmacêuticos.xlsx|Medicamento
13|3.1|13.003.01|3003|Medicamentos similar - negativa, exceto para uso veterinário|DECRETO ICMS/PB Nº 39.158|2019-05-07 00:00:00|2023-12-31 00:00:00|0.18|0.3305|0.00|0.00|0.00|0.00|0.00|0.00|0.00|0.00|0.00||0.5576585365853657|0.5089817073170728|0.4278536585365853|0.00|0.00|0.00|0.00|0.00|0.00|0.00|0.00|0.00|0.00|0.00|0.00|0.00|0.00|Negativa||||Anexo_5_Medicamentos_e_outros_produtos_farmacêuticos.xlsx|Medicamento
13|3.1|13.003.01|3003|Medicamentos similar - negativa, exceto para uso veterinário|DECRETO ICMS/PB Nº 44.681/23|2024-01-01 00:00:00||0.2|0.3305|0.00|0.00|0.00|0.00|0.00|0.00|0.00|0.00|0.00||0.5965999999999998|0.5467062499999997|0.46355000000000013|0.00|0.00|0.00|0.00|0.00|0.00|0.00|0.00|0.00|0.00|0.00|0.00|0.00|0.00|Negativa||||Anexo_5_Medicamentos_e_outros_produtos_farmacêuticos.xlsx|Medicamento
13|3.1|13.003.01|3004|Medicamentos similar - negativa, exceto para uso veterinário|DECRETO ICMS/PB Nº 39.158|2019-05-07 00:00:00|2023-12-31 00:00:00|0.18|0.3305|0.00|0.00|0.00|0.00|0.00|0.00|0.00|0.00|0.00||0.5576585365853657|0.5089817073170728|0.4278536585365853|0.00|0.00|0.00|0.00|0.00|0.00|0.00|0.00|0.00|0.00|0.00|0.00|0.00|0.00|Negativa||||Anexo_5_Medicamentos_e_outros_produtos_farmacêuticos.xlsx|Medicamento
13|3.1|13.003.01|3004|Medicamentos similar - negativa, exceto para uso veterinário|DECRETO ICMS/PB Nº 44.681/23|2024-01-01 00:00:00||0.2|0.3305|0.00|0.00|0.00|0.00|0.00|0.00|0.00|0.00|0.00||0.5965999999999998|0.5467062499999997|0.46355000000000013|0.00|0.00|0.00|0.00|0.00|0.00|0.00|0.00|0.00|0.00|0.00|0.00|0.00|0.00|Negativa||||Anexo_5_Medicamentos_e_outros_produtos_farmacêuticos.xlsx|Medicamento
13|3.2|13.003.02|3003|Medicamentos similar - neutra, exceto para uso veterinário|DECRETO ICMS/PB Nº 39.158|2019-05-07 00:00:00|2023-12-31 00:00:00|0.18|0.4134|0.00|0.00|0.00|0.00|0.00|0.00|0.00|0.00|0.00||0.654712195121951|0.6030024390243898|0.5168195121951218|0.00|0.00|0.00|0.00|0.00|0.00|0.00|0.00|0.00|0.00|0.00|0.00|0.00|0.00|Neutra||||Anexo_5_Medicamentos_e_outros_produtos_farmacêuticos.xlsx|Medicamento
13|3.2|13.003.02|3003|Medicamentos similar - neutra, exceto para uso veterinário|DECRETO ICMS/PB Nº 44.681/23|2024-01-01 00:00:00||0.2|0.4134|0.00|0.00|0.00|0.00|0.00|0.00|0.00|0.00|0.00||0.6960799999999998|0.6430774999999997|0.55474|0.00|0.00|0.00|0.00|0.00|0.00|0.00|0.00|0.00|0.00|0.00|0.00|0.00|0.00|Neutra||||Anexo_5_Medicamentos_e_outros_produtos_farmacêuticos.xlsx|Medicamento
13|3.2|13.003.02|3004|Medicamentos similar - neutra, exceto para uso veterinário|DECRETO ICMS/PB Nº 39.158|2019-05-07 00:00:00|2023-12-31 00:00:00|0.18|0.4134|0.00|0.00|0.00|0.00|0.00|0.00|0.00|0.00|0.00||0.654712195121951|0.6030024390243898|0.5168195121951218|0.00|0.00|0.00|0.00|0.00|0.00|0.00|0.00|0.00|0.00|0.00|0.00|0.00|0.00|Neutra||||Anexo_5_Medicamentos_e_outros_produtos_farmacêuticos.xlsx|Medicamento
13|3.2|13.003.02|3004|Medicamentos similar - neutra, exceto para uso veterinário|DECRETO ICMS/PB Nº 44.681/23|2024-01-01 00:00:00||0.2|0.4134|0.00|0.00|0.00|0.00|0.00|0.00|0.00|0.00|0.00||0.6960799999999998|0.6430774999999997|0.55474|0.00|0.00|0.00|0.00|0.00|0.00|0.00|0.00|0.00|0.00|0.00|0.00|0.00|0.00|Neutra||||Anexo_5_Medicamentos_e_outros_produtos_farmacêuticos.xlsx|Medicamento
13|4.0|13.004.00|3003|Outros tipos de medicamentos - positiva, exceto para uso veterinário|DECRETO ICMS/PB Nº 39.158|2019-05-07 00:00:00|2023-12-31 00:00:00|0.18|0.3824|0.00|0.00|0.00|0.00|0.00|0.00|0.00|0.00|0.00||0.6184195121951219|0.567843902439024|0.48355121951219515|0.00|0.00|0.00|0.00|0.00|0.00|0.00|0.00|0.00|0.00|0.00|0.00|0.00|0.00|Positiva||||Anexo_5_Medicamentos_e_outros_produtos_farmacêuticos.xlsx|Medicamento
13|4.0|13.004.00|3003|Outros tipos de medicamentos - positiva, exceto para uso veterinário|DECRETO ICMS/PB Nº 44.681/23|2024-01-01 00:00:00||0.2|0.3824|0.00|0.00|0.00|0.00|0.00|0.00|0.00|0.00|0.00||0.6588799999999999|0.6070399999999998|0.52064|0.00|0.00|0.00|0.00|0.00|0.00|0.00|0.00|0.00|0.00|0.00|0.00|0.00|0.00|Positiva||||Anexo_5_Medicamentos_e_outros_produtos_farmacêuticos.xlsx|Medicamento
13|4.0|13.004.00|3004|Outros tipos de medicamentos - positiva, exceto para uso veterinário|DECRETO ICMS/PB Nº 39.158|2019-05-07 00:00:00|2023-12-31 00:00:00|0.18|0.3824|0.00|0.00|0.00|0.00|0.00|0.00|0.00|0.00|0.00||0.6184195121951219|0.567843902439024|0.48355121951219515|0.00|0.00|0.00|0.00|0.00|0.00|0.00|0.00|0.00|0.00|0.00|0.00|0.00|0.00|Positiva||||Anexo_5_Medicamentos_e_outros_produtos_farmacêuticos.xlsx|Medicamento
13|4.0|13.004.00|3004|Outros tipos de medicamentos - positiva, exceto para uso veterinário|DECRETO ICMS/PB Nº 44.681/23|2024-01-01 00:00:00||0.2|0.3824|0.00|0.00|0.00|0.00|0.00|0.00|0.00|0.00|0.00||0.6588799999999999|0.6070399999999998|0.52064|0.00|0.00|0.00|0.00|0.00|0.00|0.00|0.00|0.00|0.00|0.00|0.00|0.00|0.00|Positiva||||Anexo_5_Medicamentos_e_outros_produtos_farmacêuticos.xlsx|Medicamento
13|4.1|13.004.01|3003|Outros tipos de medicamentos - negativa, exceto para uso veterinário|DECRETO ICMS/PB Nº 39.158|2019-05-07 00:00:00|2023-12-31 00:00:00|0.18|0.3305|0.00|0.00|0.00|0.00|0.00|0.00|0.00|0.00|0.00||0.5576585365853657|0.5089817073170728|0.4278536585365853|0.00|0.00|0.00|0.00|0.00|0.00|0.00|0.00|0.00|0.00|0.00|0.00|0.00|0.00|Negativa||||Anexo_5_Medicamentos_e_outros_produtos_farmacêuticos.xlsx|Medicamento
13|4.1|13.004.01|3003|Outros tipos de medicamentos - negativa, exceto para uso veterinário|DECRETO ICMS/PB Nº 44.681/23|2024-01-01 00:00:00||0.2|0.3305|0.00|0.00|0.00|0.00|0.00|0.00|0.00|0.00|0.00||0.5965999999999998|0.5467062499999997|0.46355000000000013|0.00|0.00|0.00|0.00|0.00|0.00|0.00|0.00|0.00|0.00|0.00|0.00|0.00|0.00|Negativa||||Anexo_5_Medicamentos_e_outros_produtos_farmacêuticos.xlsx|Medicamento
13|4.1|13.004.01|3004|Outros tipos de medicamentos - negativa, exceto para uso veterinário|DECRETO ICMS/PB Nº 39.158|2019-05-07 00:00:00|2023-12-31 00:00:00|0.18|0.3305|0.00|0.00|0.00|0.00|0.00|0.00|0.00|0.00|0.00||0.5576585365853657|0.5089817073170728|0.4278536585365853|0.00|0.00|0.00|0.00|0.00|0.00|0.00|0.00|0.00|0.00|0.00|0.00|0.00|0.00|Negativa||||Anexo_5_Medicamentos_e_outros_produtos_farmacêuticos.xlsx|Medicamento
13|4.1|13.004.01|3004|Outros tipos de medicamentos - negativa, exceto para uso veterinário|DECRETO ICMS/PB Nº 44.681/23|2024-01-01 00:00:00||0.2|0.3305|0.00|0.00|0.00|0.00|0.00|0.00|0.00|0.00|0.00||0.5965999999999998|0.5467062499999997|0.46355000000000013|0.00|0.00|0.00|0.00|0.00|0.00|0.00|0.00|0.00|0.00|0.00|0.00|0.00|0.00|Negativa||||Anexo_5_Medicamentos_e_outros_produtos_farmacêuticos.xlsx|Medicamento
13|4.2|13.004.02|3003|Outros tipos de medicamentos - neutra, exceto para uso veterinário|DECRETO ICMS/PB Nº 39.158|2019-05-07 00:00:00|2023-12-31 00:00:00|0.18|0.4134|0.00|0.00|0.00|0.00|0.00|0.00|0.00|0.00|0.00||0.654712195121951|0.6030024390243898|0.5168195121951218|0.00|0.00|0.00|0.00|0.00|0.00|0.00|0.00|0.00|0.00|0.00|0.00|0.00|0.00|Neutra||||Anexo_5_Medicamentos_e_outros_produtos_farmacêuticos.xlsx|Medicamento
13|4.2|13.004.02|3003|Outros tipos de medicamentos - neutra, exceto para uso veterinário|DECRETO ICMS/PB Nº 44.681/23|2024-01-01 00:00:00||0.2|0.4134|0.00|0.00|0.00|0.00|0.00|0.00|0.00|0.00|0.00||0.6960799999999998|0.6430774999999997|0.55474|0.00|0.00|0.00|0.00|0.00|0.00|0.00|0.00|0.00|0.00|0.00|0.00|0.00|0.00|Neutra||||Anexo_5_Medicamentos_e_outros_produtos_farmacêuticos.xlsx|Medicamento
13|4.2|13.004.02|3004|Outros tipos de medicamentos - neutra, exceto para uso veterinário|DECRETO ICMS/PB Nº 39.158|2019-05-07 00:00:00|2023-12-31 00:00:00|0.18|0.4134|0.00|0.00|0.00|0.00|0.00|0.00|0.00|0.00|0.00||0.654712195121951|0.6030024390243898|0.5168195121951218|0.00|0.00|0.00|0.00|0.00|0.00|0.00|0.00|0.00|0.00|0.00|0.00|0.00|0.00|Neutra||||Anexo_5_Medicamentos_e_outros_produtos_farmacêuticos.xlsx|Medicamento
13|4.2|13.004.02|3004|Outros tipos de medicamentos - neutra, exceto para uso veterinário|DECRETO ICMS/PB Nº 44.681/23|2024-01-01 00:00:00||0.2|0.4134|0.00|0.00|0.00|0.00|0.00|0.00|0.00|0.00|0.00||0.6960799999999998|0.6430774999999997|0.55474|0.00|0.00|0.00|0.00|0.00|0.00|0.00|0.00|0.00|0.00|0.00|0.00|0.00|0.00|Neutra||||Anexo_5_Medicamentos_e_outros_produtos_farmacêuticos.xlsx|Medicamento
13|5.0|13.005.00|30066000|Preparações químicas contraceptivas à base de hormônios, de outros produtos da posição 29.37 ou de espermicidas - positiva|DECRETO ICMS/PB Nº 39.158//Decreto 39.422/19|2019-05-07 00:00:00|2019-06-30 00:00:00|0.18|0.3824|0.00|0.00|0.00|0.00|0.00|0.00|0.00|0.00|0.00||0.6184195121951219|0.567843902439024|0.48355121951219515|0.00|0.00|0.00|0.00|0.00|0.00|0.00|0.00|0.00|0.00|0.00|0.00|0.00|0.00|Positiva||||Anexo_5_Medicamentos_e_outros_produtos_farmacêuticos.xlsx|Medicamento
13|5.0|13.005.00|30066000|Preparações químicas contraceptivas de referência,  à base de hormônios, de outros produtos da posição 29.37 ou de espermicidas - positiva|Decreto 39.422/19|2019-07-01 00:00:00|2023-12-31 00:00:00|0.18|0.3824|0.00|0.00|0.00|0.00|0.00|0.00|0.00|0.00|0.00||0.6184195121951219|0.567843902439024|0.48355121951219515|0.00|0.00|0.00|0.00|0.00|0.00|0.00|0.00|0.00|0.00|0.00|0.00|0.00|0.00|Positiva||||Anexo_5_Medicamentos_e_outros_produtos_farmacêuticos.xlsx|Medicamento
13|5.0|13.005.00|30066000|Preparações químicas contraceptivas de referência,  à base de hormônios, de outros produtos da posição 29.37 ou de espermicidas - positiva|DECRETO ICMS/PB Nº 44.681/23|2024-01-01 00:00:00||0.2|0.3824|0.00|0.00|0.00|0.00|0.00|0.00|0.00|0.00|0.00||0.6588799999999999|0.6070399999999998|0.52064|0.00|0.00|0.00|0.00|0.00|0.00|0.00|0.00|0.00|0.00|0.00|0.00|0.00|0.00|Positiva||||Anexo_5_Medicamentos_e_outros_produtos_farmacêuticos.xlsx|Medicamento
13|5.1|13.005.01|30066000|Preparações químicas contraceptivas à base de hormônios, de outros produtos da posição 29.37 ou de espermicidas - negativa|DECRETO ICMS/PB Nº 39.158//Decreto 39.422/19|2019-05-07 00:00:00|2019-06-30 00:00:00|0.18|0.3305|0.00|0.00|0.00|0.00|0.00|0.00|0.00|0.00|0.00||0.5576585365853657|0.5089817073170728|0.4278536585365853|0.00|0.00|0.00|0.00|0.00|0.00|0.00|0.00|0.00|0.00|0.00|0.00|0.00|0.00|Negativa||||Anexo_5_Medicamentos_e_outros_produtos_farmacêuticos.xlsx|Medicamento
13|5.1|13.005.01|30066000|Preparações químicas contraceptivas de referência,  à base de hormônios, de outros produtos da posição 29.37 ou de espermicidas - negativa|Decreto 39.422/19|2019-07-01 00:00:00|2023-12-31 00:00:00|0.18|0.3305|0.00|0.00|0.00|0.00|0.00|0.00|0.00|0.00|0.00||0.5576585365853657|0.5089817073170728|0.4278536585365853|0.00|0.00|0.00|0.00|0.00|0.00|0.00|0.00|0.00|0.00|0.00|0.00|0.00|0.00|Negativa||||Anexo_5_Medicamentos_e_outros_produtos_farmacêuticos.xlsx|Medicamento
13|5.1|13.005.01|30066000|Preparações químicas contraceptivas de referência,  à base de hormônios, de outros produtos da posição 29.37 ou de espermicidas - negativa|DECRETO ICMS/PB Nº 44.681/23|2024-01-01 00:00:00||0.2|0.3305|0.00|0.00|0.00|0.00|0.00|0.00|0.00|0.00|0.00||0.5965999999999998|0.5467062499999997|0.46355000000000013|0.00|0.00|0.00|0.00|0.00|0.00|0.00|0.00|0.00|0.00|0.00|0.00|0.00|0.00|Negativa||||Anexo_5_Medicamentos_e_outros_produtos_farmacêuticos.xlsx|Medicamento
13|5.2|13.005.02|30066000|Preparações químicas contraceptivas genérico,  à base de hormônios, de outros produtos da posição 29.37 ou de espermicidas - positiva|Decreto 39.422/19|2019-07-01 00:00:00|2023-12-31 00:00:00|0.18|0.3824|0.00|0.00|0.00|0.00|0.00|0.00|0.00|0.00|0.00||0.6184195121951219|0.567843902439024|0.48355121951219515|0.00|0.00|0.00|0.00|0.00|0.00|0.00|0.00|0.00|0.00|0.00|0.00|0.00|0.00|Positiva||||Anexo_5_Medicamentos_e_outros_produtos_farmacêuticos.xlsx|Medicamento
13|5.2|13.005.02|30066000|Preparações químicas contraceptivas genérico,  à base de hormônios, de outros produtos da posição 29.37 ou de espermicidas - positiva|DECRETO ICMS/PB Nº 44.681/23|2024-01-01 00:00:00||0.2|0.3824|0.00|0.00|0.00|0.00|0.00|0.00|0.00|0.00|0.00||0.6588799999999999|0.6070399999999998|0.52064|0.00|0.00|0.00|0.00|0.00|0.00|0.00|0.00|0.00|0.00|0.00|0.00|0.00|0.00|Positiva||||Anexo_5_Medicamentos_e_outros_produtos_farmacêuticos.xlsx|Medicamento
13|5.3|13.005.03|30066000|Preparações químicas contraceptivas genérico,  à base de hormônios, de outros produtos da posição 29.37 ou de espermicidas -negativa.|Decreto 39.422/19|2019-07-01 00:00:00|2023-12-31 00:00:00|0.18|0.3305|0.00|0.00|0.00|0.00|0.00|0.00|0.00|0.00|0.00||0.5576585365853657|0.5089817073170728|0.4278536585365853|0.00|0.00|0.00|0.00|0.00|0.00|0.00|0.00|0.00|0.00|0.00|0.00|0.00|0.00|Negativa||||Anexo_5_Medicamentos_e_outros_produtos_farmacêuticos.xlsx|Medicamento
13|5.3|13.005.03|30066000|Preparações químicas contraceptivas genérico,  à base de hormônios, de outros produtos da posição 29.37 ou de espermicidas -negativa.|DECRETO ICMS/PB Nº 44.681/23|2024-01-01 00:00:00||0.2|0.3305|0.00|0.00|0.00|0.00|0.00|0.00|0.00|0.00|0.00||0.5965999999999998|0.5467062499999997|0.46355000000000013|0.00|0.00|0.00|0.00|0.00|0.00|0.00|0.00|0.00|0.00|0.00|0.00|0.00|0.00|Negativa||||Anexo_5_Medicamentos_e_outros_produtos_farmacêuticos.xlsx|Medicamento
13|5.4|13.005.04|30066000|Preparações químicas contraceptivas similar, à base de hormônios, de outros produtos da posição 29.37 ou de espermicidas -negativa.|Decreto 39.422/19|2019-07-01 00:00:00|2023-12-31 00:00:00|0.18|0.3824|0.00|0.00|0.00|0.00|0.00|0.00|0.00|0.00|0.00||0.6184195121951219|0.567843902439024|0.48355121951219515|0.00|0.00|0.00|0.00|0.00|0.00|0.00|0.00|0.00|0.00|0.00|0.00|0.00|0.00|Positiva||||Anexo_5_Medicamentos_e_outros_produtos_farmacêuticos.xlsx|Medicamento
13|5.4|13.005.04|30066000|Preparações químicas contraceptivas similar, à base de hormônios, de outros produtos da posição 29.37 ou de espermicidas -negativa.|DECRETO ICMS/PB Nº 44.681/23|2024-01-01 00:00:00||0.2|0.3824|0.00|0.00|0.00|0.00|0.00|0.00|0.00|0.00|0.00||0.6588799999999999|0.6070399999999998|0.52064|0.00|0.00|0.00|0.00|0.00|0.00|0.00|0.00|0.00|0.00|0.00|0.00|0.00|0.00|Positiva||||Anexo_5_Medicamentos_e_outros_produtos_farmacêuticos.xlsx|Medicamento
13|5.5|13.005.05|30066000|Preparações químicas contraceptivas similar,  à base de hormônios, de outros produtos da posição 29.37 ou de espermicidas -negativa.|Decreto 39.422/19|2019-07-01 00:00:00|2023-12-31 00:00:00|0.18|0.3305|0.00|0.00|0.00|0.00|0.00|0.00|0.00|0.00|0.00||0.5576585365853657|0.5089817073170728|0.4278536585365853|0.00|0.00|0.00|0.00|0.00|0.00|0.00|0.00|0.00|0.00|0.00|0.00|0.00|0.00|Negativa||||Anexo_5_Medicamentos_e_outros_produtos_farmacêuticos.xlsx|Medicamento
13|5.5|13.005.05|30066000|Preparações químicas contraceptivas similar,  à base de hormônios, de outros produtos da posição 29.37 ou de espermicidas -negativa.|DECRETO ICMS/PB Nº 44.681/23|2024-01-01 00:00:00||0.2|0.3305|0.00|0.00|0.00|0.00|0.00|0.00|0.00|0.00|0.00||0.5965999999999998|0.5467062499999997|0.46355000000000013|0.00|0.00|0.00|0.00|0.00|0.00|0.00|0.00|0.00|0.00|0.00|0.00|0.00|0.00|Negativa||||Anexo_5_Medicamentos_e_outros_produtos_farmacêuticos.xlsx|Medicamento
13|6.0|13.006.00|2936|Provitaminas e vitaminas, naturais ou reproduzidas por síntese (incluídos os concentrados naturais), bem como os seus derivados utilizados principalmente como vitaminas, misturados ou não entre si, mesmo em quaisquer soluções - neutra|DECRETO ICMS/PB Nº 39.158|2019-05-07 00:00:00|2023-12-31 00:00:00|0.18|0.4134|0.00|0.00|0.00|0.00|0.00|0.00|0.00|0.00|0.00||0.654712195121951|0.6030024390243898|0.5168195121951218|0.00|0.00|0.00|0.00|0.00|0.00|0.00|0.00|0.00|0.00|0.00|0.00|0.00|0.00|Neutra||||Anexo_5_Medicamentos_e_outros_produtos_farmacêuticos.xlsx|Medicamento
13|6.0|13.006.00|2936|Provitaminas e vitaminas, naturais ou reproduzidas por síntese (incluídos os concentrados naturais), bem como os seus derivados utilizados principalmente como vitaminas, misturados ou não entre si, mesmo em quaisquer soluções - neutra|DECRETO ICMS/PB Nº 44.681/23|2024-01-01 00:00:00||0.2|0.4134|0.00|0.00|0.00|0.00|0.00|0.00|0.00|0.00|0.00||0.6960799999999998|0.6430774999999997|0.55474|0.00|0.00|0.00|0.00|0.00|0.00|0.00|0.00|0.00|0.00|0.00|0.00|0.00|0.00|Neutra||||Anexo_5_Medicamentos_e_outros_produtos_farmacêuticos.xlsx|Medicamento
13|7.0|13.007.00|300630|Preparações opacificantes (contrastantes) para exames radiográficos e reagentes de diagnóstico concebidos para serem administrados ao paciente - positiva|DECRETO ICMS/PB Nº 39.158|2019-05-07 00:00:00|2023-12-31 00:00:00|0.18|0.3824|0.00|0.00|0.00|0.00|0.00|0.00|0.00|0.00|0.00||0.6184195121951219|0.567843902439024|0.48355121951219515|0.00|0.00|0.00|0.00|0.00|0.00|0.00|0.00|0.00|0.00|0.00|0.00|0.00|0.00|Positiva||||Anexo_5_Medicamentos_e_outros_produtos_farmacêuticos.xlsx|Medicamento
13|7.0|13.007.00|300630|Preparações opacificantes (contrastantes) para exames radiográficos e reagentes de diagnóstico concebidos para serem administrados ao paciente - positiva|DECRETO ICMS/PB Nº 44.681/23|2024-01-01 00:00:00||0.2|0.3824|0.00|0.00|0.00|0.00|0.00|0.00|0.00|0.00|0.00||0.6588799999999999|0.6070399999999998|0.52064|0.00|0.00|0.00|0.00|0.00|0.00|0.00|0.00|0.00|0.00|0.00|0.00|0.00|0.00|Positiva||||Anexo_5_Medicamentos_e_outros_produtos_farmacêuticos.xlsx|Medicamento
13|7.1|13.007.01|300630|Preparações opacificantes (contrastantes) para exames radiográficos e reagentes de diagnóstico concebidos para serem administrados ao paciente - negativa|DECRETO ICMS/PB Nº 39.158|2019-05-07 00:00:00|2023-12-31 00:00:00|0.18|0.3305|0.00|0.00|0.00|0.00|0.00|0.00|0.00|0.00|0.00||0.5576585365853657|0.5089817073170728|0.4278536585365853|0.00|0.00|0.00|0.00|0.00|0.00|0.00|0.00|0.00|0.00|0.00|0.00|0.00|0.00|Negativa||||Anexo_5_Medicamentos_e_outros_produtos_farmacêuticos.xlsx|Medicamento
13|7.1|13.007.01|300630|Preparações opacificantes (contrastantes) para exames radiográficos e reagentes de diagnóstico concebidos para serem administrados ao paciente - negativa|DECRETO ICMS/PB Nº 44.681/23|2024-01-01 00:00:00||0.2|0.3305|0.00|0.00|0.00|0.00|0.00|0.00|0.00|0.00|0.00||0.5965999999999998|0.5467062499999997|0.46355000000000013|0.00|0.00|0.00|0.00|0.00|0.00|0.00|0.00|0.00|0.00|0.00|0.00|0.00|0.00|Negativa||||Anexo_5_Medicamentos_e_outros_produtos_farmacêuticos.xlsx|Medicamento
13|8.0|13.008.00|3002|Antissoro, outras frações do sangue, produtos imunológicos modificados, mesmo obtidos por via biotecnológica, exceto para uso veterinário - positiva|DECRETO ICMS/PB Nº 39.158|2019-05-07 00:00:00|2023-12-31 00:00:00|0.18|0.3824|0.00|0.00|0.00|0.00|0.00|0.00|0.00|0.00|0.00||0.6184195121951219|0.567843902439024|0.48355121951219515|0.00|0.00|0.00|0.00|0.00|0.00|0.00|0.00|0.00|0.00|0.00|0.00|0.00|0.00|Positiva||||Anexo_5_Medicamentos_e_outros_produtos_farmacêuticos.xlsx|Medicamento
13|8.0|13.008.00|3002|Antissoro, outras frações do sangue, produtos imunológicos modificados, mesmo obtidos por via biotecnológica, exceto para uso veterinário - positiva|DECRETO ICMS/PB Nº 44.681/23|2024-01-01 00:00:00||0.2|0.3824|0.00|0.00|0.00|0.00|0.00|0.00|0.00|0.00|0.00||0.6588799999999999|0.6070399999999998|0.52064|0.00|0.00|0.00|0.00|0.00|0.00|0.00|0.00|0.00|0.00|0.00|0.00|0.00|0.00|Positiva||||Anexo_5_Medicamentos_e_outros_produtos_farmacêuticos.xlsx|Medicamento
13|8.1|13.008.01|3002|Antissoro, outras frações do sangue, produtos imunológicos modificados, mesmo obtidos por via biotecnológica, exceto para uso veterinário - negativa|DECRETO ICMS/PB Nº 39.158|2019-05-07 00:00:00|2023-12-31 00:00:00|0.18|0.3305|0.00|0.00|0.00|0.00|0.00|0.00|0.00|0.00|0.00||0.5576585365853657|0.5089817073170728|0.4278536585365853|0.00|0.00|0.00|0.00|0.00|0.00|0.00|0.00|0.00|0.00|0.00|0.00|0.00|0.00|Negativa||||Anexo_5_Medicamentos_e_outros_produtos_farmacêuticos.xlsx|Medicamento
13|8.1|13.008.01|3002|Antissoro, outras frações do sangue, produtos imunológicos modificados, mesmo obtidos por via biotecnológica, exceto para uso veterinário - negativa|DECRETO ICMS/PB Nº 44.681/23|2024-01-01 00:00:00||0.2|0.3305|0.00|0.00|0.00|0.00|0.00|0.00|0.00|0.00|0.00||0.5965999999999998|0.5467062499999997|0.46355000000000013|0.00|0.00|0.00|0.00|0.00|0.00|0.00|0.00|0.00|0.00|0.00|0.00|0.00|0.00|Negativa||||Anexo_5_Medicamentos_e_outros_produtos_farmacêuticos.xlsx|Medicamento
13|9.0|13.009.00|3002|Vacinas e produtos semelhantes, exceto para uso veterinário - positiva;|DECRETO ICMS/PB Nº 39.158|2019-05-07 00:00:00|2023-12-31 00:00:00|0.18|0.3824|0.00|0.00|0.00|0.00|0.00|0.00|0.00|0.00|0.00||0.6184195121951219|0.567843902439024|0.48355121951219515|0.00|0.00|0.00|0.00|0.00|0.00|0.00|0.00|0.00|0.00|0.00|0.00|0.00|0.00|Positiva||||Anexo_5_Medicamentos_e_outros_produtos_farmacêuticos.xlsx|Medicamento
13|9.0|13.009.00|3002|Vacinas e produtos semelhantes, exceto para uso veterinário - positiva;|DECRETO ICMS/PB Nº 44.681/23|2024-01-01 00:00:00||0.2|0.3824|0.00|0.00|0.00|0.00|0.00|0.00|0.00|0.00|0.00||0.6588799999999999|0.6070399999999998|0.52064|0.00|0.00|0.00|0.00|0.00|0.00|0.00|0.00|0.00|0.00|0.00|0.00|0.00|0.00|Positiva||||Anexo_5_Medicamentos_e_outros_produtos_farmacêuticos.xlsx|Medicamento
13|9.1|13.009.01|3002|Vacinas e produtos semelhantes, exceto para uso veterinário - negativa;|DECRETO ICMS/PB Nº 39.158|2019-05-07 00:00:00|2023-12-31 00:00:00|0.18|0.3305|0.00|0.00|0.00|0.00|0.00|0.00|0.00|0.00|0.00||0.5576585365853657|0.5089817073170728|0.4278536585365853|0.00|0.00|0.00|0.00|0.00|0.00|0.00|0.00|0.00|0.00|0.00|0.00|0.00|0.00|Negativa||||Anexo_5_Medicamentos_e_outros_produtos_farmacêuticos.xlsx|Medicamento
13|9.1|13.009.01|3002|Vacinas e produtos semelhantes, exceto para uso veterinário - negativa;|DECRETO ICMS/PB Nº 44.681/23|2024-01-01 00:00:00||0.2|0.3305|0.00|0.00|0.00|0.00|0.00|0.00|0.00|0.00|0.00||0.5965999999999998|0.5467062499999997|0.46355000000000013|0.00|0.00|0.00|0.00|0.00|0.00|0.00|0.00|0.00|0.00|0.00|0.00|0.00|0.00|Negativa||||Anexo_5_Medicamentos_e_outros_produtos_farmacêuticos.xlsx|Medicamento
13|10.0|13.010.00|30051010|Curativos (pensos) adesivos e outros artigos com uma camada adesiva, impregnados ou recobertos de substâncias farmacêuticas - Lista Positiva|DECRETO ICMS/PB Nº 39.158|2019-05-07 00:00:00|2023-12-31 00:00:00|0.18|0.3824|0.00|0.00|0.00|0.00|0.00|0.00|0.00|0.00|0.00||0.6184195121951219|0.567843902439024|0.48355121951219515|0.00|0.00|0.00|0.00|0.00|0.00|0.00|0.00|0.00|0.00|0.00|0.00|0.00|0.00|Positiva||||Anexo_5_Medicamentos_e_outros_produtos_farmacêuticos.xlsx|Medicamento
13|10.0|13.010.00|30051010|Curativos (pensos) adesivos e outros artigos com uma camada adesiva, impregnados ou recobertos de substâncias farmacêuticas - Lista Positiva|DECRETO ICMS/PB Nº 44.681/23|2024-01-01 00:00:00||0.2|0.3824|0.00|0.00|0.00|0.00|0.00|0.00|0.00|0.00|0.00||0.6588799999999999|0.6070399999999998|0.52064|0.00|0.00|0.00|0.00|0.00|0.00|0.00|0.00|0.00|0.00|0.00|0.00|0.00|0.00|Positiva||||Anexo_5_Medicamentos_e_outros_produtos_farmacêuticos.xlsx|Medicamento
13|10.1|13.010.01|30051010|Curativos (pensos) adesivos e outros artigos com uma camada adesiva, impregnados ou recobertos de substâncias farmacêuticas - Lista Negativa|DECRETO ICMS/PB Nº 39.158|2019-05-07 00:00:00|2023-12-31 00:00:00|0.18|0.3305|0.00|0.00|0.00|0.00|0.00|0.00|0.00|0.00|0.00||0.5576585365853657|0.5089817073170728|0.4278536585365853|0.00|0.00|0.00|0.00|0.00|0.00|0.00|0.00|0.00|0.00|0.00|0.00|0.00|0.00|Negativa||||Anexo_5_Medicamentos_e_outros_produtos_farmacêuticos.xlsx|Medicamento
13|10.1|13.010.01|30051010|Curativos (pensos) adesivos e outros artigos com uma camada adesiva, impregnados ou recobertos de substâncias farmacêuticas - Lista Negativa|DECRETO ICMS/PB Nº 44.681/23|2024-01-01 00:00:00||0.2|0.3305|0.00|0.00|0.00|0.00|0.00|0.00|0.00|0.00|0.00||0.5965999999999998|0.5467062499999997|0.46355000000000013|0.00|0.00|0.00|0.00|0.00|0.00|0.00|0.00|0.00|0.00|0.00|0.00|0.00|0.00|Negativa||||Anexo_5_Medicamentos_e_outros_produtos_farmacêuticos.xlsx|Medicamento
13|11.0|13.011.00|3005|Algodão, atadura, esparadrapo, gazes, pensos, sinapismos, e outros, acondicionados para venda a retalho para usos medicinais, cirúrgicos ou dentários, não impregnados ou recobertos de substâncias farmacêuticas - Lista Neutra|DECRETO ICMS/PB Nº 39.158|2019-05-07 00:00:00|2023-12-31 00:00:00|0.18|0.4134|0.00|0.00|0.00|0.00|0.00|0.00|0.00|0.00|0.00||0.654712195121951|0.6030024390243898|0.5168195121951218|0.00|0.00|0.00|0.00|0.00|0.00|0.00|0.00|0.00|0.00|0.00|0.00|0.00|0.00|Neutra||||Anexo_5_Medicamentos_e_outros_produtos_farmacêuticos.xlsx|Medicamento
13|11.0|13.011.00|3005|Algodão, atadura, esparadrapo, gazes, pensos, sinapismos, e outros, acondicionados para venda a retalho para usos medicinais, cirúrgicos ou dentários, não impregnados ou recobertos de substâncias farmacêuticas - Lista Neutra|DECRETO ICMS/PB Nº 44.681/23|2024-01-01 00:00:00||0.2|0.4134|0.00|0.00|0.00|0.00|0.00|0.00|0.00|0.00|0.00||0.6960799999999998|0.6430774999999997|0.55474|0.00|0.00|0.00|0.00|0.00|0.00|0.00|0.00|0.00|0.00|0.00|0.00|0.00|0.00|Neutra||||Anexo_5_Medicamentos_e_outros_produtos_farmacêuticos.xlsx|Medicamento
13|12.0|13.012.00|40151100|Luvas cirúrgicas e luvas de procedimento - neutra|DECRETO ICMS/PB Nº 39.158//Decreto 43.079/2022|2019-05-07 00:00:00|2022-05-01 00:00:00|0.18|0.4134|0.00|0.00|0.00|0.00|0.00|0.00|0.00|0.00|0.00||0.654712195121951|0.6030024390243898|0.5168195121951218|0.00|0.00|0.00|0.00|0.00|0.00|0.00|0.00|0.00|0.00|0.00|0.00|0.00|0.00|Neutra||||Anexo_5_Medicamentos_e_outros_produtos_farmacêuticos.xlsx|Medicamento
13|12.0|13.012.00|40151200|Luvas cirúrgicas e luvas de procedimento - neutra|DECRETO 43.079/2022|2022-05-02 00:00:00|2023-12-31 00:00:00|0.18|0.4134|0.00|0.00|0.00|0.00|0.00|0.00|0.00|0.00|0.00||0.654712195121951|0.6030024390243898|0.5168195121951218|0.00|0.00|0.00|0.00|0.00|0.00|0.00|0.00|0.00|0.00|0.00|0.00|0.00|0.00|Neutra||||Anexo_5_Medicamentos_e_outros_produtos_farmacêuticos.xlsx|Medicamento
13|12.0|13.012.00|40151200|Luvas cirúrgicas e luvas de procedimento - neutra|DECRETO ICMS/PB Nº 44.681/23|2024-01-01 00:00:00||0.2|0.4134|0.00|0.00|0.00|0.00|0.00|0.00|0.00|0.00|0.00||0.6960799999999998|0.6430774999999997|0.55474|0.00|0.00|0.00|0.00|0.00|0.00|0.00|0.00|0.00|0.00|0.00|0.00|0.00|0.00|Neutra||||Anexo_5_Medicamentos_e_outros_produtos_farmacêuticos.xlsx|Medicamento
13|12.0|13.012.00|40151900|Luvas cirúrgicas e luvas de procedimento - neutra|DECRETO ICMS/PB Nº 39.158// Decreto 43.079/2022|2019-05-07 00:00:00|2022-05-01 00:00:00|0.18|0.4134|0.00|0.00|0.00|0.00|0.00|0.00|0.00|0.00|0.00||0.654712195121951|0.6030024390243898|0.5168195121951218|0.00|0.00|0.00|0.00|0.00|0.00|0.00|0.00|0.00|0.00|0.00|0.00|0.00|0.00|Neutra||||Anexo_5_Medicamentos_e_outros_produtos_farmacêuticos.xlsx|Medicamento
13|12.0|13.012.00|40151900|Luvas cirúrgicas e luvas de procedimento - neutra|DECRETO 43.079/2022|2022-05-02 00:00:00|2023-12-31 00:00:00|0.18|0.4134|0.00|0.00|0.00|0.00|0.00|0.00|0.00|0.00|0.00||0.654712195121951|0.6030024390243898|0.5168195121951218|0.00|0.00|0.00|0.00|0.00|0.00|0.00|0.00|0.00|0.00|0.00|0.00|0.00|0.00|Neutra||||Anexo_5_Medicamentos_e_outros_produtos_farmacêuticos.xlsx|Medicamento
13|12.0|13.012.00|40151900|Luvas cirúrgicas e luvas de procedimento - neutra|DECRETO ICMS/PB Nº 44.681/23|2024-01-01 00:00:00||0.2|0.4134|0.00|0.00|0.00|0.00|0.00|0.00|0.00|0.00|0.00||0.6960799999999998|0.6430774999999997|0.55474|0.00|0.00|0.00|0.00|0.00|0.00|0.00|0.00|0.00|0.00|0.00|0.00|0.00|0.00|Neutra||||Anexo_5_Medicamentos_e_outros_produtos_farmacêuticos.xlsx|Medicamento
13|13.0|13.013.00|40141000|Preservativo – neutra|DECRETO ICMS/PB Nº 39.158|2019-05-07 00:00:00|2023-12-31 00:00:00|0.18|0.4134|0.00|0.00|0.00|0.00|0.00|0.00|0.00|0.00|0.00||0.654712195121951|0.6030024390243898|0.5168195121951218|0.00|0.00|0.00|0.00|0.00|0.00|0.00|0.00|0.00|0.00|0.00|0.00|0.00|0.00|Neutra||||Anexo_5_Medicamentos_e_outros_produtos_farmacêuticos.xlsx|Medicamento
13|13.0|13.013.00|40141000|Preservativo – neutra|DECRETO ICMS/PB Nº 44.681/23|2024-01-01 00:00:00||0.2|0.4134|0.00|0.00|0.00|0.00|0.00|0.00|0.00|0.00|0.00||0.6960799999999998|0.6430774999999997|0.55474|0.00|0.00|0.00|0.00|0.00|0.00|0.00|0.00|0.00|0.00|0.00|0.00|0.00|0.00|Neutra||||Anexo_5_Medicamentos_e_outros_produtos_farmacêuticos.xlsx|Medicamento
13|14.0|13.014.00|901831|Seringas, mesmo com agulhas - neutra|DECRETO ICMS/PB Nº 39.158|2019-05-07 00:00:00|2023-12-31 00:00:00|0.18|0.4134|0.00|0.00|0.00|0.00|0.00|0.00|0.00|0.00|0.00||0.654712195121951|0.6030024390243898|0.5168195121951218|0.00|0.00|0.00|0.00|0.00|0.00|0.00|0.00|0.00|0.00|0.00|0.00|0.00|0.00|Neutra||||Anexo_5_Medicamentos_e_outros_produtos_farmacêuticos.xlsx|Medicamento
13|14.0|13.014.00|901831|Seringas, mesmo com agulhas - neutra|DECRETO ICMS/PB Nº 44.681/23|2024-01-01 00:00:00||0.2|0.4134|0.00|0.00|0.00|0.00|0.00|0.00|0.00|0.00|0.00||0.6960799999999998|0.6430774999999997|0.55474|0.00|0.00|0.00|0.00|0.00|0.00|0.00|0.00|0.00|0.00|0.00|0.00|0.00|0.00|Neutra||||Anexo_5_Medicamentos_e_outros_produtos_farmacêuticos.xlsx|Medicamento
13|15.0|13.015.00|9018321|Agulhas para seringas - neutra|DECRETO ICMS/PB Nº 39.158|2019-05-07 00:00:00|2023-12-31 00:00:00|0.18|0.4134|0.00|0.00|0.00|0.00|0.00|0.00|0.00|0.00|0.00||0.654712195121951|0.6030024390243898|0.5168195121951218|0.00|0.00|0.00|0.00|0.00|0.00|0.00|0.00|0.00|0.00|0.00|0.00|0.00|0.00|Neutra||||Anexo_5_Medicamentos_e_outros_produtos_farmacêuticos.xlsx|Medicamento
13|15.0|13.015.00|9018321|Agulhas para seringas - neutra|DECRETO ICMS/PB Nº 44.681/23|2024-01-01 00:00:00||0.2|0.4134|0.00|0.00|0.00|0.00|0.00|0.00|0.00|0.00|0.00||0.6960799999999998|0.6430774999999997|0.55474|0.00|0.00|0.00|0.00|0.00|0.00|0.00|0.00|0.00|0.00|0.00|0.00|0.00|0.00|Neutra||||Anexo_5_Medicamentos_e_outros_produtos_farmacêuticos.xlsx|Medicamento
13|16.0|13.016.00|39269090|Contraceptivos (dispositivos intrauterinos - DIU) - neutra|DECRETO ICMS/PB Nº 39.158|2019-05-07 00:00:00|2023-12-31 00:00:00|0.18|0.4134|0.00|0.00|0.00|0.00|0.00|0.00|0.00|0.00|0.00||0.654712195121951|0.6030024390243898|0.5168195121951218|0.00|0.00|0.00|0.00|0.00|0.00|0.00|0.00|0.00|0.00|0.00|0.00|0.00|0.00|Neutra||||Anexo_5_Medicamentos_e_outros_produtos_farmacêuticos.xlsx|Medicamento
13|16.0|13.016.00|39269090|Contraceptivos (dispositivos intrauterinos - DIU) - neutra|DECRETO ICMS/PB Nº 44.681/23|2024-01-01 00:00:00||0.2|0.4134|0.00|0.00|0.00|0.00|0.00|0.00|0.00|0.00|0.00||0.6960799999999998|0.6430774999999997|0.55474|0.00|0.00|0.00|0.00|0.00|0.00|0.00|0.00|0.00|0.00|0.00|0.00|0.00|0.00|Neutra||||Anexo_5_Medicamentos_e_outros_produtos_farmacêuticos.xlsx|Medicamento
13|16.0|13.016.00|90189099|Contraceptivos (dispositivos intrauterinos - DIU) - neutra|DECRETO ICMS/PB Nº 39.158|2019-05-07 00:00:00|2023-12-31 00:00:00|0.18|0.4134|0.00|0.00|0.00|0.00|0.00|0.00|0.00|0.00|0.00||0.654712195121951|0.6030024390243898|0.5168195121951218|0.00|0.00|0.00|0.00|0.00|0.00|0.00|0.00|0.00|0.00|0.00|0.00|0.00|0.00|Neutra||||Anexo_5_Medicamentos_e_outros_produtos_farmacêuticos.xlsx|Medicamento
13|16.0|13.016.00|90189099|Contraceptivos (dispositivos intrauterinos - DIU) - neutra|DECRETO ICMS/PB Nº 44.681/23|2024-01-01 00:00:00||0.2|0.4134|0.00|0.00|0.00|0.00|0.00|0.00|0.00|0.00|0.00||0.6960799999999998|0.6430774999999997|0.55474|0.00|0.00|0.00|0.00|0.00|0.00|0.00|0.00|0.00|0.00|0.00|0.00|0.00|0.00|Neutra||||Anexo_5_Medicamentos_e_outros_produtos_farmacêuticos.xlsx|Medicamento
16|1.0|16.001.00|40111000|Pneus novos, dos tipos utilizados em automóveis de passageiros (incluídos os veículos de uso misto - camionetas e os automóveis de corrida)|DECRETO ICMS/PB Nº 39.158|2019-05-07 00:00:00|2023-12-31 00:00:00|0.18|0.42|0.00|0.00|0.00|0.00|0.00|0.00|0.00|0.00|0.00||0.6624390243902438|0.6104878048780484|0.5239024390243903|0.00|0.00|0.00|0.00|0.00|0.00|0.00|0.00|0.00|0.00|0.00|0.00|0.00|0.00|||||Anexo_5_Pneumáticos_câmaras_de_ar_e_protetores_de_borracha.xlsx|Pneumatico
16|1.0|16.001.00|40111000|Pneus novos, dos tipos utilizados em automóveis de passageiros (incluídos os veículos de uso misto - camionetas e os automóveis de corrida)|DECRETO ICMS/PB Nº 44.681/23|2024-01-01 00:00:00||0.2|0.42|0.00|0.00|0.00|0.00|0.00|0.00|0.00|0.00|0.00||0.704|0.6507499999999997|0.562|0.00|0.00|0.00|0.00|0.00|0.00|0.00|0.00|0.00|0.00|0.00|0.00|0.00|0.00|||||Anexo_5_Pneumáticos_câmaras_de_ar_e_protetores_de_borracha.xlsx|Pneumatico
16|2.0|16.002.00|4011|Pneus novos, dos tipos utilizados em caminhões (inclusive para os fora-de-estrada), ônibus, aviões, máquinas de terraplenagem, de construção e conservação de estradas, máquinas e tratores agrícolas, pá-carregadeira|DECRETO ICMS/PB Nº 39.158|2019-05-07 00:00:00|2023-12-31 00:00:00|0.18|0.32|0.00|0.00|0.00|0.00|0.00|0.00|0.00|0.00|0.00||0.5453658536585366|0.4970731707317073|0.41658536585365846|0.00|0.00|0.00|0.00|0.00|0.00|0.00|0.00|0.00|0.00|0.00|0.00|0.00|0.00|||||Anexo_5_Pneumáticos_câmaras_de_ar_e_protetores_de_borracha.xlsx|Pneumatico
16|2.0|16.002.00|4011|Pneus novos, dos tipos utilizados em caminhões (inclusive para os fora-de-estrada), ônibus, aviões, máquinas de terraplenagem, de construção e conservação de estradas, máquinas e tratores agrícolas, pá-carregadeira|DECRETO ICMS/PB Nº 44.681/23|2024-01-01 00:00:00||0.2|0.32|0.00|0.00|0.00|0.00|0.00|0.00|0.00|0.00|0.00||0.5840000000000001|0.5345|0.45199999999999996|0.00|0.00|0.00|0.00|0.00|0.00|0.00|0.00|0.00|0.00|0.00|0.00|0.00|0.00|||||Anexo_5_Pneumáticos_câmaras_de_ar_e_protetores_de_borracha.xlsx|Pneumatico
16|3.0|16.003.00|40114000|Pneus novos para motocicletas|DECRETO ICMS/PB Nº 39.158|2019-05-07 00:00:00|2023-12-31 00:00:00|0.18|0.6|0.00|0.00|0.00|0.00|0.00|0.00|0.00|0.00|0.00||0.873170731707317|0.8146341463414632|0.7170731707317073|0.00|0.00|0.00|0.00|0.00|0.00|0.00|0.00|0.00|0.00|0.00|0.00|0.00|0.00|||||Anexo_5_Pneumáticos_câmaras_de_ar_e_protetores_de_borracha.xlsx|Pneumatico
16|3.0|16.003.00|40114000|Pneus novos para motocicletas|DECRETO ICMS/PB Nº 44.681/23|2024-01-01 00:00:00||0.2|0.6|0.00|0.00|0.00|0.00|0.00|0.00|0.00|0.00|0.00||0.9199999999999999|0.8599999999999999|0.76|0.00|0.00|0.00|0.00|0.00|0.00|0.00|0.00|0.00|0.00|0.00|0.00|0.00|0.00|||||Anexo_5_Pneumáticos_câmaras_de_ar_e_protetores_de_borracha.xlsx|Pneumatico
16|4.0|16.004.00|4011|Outros tipos de pneus novos, exceto os itens classificados no CEST 16.005.00|DECRETO ICMS/PB Nº 39.158|2019-05-07 00:00:00|2023-12-31 00:00:00|0.18|0.45|0.00|0.00|0.00|0.00|0.00|0.00|0.00|0.00|0.00||0.6975609756097558|0.6445121951219508|0.5560975609756096|0.00|0.00|0.00|0.00|0.00|0.00|0.00|0.00|0.00|0.00|0.00|0.00|0.00|0.00|||||Anexo_5_Pneumáticos_câmaras_de_ar_e_protetores_de_borracha.xlsx|Pneumatico
16|4.0|16.004.00|4011|Outros tipos de pneus novos, exceto os itens classificados no CEST 16.005.00|DECRETO ICMS/PB Nº 44.681/23|2024-01-01 00:00:00||0.2|0.45|0.00|0.00|0.00|0.00|0.00|0.00|0.00|0.00|0.00||0.7399999999999998|0.6856249999999997|0.595|0.00|0.00|0.00|0.00|0.00|0.00|0.00|0.00|0.00|0.00|0.00|0.00|0.00|0.00|||||Anexo_5_Pneumáticos_câmaras_de_ar_e_protetores_de_borracha.xlsx|Pneumatico
16|7.0|16.007.00|401290|Protetores de borracha, exceto os itens classificados no CEST 16.007.01|DECRETO ICMS/PB Nº 39.158|2019-05-07 00:00:00|2023-12-31 00:00:00|0.18|0.45|0.00|0.00|0.00|0.00|0.00|0.00|0.00|0.00|0.00||0.6975609756097558|0.6445121951219508|0.5560975609756096|0.00|0.00|0.00|0.00|0.00|0.00|0.00|0.00|0.00|0.00|0.00|0.00|0.00|0.00|||||Anexo_5_Pneumáticos_câmaras_de_ar_e_protetores_de_borracha.xlsx|Pneumatico
16|7.0|16.007.00|401290|Protetores de borracha, exceto os itens classificados no CEST 16.007.01|DECRETO ICMS/PB Nº 44.681/23|2024-01-01 00:00:00||0.2|0.45|0.00|0.00|0.00|0.00|0.00|0.00|0.00|0.00|0.00||0.7399999999999998|0.6856249999999997|0.595|0.00|0.00|0.00|0.00|0.00|0.00|0.00|0.00|0.00|0.00|0.00|0.00|0.00|0.00|||||Anexo_5_Pneumáticos_câmaras_de_ar_e_protetores_de_borracha.xlsx|Pneumatico
16|8.0|16.008.00|4013|Câmaras de ar de borracha, exceto os itens classificados no CEST 16.009.00|DECRETO ICMS/PB Nº 39.158|2019-05-07 00:00:00|2023-12-31 00:00:00|0.18|0.45|0.00|0.00|0.00|0.00|0.00|0.00|0.00|0.00|0.00||0.6975609756097558|0.6445121951219508|0.5560975609756096|0.00|0.00|0.00|0.00|0.00|0.00|0.00|0.00|0.00|0.00|0.00|0.00|0.00|0.00|||||Anexo_5_Pneumáticos_câmaras_de_ar_e_protetores_de_borracha.xlsx|Pneumatico
16|8.0|16.008.00|4013|Câmaras de ar de borracha, exceto os itens classificados no CEST 16.009.00|DECRETO ICMS/PB Nº 44.681/23|2024-01-01 00:00:00||0.2|0.45|0.00|0.00|0.00|0.00|0.00|0.00|0.00|0.00|0.00||0.7399999999999998|0.6856249999999997|0.595|0.00|0.00|0.00|0.00|0.00|0.00|0.00|0.00|0.00|0.00|0.00|0.00|0.00|0.00|||||Anexo_5_Pneumáticos_câmaras_de_ar_e_protetores_de_borracha.xlsx|Pneumatico
17|12.0|1701200|4021|Leite em pó, blocos ou grânulos, exceto creme de leite|DECRETO ICMS/PB Nº 39.158//Decreto 40.146/20|2019-05-07 00:00:00|2023-12-31 00:00:00|0.18|0.2|0.00|0.00|0.00|0.00|0.00|0.00|0.00|0.00|0.00||0.00|0.00|0.00|0.00|0.00|0.00|0.00|0.00|0.00|0.00|0.00|0.00|0.00|0.00|0.00|0.00|0.00|||||Anexo_5_Produtos_alimentícios.xlsx|Prod_Alimenticios
17|12.0|1701200|4021|Leite em pó, blocos ou grânulos, exceto creme de leite|DECRETO ICMS/PB Nº 44.681/23//DECRETO ICMS/PB Nº 45.112/24|2024-01-01 00:00:00||0.2|0.2|0.00|0.00|0.00|0.00|0.00|0.00|0.00|0.00|0.00||0.00|0.00|0.00|0.00|0.00|0.00|0.00|0.00|0.00|0.00|0.00|0.00|0.00|0.00|0.00|0.00|0.00|||||Anexo_5_Produtos_alimentícios.xlsx|Prod_Alimenticios
17|12.0|1701200|4022|Leite em pó, blocos ou grânulos, exceto creme de leite|DECRETO ICMS/PB Nº 39.158//Decreto 40.146/20|2019-05-07 00:00:00|2023-12-31 00:00:00|0.18|0.2|0.00|0.00|0.00|0.00|0.00|0.00|0.00|0.00|0.00||0.00|0.00|0.00|0.00|0.00|0.00|0.00|0.00|0.00|0.00|0.00|0.00|0.00|0.00|0.00|0.00|0.00|||||Anexo_5_Produtos_alimentícios.xlsx|Prod_Alimenticios
17|12.0|1701200|4022|Leite em pó, blocos ou grânulos, exceto creme de leite|DECRETO ICMS/PB Nº 44.681/23//DECRETO ICMS/PB Nº 45.112/24|2024-01-01 00:00:00||0.2|0.2|0.00|0.00|0.00|0.00|0.00|0.00|0.00|0.00|0.00||0.00|0.00|0.00|0.00|0.00|0.00|0.00|0.00|0.00|0.00|0.00|0.00|0.00|0.00|0.00|0.00|0.00|||||Anexo_5_Produtos_alimentícios.xlsx|Prod_Alimenticios
17|12.0|1701200|4029|Leite em pó, blocos ou grânulos, exceto creme de leite|DECRETO ICMS/PB Nº 39.158//Decreto 40.146/20|2019-05-07 00:00:00|2023-12-31 00:00:00|0.18|0.2|0.00|0.00|0.00|0.00|0.00|0.00|0.00|0.00|0.00||0.00|0.00|0.00|0.00|0.00|0.00|0.00|0.00|0.00|0.00|0.00|0.00|0.00|0.00|0.00|0.00|0.00|||||Anexo_5_Produtos_alimentícios.xlsx|Prod_Alimenticios
17|12.0|1701200|4029|Leite em pó, blocos ou grânulos, exceto creme de leite|DECRETO ICMS/PB Nº 44.681/23//DECRETO ICMS/PB Nº 45.112/24|2024-01-01 00:00:00||0.2|0.2|0.00|0.00|0.00|0.00|0.00|0.00|0.00|0.00|0.00||0.00|0.00|0.00|0.00|0.00|0.00|0.00|0.00|0.00|0.00|0.00|0.00|0.00|0.00|0.00|0.00|0.00|||||Anexo_5_Produtos_alimentícios.xlsx|Prod_Alimenticios
17|14.0|1701400|19011010|Leite modificado para alimentação de crianças|DECRETO ICMS/PB Nº 39.158//Decreto 40.146/20|2019-05-07 00:00:00|2023-12-31 00:00:00|0.18|0.2|0.00|0.00|0.00|0.00|0.00|0.00|0.00|0.00|0.00||0.00|0.00|0.00|0.00|0.00|0.00|0.00|0.00|0.00|0.00|0.00|0.00|0.00|0.00|0.00|0.00|0.00|||||Anexo_5_Produtos_alimentícios.xlsx|Prod_Alimenticios
17|14.0|1701400|19011010|Leite modificado para alimentação de crianças|DECRETO ICMS/PB Nº 44.681/23//DECRETO ICMS/PB Nº 45.112/24|2024-01-01 00:00:00||0.2|0.2|0.00|0.00|0.00|0.00|0.00|0.00|0.00|0.00|0.00||0.00|0.00|0.00|0.00|0.00|0.00|0.00|0.00|0.00|0.00|0.00|0.00|0.00|0.00|0.00|0.00|0.00|||||Anexo_5_Produtos_alimentícios.xlsx|Prod_Alimenticios
17|31.1|1703101|19059090|Salgadinhos diversos, derivados de farinha de trigo|Decreto 39.422/19// Decreto 41.503/21|2019-07-01 00:00:00|2021-06-30 00:00:00|0.18|0.1|0.00|0.00|0.00|0.00|0.00|0.00|0.00|0.00|0.00||0.00|0.00|0.00|0.00|0.00|0.00|0.00|0.00|0.00|0.00|0.00|0.00|0.00|0.00|0.00|0.00|0.00||0.3|0.45||Anexo_5_Produtos_alimentícios.xlsx|Prod_Alimenticios
17|31.1|1703101|19059090|Salgadinhos diversos, derivados de farinha de trigo|Decreto 41.503/21|2021-07-01 00:00:00|2023-12-31 00:00:00|0.18|0.1|0.00|0.00|0.00|0.00|0.00|0.00|0.00|0.00|0.00||0.00|0.00|0.00|0.00|0.00|0.00|0.00|0.00|0.00|0.00|0.00|0.00|0.00|0.00|0.00|0.00|0.00||0.3|0.45||Anexo_5_Produtos_alimentícios.xlsx|Prod_Alimenticios
17|31.1|1703101|19059090|Salgadinhos diversos, derivados de farinha de trigo|DECRETO ICMS/PB Nº 44.681/23//DECRETO ICMS/PB Nº 45.112/24|2024-01-01 00:00:00||0.2|0.1|0.00|0.00|0.00|0.00|0.00|0.00|0.00|0.00|0.00||0.00|0.00|0.00|0.00|0.00|0.00|0.00|0.00|0.00|0.00|0.00|0.00|0.00|0.00|0.00|0.00|0.00||0.3|0.45|Ato Cotepe|Anexo_5_Produtos_alimentícios.xlsx|Prod_Alimenticios
17|44.0|1704400|11010010|Farinha de trigo especial, em embalagem inferior ou igual a 1 kg|DECRETO ICMS/PB Nº 39.158|2019-05-07 00:00:00|2023-12-31 00:00:00|0.18|0.00|0.00|0.00|0.00|0.00|0.00|0.00|0.00|0.00|0.00||0.00|0.00|0.00|0.00|0.00|0.00|0.00|0.00|0.00|0.00|0.00|0.00|0.00|0.00|0.00|0.00|0.00||||Ato Cotepe|Anexo_5_Produtos_alimentícios.xlsx|Prod_Alimenticios
17|44.0|1704400|11010010|Farinha de trigo especial, em embalagem inferior ou igual a 1 kg|DECRETO ICMS/PB Nº 44.681/23//DECRETO ICMS/PB Nº 45.112/24|2024-01-01 00:00:00||0.2|0.00|0.00|0.00|0.00|0.00|0.00|0.00|0.00|0.00|0.00||0.00|0.00|0.00|0.00|0.00|0.00|0.00|0.00|0.00|0.00|0.00|0.00|0.00|0.00|0.00|0.00|0.00||||Ato Cotepe|Anexo_5_Produtos_alimentícios.xlsx|Prod_Alimenticios
17|44.1|1704401|11010010|Farinha de trigo especial, em embalagem superior a 1 kg e inferior a 5 kg|DECRETO ICMS/PB Nº 39.158|2019-05-07 00:00:00|2023-12-31 00:00:00|0.18|0.00|0.00|0.00|0.00|0.00|0.00|0.00|0.00|0.00|0.00||0.00|0.00|0.00|0.00|0.00|0.00|0.00|0.00|0.00|0.00|0.00|0.00|0.00|0.00|0.00|0.00|0.00||||Ato Cotepe|Anexo_5_Produtos_alimentícios.xlsx|Prod_Alimenticios
17|44.1|1704401|11010010|Farinha de trigo especial, em embalagem superior a 1 kg e inferior a 5 kg|DECRETO ICMS/PB Nº 44.681/23//DECRETO ICMS/PB Nº 45.112/24|2024-01-01 00:00:00||0.2|0.00|0.00|0.00|0.00|0.00|0.00|0.00|0.00|0.00|0.00||0.00|0.00|0.00|0.00|0.00|0.00|0.00|0.00|0.00|0.00|0.00|0.00|0.00|0.00|0.00|0.00|0.00||||Ato Cotepe|Anexo_5_Produtos_alimentícios.xlsx|Prod_Alimenticios
17|44.2|1704402|11010010|Farinha de trigo especial, em embalagem igual a 5 kg|DECRETO ICMS/PB Nº 39.158|2019-05-07 00:00:00|2023-12-31 00:00:00|0.18|0.00|0.00|0.00|0.00|0.00|0.00|0.00|0.00|0.00|0.00||0.00|0.00|0.00|0.00|0.00|0.00|0.00|0.00|0.00|0.00|0.00|0.00|0.00|0.00|0.00|0.00|0.00||||Ato Cotepe|Anexo_5_Produtos_alimentícios.xlsx|Prod_Alimenticios
17|44.2|1704402|11010010|Farinha de trigo especial, em embalagem igual a 5 kg|DECRETO ICMS/PB Nº 44.681/23//DECRETO ICMS/PB Nº 45.112/24|2024-01-01 00:00:00||0.2|0.00|0.00|0.00|0.00|0.00|0.00|0.00|0.00|0.00|0.00||0.00|0.00|0.00|0.00|0.00|0.00|0.00|0.00|0.00|0.00|0.00|0.00|0.00|0.00|0.00|0.00|0.00||||Ato Cotepe|Anexo_5_Produtos_alimentícios.xlsx|Prod_Alimenticios
17|44.3|1704403|11010010|Farinha de trigo especial, em embalagem superior a 5 kg e inferior ou igual a 25 kg|DECRETO ICMS/PB Nº 39.158|2019-05-07 00:00:00|2023-12-31 00:00:00|0.18|0.00|0.00|0.00|0.00|0.00|0.00|0.00|0.00|0.00|0.00||0.00|0.00|0.00|0.00|0.00|0.00|0.00|0.00|0.00|0.00|0.00|0.00|0.00|0.00|0.00|0.00|0.00||||Ato Cotepe|Anexo_5_Produtos_alimentícios.xlsx|Prod_Alimenticios
17|44.3|1704403|11010010|Farinha de trigo especial, em embalagem superior a 5 kg e inferior ou igual a 25 kg|DECRETO ICMS/PB Nº 44.681/23//DECRETO ICMS/PB Nº 45.112/24|2024-01-01 00:00:00||0.2|0.00|0.00|0.00|0.00|0.00|0.00|0.00|0.00|0.00|0.00||0.00|0.00|0.00|0.00|0.00|0.00|0.00|0.00|0.00|0.00|0.00|0.00|0.00|0.00|0.00|0.00|0.00||||Ato Cotepe|Anexo_5_Produtos_alimentícios.xlsx|Prod_Alimenticios
17|44.4|1704404|11010010|Farinha de trigo especial, em embalagem superior a 25 kg e inferior ou igual a 50 kg|DECRETO ICMS/PB Nº 39.158|2019-05-07 00:00:00|2023-12-31 00:00:00|0.18|0.00|0.00|0.00|0.00|0.00|0.00|0.00|0.00|0.00|0.00||0.00|0.00|0.00|0.00|0.00|0.00|0.00|0.00|0.00|0.00|0.00|0.00|0.00|0.00|0.00|0.00|0.00||||Ato Cotepe|Anexo_5_Produtos_alimentícios.xlsx|Prod_Alimenticios
17|44.4|1704404|11010010|Farinha de trigo especial, em embalagem superior a 25 kg e inferior ou igual a 50 kg|DECRETO ICMS/PB Nº 44.681/23//DECRETO ICMS/PB Nº 45.112/24|2024-01-01 00:00:00||0.2|0.00|0.00|0.00|0.00|0.00|0.00|0.00|0.00|0.00|0.00||0.00|0.00|0.00|0.00|0.00|0.00|0.00|0.00|0.00|0.00|0.00|0.00|0.00|0.00|0.00|0.00|0.00||||Ato Cotepe|Anexo_5_Produtos_alimentícios.xlsx|Prod_Alimenticios
17|44.5|1704405|11010010|Farinha de trigo comum, em embalagem igual a 5 kg|DECRETO ICMS/PB Nº 39.158|2019-05-07 00:00:00|2023-12-31 00:00:00|0.18|0.00|0.00|0.00|0.00|0.00|0.00|0.00|0.00|0.00|0.00||0.00|0.00|0.00|0.00|0.00|0.00|0.00|0.00|0.00|0.00|0.00|0.00|0.00|0.00|0.00|0.00|0.00||||Ato Cotepe|Anexo_5_Produtos_alimentícios.xlsx|Prod_Alimenticios
17|44.5|1704405|11010010|Farinha de trigo comum, em embalagem igual a 5 kg|DECRETO ICMS/PB Nº 44.681/23//DECRETO ICMS/PB Nº 45.112/24|2024-01-01 00:00:00||0.2|0.00|0.00|0.00|0.00|0.00|0.00|0.00|0.00|0.00|0.00||0.00|0.00|0.00|0.00|0.00|0.00|0.00|0.00|0.00|0.00|0.00|0.00|0.00|0.00|0.00|0.00|0.00||||Ato Cotepe|Anexo_5_Produtos_alimentícios.xlsx|Prod_Alimenticios
17|44.6|1704406|11010010|Farinha de trigo comum, em embalagem superior a 5 kg e inferior ou igual a 25 kg|DECRETO ICMS/PB Nº 39.158|2019-05-07 00:00:00|2023-12-31 00:00:00|0.18|0.00|0.00|0.00|0.00|0.00|0.00|0.00|0.00|0.00|0.00||0.00|0.00|0.00|0.00|0.00|0.00|0.00|0.00|0.00|0.00|0.00|0.00|0.00|0.00|0.00|0.00|0.00||||Ato Cotepe|Anexo_5_Produtos_alimentícios.xlsx|Prod_Alimenticios
17|44.6|1704406|11010010|Farinha de trigo comum, em embalagem superior a 5 kg e inferior ou igual a 25 kg|DECRETO ICMS/PB Nº 44.681/23//DECRETO ICMS/PB Nº 45.112/24|2024-01-01 00:00:00||0.2|0.00|0.00|0.00|0.00|0.00|0.00|0.00|0.00|0.00|0.00||0.00|0.00|0.00|0.00|0.00|0.00|0.00|0.00|0.00|0.00|0.00|0.00|0.00|0.00|0.00|0.00|0.00||||Ato Cotepe|Anexo_5_Produtos_alimentícios.xlsx|Prod_Alimenticios
17|44.7|1704407|11010010|Farinha de trigo comum, em embalagem superior a 25 kg e inferior ou igual a 50 kg|DECRETO ICMS/PB Nº 39.158|2019-05-07 00:00:00|2023-12-31 00:00:00|0.18|0.00|0.00|0.00|0.00|0.00|0.00|0.00|0.00|0.00|0.00||0.00|0.00|0.00|0.00|0.00|0.00|0.00|0.00|0.00|0.00|0.00|0.00|0.00|0.00|0.00|0.00|0.00||||Ato Cotepe|Anexo_5_Produtos_alimentícios.xlsx|Prod_Alimenticios
17|44.7|1704407|11010010|Farinha de trigo comum, em embalagem superior a 25 kg e inferior ou igual a 50 kg|DECRETO ICMS/PB Nº 44.681/23//DECRETO ICMS/PB Nº 45.112/24|2024-01-01 00:00:00||0.2|0.00|0.00|0.00|0.00|0.00|0.00|0.00|0.00|0.00|0.00||0.00|0.00|0.00|0.00|0.00|0.00|0.00|0.00|0.00|0.00|0.00|0.00|0.00|0.00|0.00|0.00|0.00||||Ato Cotepe|Anexo_5_Produtos_alimentícios.xlsx|Prod_Alimenticios
17|44.8|1704408|11010010|Farinha de trigo doméstica especial, em embalagem superior a 5 kg e inferior e igual a 10 kg|DECRETO ICMS/PB Nº 39.158|2019-05-07 00:00:00|2023-12-31 00:00:00|0.18|0.00|0.00|0.00|0.00|0.00|0.00|0.00|0.00|0.00|0.00||0.00|0.00|0.00|0.00|0.00|0.00|0.00|0.00|0.00|0.00|0.00|0.00|0.00|0.00|0.00|0.00|0.00||||Ato Cotepe|Anexo_5_Produtos_alimentícios.xlsx|Prod_Alimenticios
17|44.8|1704408|11010010|Farinha de trigo doméstica especial, em embalagem superior a 5 kg e inferior e igual a 10 kg|DECRETO ICMS/PB Nº 44.681/23//DECRETO ICMS/PB Nº 45.112/24|2024-01-01 00:00:00||0.2|0.00|0.00|0.00|0.00|0.00|0.00|0.00|0.00|0.00|0.00||0.00|0.00|0.00|0.00|0.00|0.00|0.00|0.00|0.00|0.00|0.00|0.00|0.00|0.00|0.00|0.00|0.00||||Ato Cotepe|Anexo_5_Produtos_alimentícios.xlsx|Prod_Alimenticios
17|44.9|1704409|11010010|Farinha de trigo doméstica com fermento, em embalagem superior a 5 kg e inferior e igual a 10 kg|DECRETO ICMS/PB Nº 39.158|2019-05-07 00:00:00|2023-12-31 00:00:00|0.18|0.00|0.00|0.00|0.00|0.00|0.00|0.00|0.00|0.00|0.00||0.00|0.00|0.00|0.00|0.00|0.00|0.00|0.00|0.00|0.00|0.00|0.00|0.00|0.00|0.00|0.00|0.00||||Ato Cotepe|Anexo_5_Produtos_alimentícios.xlsx|Prod_Alimenticios
17|44.9|1704409|11010010|Farinha de trigo doméstica com fermento, em embalagem superior a 5 kg e inferior e igual a 10 kg|DECRETO ICMS/PB Nº 44.681/23//DECRETO ICMS/PB Nº 45.112/24|2024-01-01 00:00:00||0.2|0.00|0.00|0.00|0.00|0.00|0.00|0.00|0.00|0.00|0.00||0.00|0.00|0.00|0.00|0.00|0.00|0.00|0.00|0.00|0.00|0.00|0.00|0.00|0.00|0.00|0.00|0.00||||Ato Cotepe|Anexo_5_Produtos_alimentícios.xlsx|Prod_Alimenticios
17|44.10|1704410|11010010|Farinha de trigo especial, em embalagem superior a 50 Kg|DECRETO ICMS/PB Nº 39.158|2019-05-07 00:00:00|2023-12-31 00:00:00|0.18|0.00|0.00|0.00|0.00|0.00|0.00|0.00|0.00|0.00|0.00||0.00|0.00|0.00|0.00|0.00|0.00|0.00|0.00|0.00|0.00|0.00|0.00|0.00|0.00|0.00|0.00|0.00||||Ato Cotepe|Anexo_5_Produtos_alimentícios.xlsx|Prod_Alimenticios
17|44.10|1704410|11010010|Farinha de trigo especial, em embalagem superior a 50 Kg|DECRETO ICMS/PB Nº 44.681/23//DECRETO ICMS/PB Nº 45.112/24|2024-01-01 00:00:00||0.2|0.00|0.00|0.00|0.00|0.00|0.00|0.00|0.00|0.00|0.00||0.00|0.00|0.00|0.00|0.00|0.00|0.00|0.00|0.00|0.00|0.00|0.00|0.00|0.00|0.00|0.00|0.00||||Ato Cotepe|Anexo_5_Produtos_alimentícios.xlsx|Prod_Alimenticios
17|44.11|1704411|11010010|Farinha de trigo comum, em embalagem inferior ou igual a 1 kg|DECRETO ICMS/PB Nº 39.158|2019-05-07 00:00:00|2023-12-31 00:00:00|0.18|0.00|0.00|0.00|0.00|0.00|0.00|0.00|0.00|0.00|0.00||0.00|0.00|0.00|0.00|0.00|0.00|0.00|0.00|0.00|0.00|0.00|0.00|0.00|0.00|0.00|0.00|0.00||||Ato Cotepe|Anexo_5_Produtos_alimentícios.xlsx|Prod_Alimenticios
17|44.11|1704411|11010010|Farinha de trigo comum, em embalagem inferior ou igual a 1 kg|DECRETO ICMS/PB Nº 44.681/23//DECRETO ICMS/PB Nº 45.112/24|2024-01-01 00:00:00||0.2|0.00|0.00|0.00|0.00|0.00|0.00|0.00|0.00|0.00|0.00||0.00|0.00|0.00|0.00|0.00|0.00|0.00|0.00|0.00|0.00|0.00|0.00|0.00|0.00|0.00|0.00|0.00||||Ato Cotepe|Anexo_5_Produtos_alimentícios.xlsx|Prod_Alimenticios
17|44.12|1704412|11010010|Farinha de trigo comum, em embalagem superior a 1 kg e inferior a 5 Kg|DECRETO ICMS/PB Nº 39.158|2019-05-07 00:00:00|2023-12-31 00:00:00|0.18|0.00|0.00|0.00|0.00|0.00|0.00|0.00|0.00|0.00|0.00||0.00|0.00|0.00|0.00|0.00|0.00|0.00|0.00|0.00|0.00|0.00|0.00|0.00|0.00|0.00|0.00|0.00||||Ato Cotepe|Anexo_5_Produtos_alimentícios.xlsx|Prod_Alimenticios
17|44.12|1704412|11010010|Farinha de trigo comum, em embalagem superior a 1 kg e inferior a 5 Kg|DECRETO ICMS/PB Nº 44.681/23//DECRETO ICMS/PB Nº 45.112/24|2024-01-01 00:00:00||0.2|0.00|0.00|0.00|0.00|0.00|0.00|0.00|0.00|0.00|0.00||0.00|0.00|0.00|0.00|0.00|0.00|0.00|0.00|0.00|0.00|0.00|0.00|0.00|0.00|0.00|0.00|0.00||||Ato Cotepe|Anexo_5_Produtos_alimentícios.xlsx|Prod_Alimenticios
17|44.13|1704413|11010010|Farinha de trigo comum, em embalagem superior a 50 kg|DECRETO ICMS/PB Nº 39.158|2019-05-07 00:00:00|2023-12-31 00:00:00|0.18|0.00|0.00|0.00|0.00|0.00|0.00|0.00|0.00|0.00|0.00||0.00|0.00|0.00|0.00|0.00|0.00|0.00|0.00|0.00|0.00|0.00|0.00|0.00|0.00|0.00|0.00|0.00||||Ato Cotepe|Anexo_5_Produtos_alimentícios.xlsx|Prod_Alimenticios
17|44.13|1704413|11010010|Farinha de trigo comum, em embalagem superior a 50 kg|DECRETO ICMS/PB Nº 44.681/23//DECRETO ICMS/PB Nº 45.112/24|2024-01-01 00:00:00||0.2|0.00|0.00|0.00|0.00|0.00|0.00|0.00|0.00|0.00|0.00||0.00|0.00|0.00|0.00|0.00|0.00|0.00|0.00|0.00|0.00|0.00|0.00|0.00|0.00|0.00|0.00|0.00||||Ato Cotepe|Anexo_5_Produtos_alimentícios.xlsx|Prod_Alimenticios
17|44.14|1704414|11010010|Farinha de trigo doméstica especial, em embalagem inferior ou igual a 1 kg|DECRETO ICMS/PB Nº 39.158|2019-05-07 00:00:00|2023-12-31 00:00:00|0.18|0.00|0.00|0.00|0.00|0.00|0.00|0.00|0.00|0.00|0.00||0.00|0.00|0.00|0.00|0.00|0.00|0.00|0.00|0.00|0.00|0.00|0.00|0.00|0.00|0.00|0.00|0.00||||Ato Cotepe|Anexo_5_Produtos_alimentícios.xlsx|Prod_Alimenticios
17|44.14|1704414|11010010|Farinha de trigo doméstica especial, em embalagem inferior ou igual a 1 kg|DECRETO ICMS/PB Nº 44.681/23//DECRETO ICMS/PB Nº 45.112/24|2024-01-01 00:00:00||0.2|0.00|0.00|0.00|0.00|0.00|0.00|0.00|0.00|0.00|0.00||0.00|0.00|0.00|0.00|0.00|0.00|0.00|0.00|0.00|0.00|0.00|0.00|0.00|0.00|0.00|0.00|0.00||||Ato Cotepe|Anexo_5_Produtos_alimentícios.xlsx|Prod_Alimenticios
17|44.15|1704415|11010010|Farinha de trigo doméstica especial, em embalagem superior a 1 kg e inferior a 5 Kg|DECRETO ICMS/PB Nº 39.158|2019-05-07 00:00:00|2023-12-31 00:00:00|0.18|0.00|0.00|0.00|0.00|0.00|0.00|0.00|0.00|0.00|0.00||0.00|0.00|0.00|0.00|0.00|0.00|0.00|0.00|0.00|0.00|0.00|0.00|0.00|0.00|0.00|0.00|0.00||||Ato Cotepe|Anexo_5_Produtos_alimentícios.xlsx|Prod_Alimenticios
17|44.15|1704415|11010010|Farinha de trigo doméstica especial, em embalagem superior a 1 kg e inferior a 5 Kg|DECRETO ICMS/PB Nº 44.681/23//DECRETO ICMS/PB Nº 45.112/24|2024-01-01 00:00:00||0.2|0.00|0.00|0.00|0.00|0.00|0.00|0.00|0.00|0.00|0.00||0.00|0.00|0.00|0.00|0.00|0.00|0.00|0.00|0.00|0.00|0.00|0.00|0.00|0.00|0.00|0.00|0.00||||Ato Cotepe|Anexo_5_Produtos_alimentícios.xlsx|Prod_Alimenticios
17|44.16|1704416|11010010|Farinha de trigo doméstica especial, em embalagem igual a 5 Kg|DECRETO ICMS/PB Nº 39.158|2019-05-07 00:00:00|2023-12-31 00:00:00|0.18|0.00|0.00|0.00|0.00|0.00|0.00|0.00|0.00|0.00|0.00||0.00|0.00|0.00|0.00|0.00|0.00|0.00|0.00|0.00|0.00|0.00|0.00|0.00|0.00|0.00|0.00|0.00||||Ato Cotepe|Anexo_5_Produtos_alimentícios.xlsx|Prod_Alimenticios
17|44.16|1704416|11010010|Farinha de trigo doméstica especial, em embalagem igual a 5 Kg|DECRETO ICMS/PB Nº 44.681/23//DECRETO ICMS/PB Nº 45.112/24|2024-01-01 00:00:00||0.2|0.00|0.00|0.00|0.00|0.00|0.00|0.00|0.00|0.00|0.00||0.00|0.00|0.00|0.00|0.00|0.00|0.00|0.00|0.00|0.00|0.00|0.00|0.00|0.00|0.00|0.00|0.00||||Ato Cotepe|Anexo_5_Produtos_alimentícios.xlsx|Prod_Alimenticios
17|44.17|1704417|11010010|Farinha de trigo doméstica especial, em embalagem superior a 10 Kg|DECRETO ICMS/PB Nº 39.158|2019-05-07 00:00:00|2023-12-31 00:00:00|0.18|0.00|0.00|0.00|0.00|0.00|0.00|0.00|0.00|0.00|0.00||0.00|0.00|0.00|0.00|0.00|0.00|0.00|0.00|0.00|0.00|0.00|0.00|0.00|0.00|0.00|0.00|0.00||||Ato Cotepe|Anexo_5_Produtos_alimentícios.xlsx|Prod_Alimenticios
17|44.17|1704417|11010010|Farinha de trigo doméstica especial, em embalagem superior a 10 Kg|DECRETO ICMS/PB Nº 44.681/23//DECRETO ICMS/PB Nº 45.112/24|2024-01-01 00:00:00||0.2|0.00|0.00|0.00|0.00|0.00|0.00|0.00|0.00|0.00|0.00||0.00|0.00|0.00|0.00|0.00|0.00|0.00|0.00|0.00|0.00|0.00|0.00|0.00|0.00|0.00|0.00|0.00||||Ato Cotepe|Anexo_5_Produtos_alimentícios.xlsx|Prod_Alimenticios
17|44.18|1704418|11010010|Farinha de trigo doméstica com fermento, em embalagem inferior ou igual a 1 kg|DECRETO ICMS/PB Nº 39.158|2019-05-07 00:00:00|2023-12-31 00:00:00|0.18|0.00|0.00|0.00|0.00|0.00|0.00|0.00|0.00|0.00|0.00||0.00|0.00|0.00|0.00|0.00|0.00|0.00|0.00|0.00|0.00|0.00|0.00|0.00|0.00|0.00|0.00|0.00||||Ato Cotepe|Anexo_5_Produtos_alimentícios.xlsx|Prod_Alimenticios
17|44.18|1704418|11010010|Farinha de trigo doméstica com fermento, em embalagem inferior ou igual a 1 kg|DECRETO ICMS/PB Nº 44.681/23//DECRETO ICMS/PB Nº 45.112/24|2024-01-01 00:00:00||0.2|0.00|0.00|0.00|0.00|0.00|0.00|0.00|0.00|0.00|0.00||0.00|0.00|0.00|0.00|0.00|0.00|0.00|0.00|0.00|0.00|0.00|0.00|0.00|0.00|0.00|0.00|0.00||||Ato Cotepe|Anexo_5_Produtos_alimentícios.xlsx|Prod_Alimenticios
17|44.19|1704419|11010010|Farinha de trigo doméstica com fermento, em embalagem superior a 1 kg e inferior a 5 Kg|DECRETO ICMS/PB Nº 39.158|2019-05-07 00:00:00|2023-12-31 00:00:00|0.18|0.00|0.00|0.00|0.00|0.00|0.00|0.00|0.00|0.00|0.00||0.00|0.00|0.00|0.00|0.00|0.00|0.00|0.00|0.00|0.00|0.00|0.00|0.00|0.00|0.00|0.00|0.00||||Ato Cotepe|Anexo_5_Produtos_alimentícios.xlsx|Prod_Alimenticios
17|44.19|1704419|11010010|Farinha de trigo doméstica com fermento, em embalagem superior a 1 kg e inferior a 5 Kg|DECRETO ICMS/PB Nº 44.681/23//DECRETO ICMS/PB Nº 45.112/24|2024-01-01 00:00:00||0.2|0.00|0.00|0.00|0.00|0.00|0.00|0.00|0.00|0.00|0.00||0.00|0.00|0.00|0.00|0.00|0.00|0.00|0.00|0.00|0.00|0.00|0.00|0.00|0.00|0.00|0.00|0.00||||Ato Cotepe|Anexo_5_Produtos_alimentícios.xlsx|Prod_Alimenticios
17|44.20|1704420|11010010|Farinha de trigo doméstica com fermento, em embalagem igual a 5 Kg|DECRETO ICMS/PB Nº 39.158|2019-05-07 00:00:00|2023-12-31 00:00:00|0.18|0.00|0.00|0.00|0.00|0.00|0.00|0.00|0.00|0.00|0.00||0.00|0.00|0.00|0.00|0.00|0.00|0.00|0.00|0.00|0.00|0.00|0.00|0.00|0.00|0.00|0.00|0.00||||Ato Cotepe|Anexo_5_Produtos_alimentícios.xlsx|Prod_Alimenticios
17|44.20|1704420|11010010|Farinha de trigo doméstica com fermento, em embalagem igual a 5 Kg|DECRETO ICMS/PB Nº 44.681/23//DECRETO ICMS/PB Nº 45.112/24|2024-01-01 00:00:00||0.2|0.00|0.00|0.00|0.00|0.00|0.00|0.00|0.00|0.00|0.00||0.00|0.00|0.00|0.00|0.00|0.00|0.00|0.00|0.00|0.00|0.00|0.00|0.00|0.00|0.00|0.00|0.00||||Ato Cotepe|Anexo_5_Produtos_alimentícios.xlsx|Prod_Alimenticios
17|44.21|1704421|11010010|Farinha de trigo doméstica com fermento, em embalagem superior a 10 Kg|DECRETO ICMS/PB Nº 39.158|2019-05-07 00:00:00|2023-12-31 00:00:00|0.18|0.00|0.00|0.00|0.00|0.00|0.00|0.00|0.00|0.00|0.00||0.00|0.00|0.00|0.00|0.00|0.00|0.00|0.00|0.00|0.00|0.00|0.00|0.00|0.00|0.00|0.00|0.00||||Ato Cotepe|Anexo_5_Produtos_alimentícios.xlsx|Prod_Alimenticios
17|44.21|1704421|11010010|Farinha de trigo doméstica com fermento, em embalagem superior a 10 Kg|DECRETO ICMS/PB Nº 44.681/23//DECRETO ICMS/PB Nº 45.112/24|2024-01-01 00:00:00||0.2|0.00|0.00|0.00|0.00|0.00|0.00|0.00|0.00|0.00|0.00||0.00|0.00|0.00|0.00|0.00|0.00|0.00|0.00|0.00|0.00|0.00|0.00|0.00|0.00|0.00|0.00|0.00||||Ato Cotepe|Anexo_5_Produtos_alimentícios.xlsx|Prod_Alimenticios
17|44.22|1704422|11010010|Outras farinhas de trigo, em embalagem inferior ou igual a 1 kg|DECRETO ICMS/PB Nº 39.158|2019-05-07 00:00:00|2023-12-31 00:00:00|0.18|0.00|0.00|0.00|0.00|0.00|0.00|0.00|0.00|0.00|0.00||0.00|0.00|0.00|0.00|0.00|0.00|0.00|0.00|0.00|0.00|0.00|0.00|0.00|0.00|0.00|0.00|0.00||||Ato Cotepe|Anexo_5_Produtos_alimentícios.xlsx|Prod_Alimenticios
17|44.22|1704422|11010010|Outras farinhas de trigo, em embalagem inferior ou igual a 1 kg|DECRETO ICMS/PB Nº 44.681/23//DECRETO ICMS/PB Nº 45.112/24|2024-01-01 00:00:00||0.2|0.00|0.00|0.00|0.00|0.00|0.00|0.00|0.00|0.00|0.00||0.00|0.00|0.00|0.00|0.00|0.00|0.00|0.00|0.00|0.00|0.00|0.00|0.00|0.00|0.00|0.00|0.00||||Ato Cotepe|Anexo_5_Produtos_alimentícios.xlsx|Prod_Alimenticios
17|44.23|1704423|11010010|Outras farinhas de trigo, em embalagem superior a 1 kg e inferior a 5 Kg|DECRETO ICMS/PB Nº 39.158|2019-05-07 00:00:00|2023-12-31 00:00:00|0.18|0.00|0.00|0.00|0.00|0.00|0.00|0.00|0.00|0.00|0.00||0.00|0.00|0.00|0.00|0.00|0.00|0.00|0.00|0.00|0.00|0.00|0.00|0.00|0.00|0.00|0.00|0.00||||Ato Cotepe|Anexo_5_Produtos_alimentícios.xlsx|Prod_Alimenticios
17|44.23|1704423|11010010|Outras farinhas de trigo, em embalagem superior a 1 kg e inferior a 5 Kg|DECRETO ICMS/PB Nº 44.681/23//DECRETO ICMS/PB Nº 45.112/24|2024-01-01 00:00:00||0.2|0.00|0.00|0.00|0.00|0.00|0.00|0.00|0.00|0.00|0.00||0.00|0.00|0.00|0.00|0.00|0.00|0.00|0.00|0.00|0.00|0.00|0.00|0.00|0.00|0.00|0.00|0.00||||Ato Cotepe|Anexo_5_Produtos_alimentícios.xlsx|Prod_Alimenticios
17|44.24|1704424|11010010|Outras farinhas de trigo, em embalagem igual a 5 Kg|DECRETO ICMS/PB Nº 39.158|2019-05-07 00:00:00|2023-12-31 00:00:00|0.18|0.00|0.00|0.00|0.00|0.00|0.00|0.00|0.00|0.00|0.00||0.00|0.00|0.00|0.00|0.00|0.00|0.00|0.00|0.00|0.00|0.00|0.00|0.00|0.00|0.00|0.00|0.00||||Ato Cotepe|Anexo_5_Produtos_alimentícios.xlsx|Prod_Alimenticios
17|44.24|1704424|11010010|Outras farinhas de trigo, em embalagem igual a 5 Kg|DECRETO ICMS/PB Nº 44.681/23//DECRETO ICMS/PB Nº 45.112/24|2024-01-01 00:00:00||0.2|0.00|0.00|0.00|0.00|0.00|0.00|0.00|0.00|0.00|0.00||0.00|0.00|0.00|0.00|0.00|0.00|0.00|0.00|0.00|0.00|0.00|0.00|0.00|0.00|0.00|0.00|0.00||||Ato Cotepe|Anexo_5_Produtos_alimentícios.xlsx|Prod_Alimenticios
17|44.25|1704425|11010010|Outras farinhas de trigo, em embalagem superior a 5 Kg e inferior ou igual a 25 kg|DECRETO ICMS/PB Nº 39.158|2019-05-07 00:00:00|2023-12-31 00:00:00|0.18|0.00|0.00|0.00|0.00|0.00|0.00|0.00|0.00|0.00|0.00||0.00|0.00|0.00|0.00|0.00|0.00|0.00|0.00|0.00|0.00|0.00|0.00|0.00|0.00|0.00|0.00|0.00||||Ato Cotepe|Anexo_5_Produtos_alimentícios.xlsx|Prod_Alimenticios
17|44.25|1704425|11010010|Outras farinhas de trigo, em embalagem superior a 5 Kg e inferior ou igual a 25 kg|DECRETO ICMS/PB Nº 44.681/23//DECRETO ICMS/PB Nº 45.112/24|2024-01-01 00:00:00||0.2|0.00|0.00|0.00|0.00|0.00|0.00|0.00|0.00|0.00|0.00||0.00|0.00|0.00|0.00|0.00|0.00|0.00|0.00|0.00|0.00|0.00|0.00|0.00|0.00|0.00|0.00|0.00||||Ato Cotepe|Anexo_5_Produtos_alimentícios.xlsx|Prod_Alimenticios
17|44.26|1704426|11010010|Outras farinhas de trigo, em embalagem superior a 25 Kg e inferior ou igual a 50 kg|DECRETO ICMS/PB Nº 39.158|2019-05-07 00:00:00|2023-12-31 00:00:00|0.18|0.00|0.00|0.00|0.00|0.00|0.00|0.00|0.00|0.00|0.00||0.00|0.00|0.00|0.00|0.00|0.00|0.00|0.00|0.00|0.00|0.00|0.00|0.00|0.00|0.00|0.00|0.00||||Ato Cotepe|Anexo_5_Produtos_alimentícios.xlsx|Prod_Alimenticios
17|44.26|1704426|11010010|Outras farinhas de trigo, em embalagem superior a 25 Kg e inferior ou igual a 50 kg|DECRETO ICMS/PB Nº 44.681/23//DECRETO ICMS/PB Nº 45.112/24|2024-01-01 00:00:00||0.2|0.00|0.00|0.00|0.00|0.00|0.00|0.00|0.00|0.00|0.00||0.00|0.00|0.00|0.00|0.00|0.00|0.00|0.00|0.00|0.00|0.00|0.00|0.00|0.00|0.00|0.00|0.00||||Ato Cotepe|Anexo_5_Produtos_alimentícios.xlsx|Prod_Alimenticios
17|44.27|1704427|11010010|Outras farinhas de trigo, em embalagem superior a 50 Kg|DECRETO ICMS/PB Nº 39.158|2019-05-07 00:00:00|2023-12-31 00:00:00|0.18|0.00|0.00|0.00|0.00|0.00|0.00|0.00|0.00|0.00|0.00||0.00|0.00|0.00|0.00|0.00|0.00|0.00|0.00|0.00|0.00|0.00|0.00|0.00|0.00|0.00|0.00|0.00||||Ato Cotepe|Anexo_5_Produtos_alimentícios.xlsx|Prod_Alimenticios
17|44.27|1704427|11010010|Outras farinhas de trigo, em embalagem superior a 50 Kg|DECRETO ICMS/PB Nº 44.681/23//DECRETO ICMS/PB Nº 45.112/24|2024-01-01 00:00:00||0.2|0.00|0.00|0.00|0.00|0.00|0.00|0.00|0.00|0.00|0.00||0.00|0.00|0.00|0.00|0.00|0.00|0.00|0.00|0.00|0.00|0.00|0.00|0.00|0.00|0.00|0.00|0.00||||Ato Cotepe|Anexo_5_Produtos_alimentícios.xlsx|Prod_Alimenticios
17|46.10|1704610|19012000|Misturas e preparações para pães com, no mínimo, 80% de farinha de trigo na sua composição final, em embalagem inferior a 5 kg|DECRETO ICMS/PB Nº 39.158|2019-05-07 00:00:00|2023-12-31 00:00:00|0.18|0.00|0.00|0.00|0.00|0.00|0.00|0.00|0.00|0.00|0.00||0.00|0.00|0.00|0.00|0.00|0.00|0.00|0.00|0.00|0.00|0.00|0.00|0.00|0.00|0.00|0.00|0.00||||Ato Cotepe|Anexo_5_Produtos_alimentícios.xlsx|Prod_Alimenticios
17|46.10|1704610|19012000|Misturas e preparações para pães com, no mínimo, 80% de farinha de trigo na sua composição final, em embalagem inferior a 5 kg|DECRETO ICMS/PB Nº 44.681/23//DECRETO ICMS/PB Nº 45.112/24|2024-01-01 00:00:00||0.2|0.00|0.00|0.00|0.00|0.00|0.00|0.00|0.00|0.00|0.00||0.00|0.00|0.00|0.00|0.00|0.00|0.00|0.00|0.00|0.00|0.00|0.00|0.00|0.00|0.00|0.00|0.00||||Ato Cotepe|Anexo_5_Produtos_alimentícios.xlsx|Prod_Alimenticios
17|46.10|1704610|19019090|Misturas e preparações para pães com, no mínimo, 80% de farinha de trigo na sua composição final, em embalagem inferior a 5 kg|DECRETO ICMS/PB Nº 39.158|2019-05-07 00:00:00|2023-12-31 00:00:00|0.18|0.00|0.00|0.00|0.00|0.00|0.00|0.00|0.00|0.00|0.00||0.00|0.00|0.00|0.00|0.00|0.00|0.00|0.00|0.00|0.00|0.00|0.00|0.00|0.00|0.00|0.00|0.00||||Ato Cotepe|Anexo_5_Produtos_alimentícios.xlsx|Prod_Alimenticios
17|46.10|1704610|19019090|Misturas e preparações para pães com, no mínimo, 80% de farinha de trigo na sua composição final, em embalagem inferior a 5 kg|DECRETO ICMS/PB Nº 44.681/23//DECRETO ICMS/PB Nº 45.112/24|2024-01-01 00:00:00||0.2|0.00|0.00|0.00|0.00|0.00|0.00|0.00|0.00|0.00|0.00||0.00|0.00|0.00|0.00|0.00|0.00|0.00|0.00|0.00|0.00|0.00|0.00|0.00|0.00|0.00|0.00|0.00||||Ato Cotepe|Anexo_5_Produtos_alimentícios.xlsx|Prod_Alimenticios
17|46.11|1704611|19012000|Misturas e preparações para pães com, no mínimo, 80% de farinha de trigo na sua composição final, em embalagem igual a 5 kg|DECRETO ICMS/PB Nº 39.158|2019-05-07 00:00:00|2023-12-31 00:00:00|0.18|0.00|0.00|0.00|0.00|0.00|0.00|0.00|0.00|0.00|0.00||0.00|0.00|0.00|0.00|0.00|0.00|0.00|0.00|0.00|0.00|0.00|0.00|0.00|0.00|0.00|0.00|0.00||||Ato Cotepe|Anexo_5_Produtos_alimentícios.xlsx|Prod_Alimenticios
17|46.11|1704611|19012000|Misturas e preparações para pães com, no mínimo, 80% de farinha de trigo na sua composição final, em embalagem igual a 5 kg|DECRETO ICMS/PB Nº 44.681/23//DECRETO ICMS/PB Nº 45.112/24|2024-01-01 00:00:00||0.2|0.00|0.00|0.00|0.00|0.00|0.00|0.00|0.00|0.00|0.00||0.00|0.00|0.00|0.00|0.00|0.00|0.00|0.00|0.00|0.00|0.00|0.00|0.00|0.00|0.00|0.00|0.00||||Ato Cotepe|Anexo_5_Produtos_alimentícios.xlsx|Prod_Alimenticios
17|46.11|1704611|19019090|Misturas e preparações para pães com, no mínimo, 80% de farinha de trigo na sua composição final, em embalagem igual a 5 kg|DECRETO ICMS/PB Nº 39.158|2019-05-07 00:00:00|2023-12-31 00:00:00|0.18|0.00|0.00|0.00|0.00|0.00|0.00|0.00|0.00|0.00|0.00||0.00|0.00|0.00|0.00|0.00|0.00|0.00|0.00|0.00|0.00|0.00|0.00|0.00|0.00|0.00|0.00|0.00||||Ato Cotepe|Anexo_5_Produtos_alimentícios.xlsx|Prod_Alimenticios
17|46.11|1704611|19019090|Misturas e preparações para pães com, no mínimo, 80% de farinha de trigo na sua composição final, em embalagem igual a 5 kg|DECRETO ICMS/PB Nº 44.681/23//DECRETO ICMS/PB Nº 45.112/24|2024-01-01 00:00:00||0.2|0.00|0.00|0.00|0.00|0.00|0.00|0.00|0.00|0.00|0.00||0.00|0.00|0.00|0.00|0.00|0.00|0.00|0.00|0.00|0.00|0.00|0.00|0.00|0.00|0.00|0.00|0.00||||Ato Cotepe|Anexo_5_Produtos_alimentícios.xlsx|Prod_Alimenticios
17|46.12|1704612|19012000|Misturas e preparações para pães com, no mínimo, 80% de farinha de trigo na sua composição final, em embalagem superior a 5 kg e inferior ou igual a 25 Kg|DECRETO ICMS/PB Nº 39.158|2019-05-07 00:00:00|2023-12-31 00:00:00|0.18|0.00|0.00|0.00|0.00|0.00|0.00|0.00|0.00|0.00|0.00||0.00|0.00|0.00|0.00|0.00|0.00|0.00|0.00|0.00|0.00|0.00|0.00|0.00|0.00|0.00|0.00|0.00||||Ato Cotepe|Anexo_5_Produtos_alimentícios.xlsx|Prod_Alimenticios
17|46.12|1704612|19012000|Misturas e preparações para pães com, no mínimo, 80% de farinha de trigo na sua composição final, em embalagem superior a 5 kg e inferior ou igual a 25 Kg|DECRETO ICMS/PB Nº 44.681/23//DECRETO ICMS/PB Nº 45.112/24|2024-01-01 00:00:00||0.2|0.00|0.00|0.00|0.00|0.00|0.00|0.00|0.00|0.00|0.00||0.00|0.00|0.00|0.00|0.00|0.00|0.00|0.00|0.00|0.00|0.00|0.00|0.00|0.00|0.00|0.00|0.00||||Ato Cotepe|Anexo_5_Produtos_alimentícios.xlsx|Prod_Alimenticios
17|46.12|1704612|19019090|Misturas e preparações para pães com, no mínimo, 80% de farinha de trigo na sua composição final, em embalagem superior a 5 kg e inferior ou igual a 25 Kg|DECRETO ICMS/PB Nº 39.158|2019-05-07 00:00:00|2023-12-31 00:00:00|0.18|0.00|0.00|0.00|0.00|0.00|0.00|0.00|0.00|0.00|0.00||0.00|0.00|0.00|0.00|0.00|0.00|0.00|0.00|0.00|0.00|0.00|0.00|0.00|0.00|0.00|0.00|0.00||||Ato Cotepe|Anexo_5_Produtos_alimentícios.xlsx|Prod_Alimenticios
17|46.12|1704612|19019090|Misturas e preparações para pães com, no mínimo, 80% de farinha de trigo na sua composição final, em embalagem superior a 5 kg e inferior ou igual a 25 Kg|DECRETO ICMS/PB Nº 44.681/23//DECRETO ICMS/PB Nº 45.112/24|2024-01-01 00:00:00||0.2|0.00|0.00|0.00|0.00|0.00|0.00|0.00|0.00|0.00|0.00||0.00|0.00|0.00|0.00|0.00|0.00|0.00|0.00|0.00|0.00|0.00|0.00|0.00|0.00|0.00|0.00|0.00||||Ato Cotepe|Anexo_5_Produtos_alimentícios.xlsx|Prod_Alimenticios
17|46.13|1704613|19012000|Misturas e preparações para pães com, no mínimo, 80% de farinha de trigo na sua composição final, em embalagem superior a 25 kg e inferior ou igual a 50 Kg|DECRETO ICMS/PB Nº 39.158|2019-05-07 00:00:00|2023-12-31 00:00:00|0.18|0.00|0.00|0.00|0.00|0.00|0.00|0.00|0.00|0.00|0.00||0.00|0.00|0.00|0.00|0.00|0.00|0.00|0.00|0.00|0.00|0.00|0.00|0.00|0.00|0.00|0.00|0.00||||Ato Cotepe|Anexo_5_Produtos_alimentícios.xlsx|Prod_Alimenticios
17|46.13|1704613|19012000|Misturas e preparações para pães com, no mínimo, 80% de farinha de trigo na sua composição final, em embalagem superior a 25 kg e inferior ou igual a 50 Kg|DECRETO ICMS/PB Nº 44.681/23//DECRETO ICMS/PB Nº 45.112/24|2024-01-01 00:00:00||0.2|0.00|0.00|0.00|0.00|0.00|0.00|0.00|0.00|0.00|0.00||0.00|0.00|0.00|0.00|0.00|0.00|0.00|0.00|0.00|0.00|0.00|0.00|0.00|0.00|0.00|0.00|0.00||||Ato Cotepe|Anexo_5_Produtos_alimentícios.xlsx|Prod_Alimenticios
17|46.13|1704613|19019090|Misturas e preparações para pães com, no mínimo, 80% de farinha de trigo na sua composição final, em embalagem superior a 25 kg e inferior ou igual a 50 Kg|DECRETO ICMS/PB Nº 39.158|2019-05-07 00:00:00|2023-12-31 00:00:00|0.18|0.00|0.00|0.00|0.00|0.00|0.00|0.00|0.00|0.00|0.00||0.00|0.00|0.00|0.00|0.00|0.00|0.00|0.00|0.00|0.00|0.00|0.00|0.00|0.00|0.00|0.00|0.00||||Ato Cotepe|Anexo_5_Produtos_alimentícios.xlsx|Prod_Alimenticios
17|46.13|1704613|19019090|Misturas e preparações para pães com, no mínimo, 80% de farinha de trigo na sua composição final, em embalagem superior a 25 kg e inferior ou igual a 50 Kg|DECRETO ICMS/PB Nº 44.681/23//DECRETO ICMS/PB Nº 45.112/24|2024-01-01 00:00:00||0.2|0.00|0.00|0.00|0.00|0.00|0.00|0.00|0.00|0.00|0.00||0.00|0.00|0.00|0.00|0.00|0.00|0.00|0.00|0.00|0.00|0.00|0.00|0.00|0.00|0.00|0.00|0.00||||Ato Cotepe|Anexo_5_Produtos_alimentícios.xlsx|Prod_Alimenticios
17|46.14|1704614|19012000|Misturas e preparações para pães com, no mínimo, 80% de farinha de trigo na sua composição final, em embalagem superior a 50 Kg|DECRETO ICMS/PB Nº 39.158|2019-05-07 00:00:00|2023-12-31 00:00:00|0.18|0.00|0.00|0.00|0.00|0.00|0.00|0.00|0.00|0.00|0.00||0.00|0.00|0.00|0.00|0.00|0.00|0.00|0.00|0.00|0.00|0.00|0.00|0.00|0.00|0.00|0.00|0.00||||Ato Cotepe|Anexo_5_Produtos_alimentícios.xlsx|Prod_Alimenticios
17|46.14|1704614|19012000|Misturas e preparações para pães com, no mínimo, 80% de farinha de trigo na sua composição final, em embalagem superior a 50 Kg|DECRETO ICMS/PB Nº 44.681/23//DECRETO ICMS/PB Nº 45.112/24|2024-01-01 00:00:00||0.2|0.00|0.00|0.00|0.00|0.00|0.00|0.00|0.00|0.00|0.00||0.00|0.00|0.00|0.00|0.00|0.00|0.00|0.00|0.00|0.00|0.00|0.00|0.00|0.00|0.00|0.00|0.00||||Ato Cotepe|Anexo_5_Produtos_alimentícios.xlsx|Prod_Alimenticios
17|46.14|1704614|19019090|Misturas e preparações para pães com, no mínimo, 80% de farinha de trigo na sua composição final, em embalagem superior a 50 Kg|DECRETO ICMS/PB Nº 39.158|2019-05-07 00:00:00|2023-12-31 00:00:00|0.18|0.00|0.00|0.00|0.00|0.00|0.00|0.00|0.00|0.00|0.00||0.00|0.00|0.00|0.00|0.00|0.00|0.00|0.00|0.00|0.00|0.00|0.00|0.00|0.00|0.00|0.00|0.00||||Ato Cotepe|Anexo_5_Produtos_alimentícios.xlsx|Prod_Alimenticios
17|46.14|1704614|19019090|Misturas e preparações para pães com, no mínimo, 80% de farinha de trigo na sua composição final, em embalagem superior a 50 Kg|DECRETO ICMS/PB Nº 44.681/23//DECRETO ICMS/PB Nº 45.112/24|2024-01-01 00:00:00||0.2|0.00|0.00|0.00|0.00|0.00|0.00|0.00|0.00|0.00|0.00||0.00|0.00|0.00|0.00|0.00|0.00|0.00|0.00|0.00|0.00|0.00|0.00|0.00|0.00|0.00|0.00|0.00||||Ato Cotepe|Anexo_5_Produtos_alimentícios.xlsx|Prod_Alimenticios
17|46.16|17.046.16|19012000|Misturas e preparações com, no mínimo, 80% de farinha de trigo na sua composição final,exceto as descritas nos CEST 17.046.10 a 17.046.15.|DECRETO ICMS/PB Nº 44.681/23//DECRETO ICMS/PB Nº 45.112/24|2023-11-01 00:00:00|2023-12-31 00:00:00|0.18|0.00|0.00|0.00|0.00|0.00|0.00|0.00|0.00|0.00|0.00||0.00|0.00|0.00|0.00|0.00|0.00|0.00|0.00|0.00|0.00|0.00|0.00|0.00|0.00|0.00|0.00|0.00||||Ato Cotepe|Anexo_5_Produtos_alimentícios.xlsx|Prod_Alimenticios
17|46.16|17.046.16|19019090|Misturas e preparações com, no mínimo, 80% de farinha de trigo na sua composição final,exceto as descritas nos CEST 17.046.10 a 17.046.15.|DECRETO ICMS/PB Nº 44.681/23//DECRETO ICMS/PB Nº 45.112/24|2023-11-01 00:00:00|2023-12-31 00:00:00|0.18|0.00|0.00|0.00|0.00|0.00|0.00|0.00|0.00|0.00|0.00||0.00|0.00|0.00|0.00|0.00|0.00|0.00|0.00|0.00|0.00|0.00|0.00|0.00|0.00|0.00|0.00|0.00||||Ato Cotepe|Anexo_5_Produtos_alimentícios.xlsx|Prod_Alimenticios
17|46.16|17.046.16|19012000|Misturas e preparações com, no mínimo, 80% de farinha de trigo na sua composição final,exceto as descritas nos CEST 17.046.10 a 17.046.15.|DECRETO ICMS/PB Nº 44.681/23//DECRETO ICMS/PB Nº 45.112/24|2024-01-01 00:00:00||0.2|0.00|0.00|0.00|0.00|0.00|0.00|0.00|0.00|0.00|0.00||0.00|0.00|0.00|0.00|0.00|0.00|0.00|0.00|0.00|0.00|0.00|0.00|0.00|0.00|0.00|0.00|0.00||||Ato Cotepe|Anexo_5_Produtos_alimentícios.xlsx|Prod_Alimenticios
17|46.16|17.046.16|19019090|Misturas e preparações com, no mínimo, 80% de farinha de trigo na sua composição final,exceto as descritas nos CEST 17.046.10 a 17.046.15.|DECRETO ICMS/PB Nº 44.681/23//DECRETO ICMS/PB Nº 45.112/24|2024-01-01 00:00:00||0.2|0.00|0.00|0.00|0.00|0.00|0.00|0.00|0.00|0.00|0.00||0.00|0.00|0.00|0.00|0.00|0.00|0.00|0.00|0.00|0.00|0.00|0.00|0.00|0.00|0.00|0.00|0.00||||Ato Cotepe|Anexo_5_Produtos_alimentícios.xlsx|Prod_Alimenticios
17|47.0|1704700|19023000|Massas alimentícias tipo instantânea|DECRETO ICMS/PB Nº 39.158//Decreto 40.146/20|2019-05-07 00:00:00|2020-02-29 00:00:00|0.18|0.1|0.00|0.00|0.00|0.00|0.00|0.00|0.00|0.00|0.00||0.00|0.00|0.00|0.00|0.00|0.00|0.00|0.00|0.00|0.00|0.00|0.00|0.00|0.00|0.00|0.00|0.00||0.2|0.35|Ato Cotepe|Anexo_5_Produtos_alimentícios.xlsx|Prod_Alimenticios
17|47.0|1704700|19023000|Massas alimentícias tipo instantânea, exceto as descritas no CEST 17.047.01|Decreto 40.146/20|2020-03-01 00:00:00|2023-12-31 00:00:00|0.18|0.1|0.00|0.00|0.00|0.00|0.00|0.00|0.00|0.00|0.00||0.00|0.00|0.00|0.00|0.00|0.00|0.00|0.00|0.00|0.00|0.00|0.00|0.00|0.00|0.00|0.00|0.00||0.2|0.35|Ato Cotepe|Anexo_5_Produtos_alimentícios.xlsx|Prod_Alimenticios
17|47.0|1704700|19023000|Massas alimentícias tipo instantânea, exceto as descritas no CEST 17.047.01|DECRETO ICMS/PB Nº 44.681/23//DECRETO ICMS/PB Nº 45.112/24|2024-01-01 00:00:00||0.2|0.1|0.00|0.00|0.00|0.00|0.00|0.00|0.00|0.00|0.00||0.00|0.00|0.00|0.00|0.00|0.00|0.00|0.00|0.00|0.00|0.00|0.00|0.00|0.00|0.00|0.00|0.00||0.2|0.35|Ato Cotepe|Anexo_5_Produtos_alimentícios.xlsx|Prod_Alimenticios
17|47.1|1704701|19023000|Massas alimentícias tipo instantânea, derivadas de farinha de trigo|Decreto 41.503/21|2021-07-01 00:00:00|2023-12-31 00:00:00|0.18|0.1|0.00|0.00|0.00|0.00|0.00|0.00|0.00|0.00|0.00||0.00|0.00|0.00|0.00|0.00|0.00|0.00|0.00|0.00|0.00|0.00|0.00|0.00|0.00|0.00|0.00|0.00||0.2|0.35|Ato Cotepe|Anexo_5_Produtos_alimentícios.xlsx|Prod_Alimenticios
17|47.1|1704701|19023000|Massas alimentícias tipo instantânea, derivadas de farinha de trigo|DECRETO ICMS/PB Nº 44.681/23//DECRETO ICMS/PB Nº 45.112/24|2024-01-01 00:00:00||0.2|0.1|0.00|0.00|0.00|0.00|0.00|0.00|0.00|0.00|0.00||0.00|0.00|0.00|0.00|0.00|0.00|0.00|0.00|0.00|0.00|0.00|0.00|0.00|0.00|0.00|0.00|0.00||0.2|0.35|Ato Cotepe|Anexo_5_Produtos_alimentícios.xlsx|Prod_Alimenticios
17|48.0|1704800|1902|Massas alimentícias, cozidas ou recheadas ( de carne ou de outras substâncias) ou preparadas de outro modo, exceto as descritas nos CEST 17.047.00, 17.048.01 e 17.048.02|Decreto 41.503/21|2021-07-01 00:00:00|2023-12-31 00:00:00|0.18|0.1|0.00|0.00|0.00|0.00|0.00|0.00|0.00|0.00|0.00||0.00|0.00|0.00|0.00|0.00|0.00|0.00|0.00|0.00|0.00|0.00|0.00|0.00|0.00|0.00|0.00|0.00||0.2|0.35|Ato Cotepe|Anexo_5_Produtos_alimentícios.xlsx|Prod_Alimenticios
17|48.0|1704800|1902|Massas alimentícias, cozidas ou recheadas ( de carne ou de outras substâncias) ou preparadas de outro modo, exceto as descritas nos CEST 17.047.00, 17.048.01 e 17.048.02|DECRETO ICMS/PB Nº 44.681/23//DECRETO ICMS/PB Nº 45.112/24|2024-01-01 00:00:00||0.2|0.1|0.00|0.00|0.00|0.00|0.00|0.00|0.00|0.00|0.00||0.00|0.00|0.00|0.00|0.00|0.00|0.00|0.00|0.00|0.00|0.00|0.00|0.00|0.00|0.00|0.00|0.00||0.2|0.35|Ato Cotepe|Anexo_5_Produtos_alimentícios.xlsx|Prod_Alimenticios
17|48.2|1704802|1902.20.00|Massas alimentícias recheadas ( mesmo cozidas ou preparadas de outro modo)|Decreto 44.128/23|2023-06-01 00:00:00|2023-12-31 00:00:00|0.18|0.1|0.00|0.00|0.00|0.00|0.00|0.00|0.00|0.00|0.00||0.00|0.00|0.00|0.00|0.00|0.00|0.00|0.00|0.00|0.00|0.00|0.00|0.00|0.00|0.00|0.00|0.00||0.2|0.35|Ato Cotepe|Anexo_5_Produtos_alimentícios.xlsx|Prod_Alimenticios
17|48.2|1704802|1902.20.00|Massas alimentícias recheadas ( mesmo cozidas ou preparadas de outro modo)|DECRETO ICMS/PB Nº 44.681/23//DECRETO ICMS/PB Nº 45.112/24|2024-01-01 00:00:00||0.2|0.1|0.00|0.00|0.00|0.00|0.00|0.00|0.00|0.00|0.00||0.00|0.00|0.00|0.00|0.00|0.00|0.00|0.00|0.00|0.00|0.00|0.00|0.00|0.00|0.00|0.00|0.00||0.2|0.35|Ato Cotepe|Anexo_5_Produtos_alimentícios.xlsx|Prod_Alimenticios
17|49.0|1704900|19021|Massas alimentícias do tipo comum, não cozidas, nem recheadas, nem preparadas de outro modo, exceto a descrita no CEST 17.049.03|DECRETO ICMS/PB Nº 39.158//Decreto 40.146/20|2019-05-07 00:00:00|2020-02-29 00:00:00|0.18|0.1|0.00|0.00|0.00|0.00|0.00|0.00|0.00|0.00|0.00||0.00|0.00|0.00|0.00|0.00|0.00|0.00|0.00|0.00|0.00|0.00|0.00|0.00|0.00|0.00|0.00|0.00||0.2|0.35|Ato Cotepe|Anexo_5_Produtos_alimentícios.xlsx|Prod_Alimenticios
17|49.0|1704900|19021|Massas alimentícias do tipo comum, não cozidas, nem recheadas, nem preparadas de outro modo, exceto a descrita nos CEST 17.049.03 e 17.049.06|Decreto 40.146/20|2020-03-01 00:00:00|2023-12-31 00:00:00|0.18|0.1|0.00|0.00|0.00|0.00|0.00|0.00|0.00|0.00|0.00||0.00|0.00|0.00|0.00|0.00|0.00|0.00|0.00|0.00|0.00|0.00|0.00|0.00|0.00|0.00|0.00|0.00||0.2|0.35|Ato Cotepe|Anexo_5_Produtos_alimentícios.xlsx|Prod_Alimenticios
17|49.0|1704900|19021|Massas alimentícias do tipo comum, não cozidas, nem recheadas, nem preparadas de outro modo, exceto a descrita nos CEST 17.049.03 e 17.049.06|DECRETO ICMS/PB Nº 44.681/23//DECRETO ICMS/PB Nº 45.112/24|2024-01-01 00:00:00||0.2|0.1|0.00|0.00|0.00|0.00|0.00|0.00|0.00|0.00|0.00||0.00|0.00|0.00|0.00|0.00|0.00|0.00|0.00|0.00|0.00|0.00|0.00|0.00|0.00|0.00|0.00|0.00||0.2|0.35|Ato Cotepe|Anexo_5_Produtos_alimentícios.xlsx|Prod_Alimenticios
17|49.1|1704901|19021|Massas alimentícias do tipo sêmola, não cozidas, nem recheadas, nem preparadas de outro modo, exceto a descrita no CEST 17.049.04|DECRETO ICMS/PB Nº 39.158//Decreto 40.146/20|2019-05-07 00:00:00|2020-02-29 00:00:00|0.18|0.1|0.00|0.00|0.00|0.00|0.00|0.00|0.00|0.00|0.00||0.00|0.00|0.00|0.00|0.00|0.00|0.00|0.00|0.00|0.00|0.00|0.00|0.00|0.00|0.00|0.00|0.00||0.2|0.35|Ato Cotepe|Anexo_5_Produtos_alimentícios.xlsx|Prod_Alimenticios
17|49.1|1704901|19021|Massas alimentícias do tipo sêmola, não cozidas, nem recheadas, nem preparadas de outro modo, exceto as descritas nos CEST 17.049.04 e 17.049.07|Decreto 40.146/20|2020-03-01 00:00:00|2023-12-31 00:00:00|0.18|0.1|0.00|0.00|0.00|0.00|0.00|0.00|0.00|0.00|0.00||0.00|0.00|0.00|0.00|0.00|0.00|0.00|0.00|0.00|0.00|0.00|0.00|0.00|0.00|0.00|0.00|0.00||0.2|0.35|Ato Cotepe|Anexo_5_Produtos_alimentícios.xlsx|Prod_Alimenticios
17|49.1|1704901|19021|Massas alimentícias do tipo sêmola, não cozidas, nem recheadas, nem preparadas de outro modo, exceto as descritas nos CEST 17.049.04 e 17.049.07|DECRETO ICMS/PB Nº 44.681/23//DECRETO ICMS/PB Nº 45.112/24|2024-01-01 00:00:00||0.2|0.1|0.00|0.00|0.00|0.00|0.00|0.00|0.00|0.00|0.00||0.00|0.00|0.00|0.00|0.00|0.00|0.00|0.00|0.00|0.00|0.00|0.00|0.00|0.00|0.00|0.00|0.00||0.2|0.35|Ato Cotepe|Anexo_5_Produtos_alimentícios.xlsx|Prod_Alimenticios
17|49.2|1704902|19021|Massas alimentícias do tipo granoduro, não cozidas, nem recheadas, nem preparadas de outro modo, exceto a descrita no CEST 17.049.05|DECRETO ICMS/PB Nº 39.158//Decreto 41.503/21|2019-05-07 00:00:00|2021-06-30 00:00:00|0.18|0.1|0.00|0.00|0.00|0.00|0.00|0.00|0.00|0.00|0.00||0.00|0.00|0.00|0.00|0.00|0.00|0.00|0.00|0.00|0.00|0.00|0.00|0.00|0.00|0.00|0.00|0.00||0.2|0.35|Ato Cotepe|Anexo_5_Produtos_alimentícios.xlsx|Prod_Alimenticios
17|49.2|1704902|19021100|Massas alimentícias do tipo grano duro, não cozidas, nem recheadas, nem preparadas de outro modo, que contenham ovos|Decreto 41.503/21|2021-07-01 00:00:00|2023-12-31 00:00:00|0.18|0.1|0.00|0.00|0.00|0.00|0.00|0.00|0.00|0.00|0.00||0.00|0.00|0.00|0.00|0.00|0.00|0.00|0.00|0.00|0.00|0.00|0.00|0.00|0.00|0.00|0.00|0.00||0.2|0.35|Ato Cotepe|Anexo_5_Produtos_alimentícios.xlsx|Prod_Alimenticios
17|49.2|1704902|19021100|Massas alimentícias do tipo grano duro, não cozidas, nem recheadas, nem preparadas de outro modo, que contenham ovos|DECRETO ICMS/PB Nº 44.681/23//DECRETO ICMS/PB Nº 45.112/24|2024-01-01 00:00:00||0.2|0.1|0.00|0.00|0.00|0.00|0.00|0.00|0.00|0.00|0.00||0.00|0.00|0.00|0.00|0.00|0.00|0.00|0.00|0.00|0.00|0.00|0.00|0.00|0.00|0.00|0.00|0.00||0.2|0.35|Ato Cotepe|Anexo_5_Produtos_alimentícios.xlsx|Prod_Alimenticios
17|49.3|1704903|19021900|Massas alimentícias do tipo comum, não cozidas, nem recheadas, nem preparadas de outro modo, que não contenham ovos|DECRETO ICMS/PB Nº 39.158//40.146/20|2019-05-07 00:00:00|2020-02-29 00:00:00|0.18|0.1|0.00|0.00|0.00|0.00|0.00|0.00|0.00|0.00|0.00||0.00|0.00|0.00|0.00|0.00|0.00|0.00|0.00|0.00|0.00|0.00|0.00|0.00|0.00|0.00|0.00|0.00||0.2|0.35|Ato Cotepe|Anexo_5_Produtos_alimentícios.xlsx|Prod_Alimenticios
17|49.3|1704903|19021900|Massas alimentícias do tipo comum, não cozidas, nem recheadas, nem preparadas de outro modo, que não contenham ovos, derivadas de farinha de trigo, exceto as descritas no CEST 17.049.08|Decreto 40.146/20// Decreto 41.503/21|2020-03-01 00:00:00|2021-06-30 00:00:00|0.18|0.1|0.00|0.00|0.00|0.00|0.00|0.00|0.00|0.00|0.00||0.00|0.00|0.00|0.00|0.00|0.00|0.00|0.00|0.00|0.00|0.00|0.00|0.00|0.00|0.00|0.00|0.00||0.2|0.35|Ato Cotepe|Anexo_5_Produtos_alimentícios.xlsx|Prod_Alimenticios
17|49.3|1704903|19021900|Outras massas alimentícias do tipo comum, não cozidas, nem recheadas, nem preparadas de outro modo, que não contenham ovos, derivadas de farinha de trigo|Decreto 41.503/21|2021-07-01 00:00:00|2023-12-31 00:00:00|0.18|0.1|0.00|0.00|0.00|0.00|0.00|0.00|0.00|0.00|0.00||0.00|0.00|0.00|0.00|0.00|0.00|0.00|0.00|0.00|0.00|0.00|0.00|0.00|0.00|0.00|0.00|0.00||0.2|0.35|Ato Cotepe|Anexo_5_Produtos_alimentícios.xlsx|Prod_Alimenticios
17|49.3|1704903|19021900|Outras massas alimentícias do tipo comum, não cozidas, nem recheadas, nem preparadas de outro modo, que não contenham ovos, derivadas de farinha de trigo|DECRETO ICMS/PB Nº 44.681/23//DECRETO ICMS/PB Nº 45.112/24|2024-01-01 00:00:00||0.2|0.1|0.00|0.00|0.00|0.00|0.00|0.00|0.00|0.00|0.00||0.00|0.00|0.00|0.00|0.00|0.00|0.00|0.00|0.00|0.00|0.00|0.00|0.00|0.00|0.00|0.00|0.00||0.2|0.35|Ato Cotepe|Anexo_5_Produtos_alimentícios.xlsx|Prod_Alimenticios
17|49.4|1704904|19021900|Massas alimentícias do tipo sêmola, não cozidas, nem recheadas, nem preparadas de outro modo, que não contenham ovos|DECRETO ICMS/PB Nº 39.158//Decreto 40.146/20|2019-05-07 00:00:00|2020-02-29 00:00:00|0.18|0.1|0.00|0.00|0.00|0.00|0.00|0.00|0.00|0.00|0.00||0.00|0.00|0.00|0.00|0.00|0.00|0.00|0.00|0.00|0.00|0.00|0.00|0.00|0.00|0.00|0.00|0.00||0.2|0.35|Ato Cotepe|Anexo_5_Produtos_alimentícios.xlsx|Prod_Alimenticios
17|49.4|1704904|19021900|Massas alimentícias do tipo sêmola, não cozidas, nem recheadas, nem preparadas de outro modo, que não contenham ovos,derivadas de farinha de trigo, exceto as descritas no CEST 17.049.09|Decreto 40.146/20// Decreto 41.503/21|2020-03-01 00:00:00|2021-06-30 00:00:00|0.18|0.1|0.00|0.00|0.00|0.00|0.00|0.00|0.00|0.00|0.00||0.00|0.00|0.00|0.00|0.00|0.00|0.00|0.00|0.00|0.00|0.00|0.00|0.00|0.00|0.00|0.00|0.00||0.2|0.35|Ato Cotepe|Anexo_5_Produtos_alimentícios.xlsx|Prod_Alimenticios
17|49.4|1704904|19021900|Outras massas alimentícias do tipo sêmola, não cozidas, nem recheadas, nem preparadas de outro modo, que não contenham ovos, derivadas de trigo|Decreto 41.503/21|2021-07-01 00:00:00|2023-12-31 00:00:00|0.18|0.1|0.00|0.00|0.00|0.00|0.00|0.00|0.00|0.00|0.00||0.00|0.00|0.00|0.00|0.00|0.00|0.00|0.00|0.00|0.00|0.00|0.00|0.00|0.00|0.00|0.00|0.00||0.2|0.35|Ato Cotepe|Anexo_5_Produtos_alimentícios.xlsx|Prod_Alimenticios
17|49.4|1704904|19021900|Outras massas alimentícias do tipo sêmola, não cozidas, nem recheadas, nem preparadas de outro modo, que não contenham ovos, derivadas de trigo|DECRETO ICMS/PB Nº 44.681/23//DECRETO ICMS/PB Nº 45.112/24|2024-01-01 00:00:00||0.2|0.1|0.00|0.00|0.00|0.00|0.00|0.00|0.00|0.00|0.00||0.00|0.00|0.00|0.00|0.00|0.00|0.00|0.00|0.00|0.00|0.00|0.00|0.00|0.00|0.00|0.00|0.00||0.2|0.35|Ato Cotepe|Anexo_5_Produtos_alimentícios.xlsx|Prod_Alimenticios
17|49.5|1704905|19021900|Massas alimentícias do tipo granoduro, não cozidas, nem recheadas, nem preparadas de outro modo, que não contenham ovos|DECRETO ICMS/PB Nº 39.158//Decreto 41.503/21|2019-05-07 00:00:00|2021-06-30 00:00:00|0.18|0.1|0.00|0.00|0.00|0.00|0.00|0.00|0.00|0.00|0.00||0.00|0.00|0.00|0.00|0.00|0.00|0.00|0.00|0.00|0.00|0.00|0.00|0.00|0.00|0.00|0.00|0.00||0.2|0.35|Ato Cotepe|Anexo_5_Produtos_alimentícios.xlsx|Prod_Alimenticios
17|49.5|1704905|19021900|Outras massas alimentícias do tipo grano duro, não cozidas, nem recheadas, nem preparadas de outro modo, que não contenham ovos|Decreto 41.503/21|2021-07-01 00:00:00|2023-12-31 00:00:00|0.18|0.1|0.00|0.00|0.00|0.00|0.00|0.00|0.00|0.00|0.00||0.00|0.00|0.00|0.00|0.00|0.00|0.00|0.00|0.00|0.00|0.00|0.00|0.00|0.00|0.00|0.00|0.00||0.2|0.35|Ato Cotepe|Anexo_5_Produtos_alimentícios.xlsx|Prod_Alimenticios
17|49.5|1704905|19021900|Outras massas alimentícias do tipo grano duro, não cozidas, nem recheadas, nem preparadas de outro modo, que não contenham ovos|DECRETO ICMS/PB Nº 44.681/23//DECRETO ICMS/PB Nº 45.112/24|2024-01-01 00:00:00||0.2|0.1|0.00|0.00|0.00|0.00|0.00|0.00|0.00|0.00|0.00||0.00|0.00|0.00|0.00|0.00|0.00|0.00|0.00|0.00|0.00|0.00|0.00|0.00|0.00|0.00|0.00|0.00||0.2|0.35|Ato Cotepe|Anexo_5_Produtos_alimentícios.xlsx|Prod_Alimenticios
17|49.6|1704906|19021100|Massas alimentícias do tipo comun, não cozidas, nem recheadas, nem preparadas de outro modo, que  contenham ovos, derivadas de farinha de trigo|Decreto 41.503/21|2021-07-01 00:00:00|2023-12-31 00:00:00|0.18|0.1|0.00|0.00|0.00|0.00|0.00|0.00|0.00|0.00|0.00||0.00|0.00|0.00|0.00|0.00|0.00|0.00|0.00|0.00|0.00|0.00|0.00|0.00|0.00|0.00|0.00|0.00||0.2|0.35|Ato Cotepe|Anexo_5_Produtos_alimentícios.xlsx|Prod_Alimenticios
17|49.6|1704906|19021100|Massas alimentícias do tipo comun, não cozidas, nem recheadas, nem preparadas de outro modo, que  contenham ovos, derivadas de farinha de trigo|DECRETO ICMS/PB Nº 44.681/23//DECRETO ICMS/PB Nº 45.112/24|2024-01-01 00:00:00||0.2|0.1|0.00|0.00|0.00|0.00|0.00|0.00|0.00|0.00|0.00||0.00|0.00|0.00|0.00|0.00|0.00|0.00|0.00|0.00|0.00|0.00|0.00|0.00|0.00|0.00|0.00|0.00||0.2|0.35|Ato Cotepe|Anexo_5_Produtos_alimentícios.xlsx|Prod_Alimenticios
17|49.7|1704907|19021100|Massas alimentícias do tipo  sêmola, não cozidas, nem recheadas, nem preparadas de outro modo, que  contenham ovos, derivadas  de trigo|Decreto 41.503/21|2021-07-01 00:00:00|2023-12-31 00:00:00|0.18|0.1|0.00|0.00|0.00|0.00|0.00|0.00|0.00|0.00|0.00||0.00|0.00|0.00|0.00|0.00|0.00|0.00|0.00|0.00|0.00|0.00|0.00|0.00|0.00|0.00|0.00|0.00||0.2|0.35|Ato Cotepe|Anexo_5_Produtos_alimentícios.xlsx|Prod_Alimenticios
17|49.7|1704907|19021100|Massas alimentícias do tipo  sêmola, não cozidas, nem recheadas, nem preparadas de outro modo, que  contenham ovos, derivadas  de trigo|DECRETO ICMS/PB Nº 44.681/23//DECRETO ICMS/PB Nº 45.112/24|2024-01-01 00:00:00||0.2|0.1|0.00|0.00|0.00|0.00|0.00|0.00|0.00|0.00|0.00||0.00|0.00|0.00|0.00|0.00|0.00|0.00|0.00|0.00|0.00|0.00|0.00|0.00|0.00|0.00|0.00|0.00||0.2|0.35|Ato Cotepe|Anexo_5_Produtos_alimentícios.xlsx|Prod_Alimenticios
17|50.0|1705000|190520|Pães industrializados, inclusive de especiarias, exceto panetones e bolo de forma|DECRETO ICMS/PB Nº 39.158// Decreto 41.503/21|2019-05-07 00:00:00|2021-06-30 00:00:00|0.18|0.1|0.00|0.00|0.00|0.00|0.00|0.00|0.00|0.00|0.00||0.00|0.00|0.00|0.00|0.00|0.00|0.00|0.00|0.00|0.00|0.00|0.00|0.00|0.00|0.00|0.00|0.00||0.2|0.35|Ato Cotepe|Anexo_5_Produtos_alimentícios.xlsx|Prod_Alimenticios
17|50.0|1705000|190520|Pães industrializados, inclusive de especiarias, exceto panetones e bolo de forma|Decreto 41.503/21|2021-07-01 00:00:00|2023-12-31 00:00:00|0.18|0.1|0.00|0.00|0.00|0.00|0.00|0.00|0.00|0.00|0.00||0.00|0.00|0.00|0.00|0.00|0.00|0.00|0.00|0.00|0.00|0.00|0.00|0.00|0.00|0.00|0.00|0.00||0.2|0.35|Ato Cotepe|Anexo_5_Produtos_alimentícios.xlsx|Prod_Alimenticios
17|50.0|1705000|190520|Pães industrializados, inclusive de especiarias, exceto panetones e bolo de forma|DECRETO ICMS/PB Nº 44.681/23//DECRETO ICMS/PB Nº 45.112/24|2024-01-01 00:00:00||0.18|0.1|0.00|0.00|0.00|0.00|0.00|0.00|0.00|0.00|0.00||0.00|0.00|0.00|0.00|0.00|0.00|0.00|0.00|0.00|0.00|0.00|0.00|0.00|0.00|0.00|0.00|0.00||0.2|0.35|Ato Cotepe|Anexo_5_Produtos_alimentícios.xlsx|Prod_Alimenticios
17|51.0|1705100|19052090|Bolo de forma, inclusive de especiarias|DECRETO ICMS/PB Nº 39.158// Decreto 41.503/21|2019-05-07 00:00:00|2021-06-30 00:00:00|0.18|0.1|0.00|0.00|0.00|0.00|0.00|0.00|0.00|0.00|0.00||0.00|0.00|0.00|0.00|0.00|0.00|0.00|0.00|0.00|0.00|0.00|0.00|0.00|0.00|0.00|0.00|0.00||0.3|0.45|Ato Cotepe|Anexo_5_Produtos_alimentícios.xlsx|Prod_Alimenticios
17|51.0|1705100|19052090|Bolo de forma, inclusive de especiarias|Decreto 41.503/21|2021-07-01 00:00:00|2023-12-31 00:00:00|0.18|0.1|0.00|0.00|0.00|0.00|0.00|0.00|0.00|0.00|0.00||0.00|0.00|0.00|0.00|0.00|0.00|0.00|0.00|0.00|0.00|0.00|0.00|0.00|0.00|0.00|0.00|0.00||0.3|0.45|Ato Cotepe|Anexo_5_Produtos_alimentícios.xlsx|Prod_Alimenticios
17|51.0|1705100|19052090|Bolo de forma, inclusive de especiarias|DECRETO ICMS/PB Nº 44.681/23//DECRETO ICMS/PB Nº 45.112/24|2024-01-01 00:00:00||0.2|0.1|0.00|0.00|0.00|0.00|0.00|0.00|0.00|0.00|0.00||0.00|0.00|0.00|0.00|0.00|0.00|0.00|0.00|0.00|0.00|0.00|0.00|0.00|0.00|0.00|0.00|0.00||0.3|0.45|Ato Cotepe|Anexo_5_Produtos_alimentícios.xlsx|Prod_Alimenticios
17|52.0|1705200|19052010|Panetones|DECRETO ICMS/PB Nº 39.158// Decreto 41.503/21|2019-05-07 00:00:00|2021-06-30 00:00:00|0.18|0.1|0.00|0.00|0.00|0.00|0.00|0.00|0.00|0.00|0.00||0.00|0.00|0.00|0.00|0.00|0.00|0.00|0.00|0.00|0.00|0.00|0.00|0.00|0.00|0.00|0.00|0.00||0.3|0.45|Ato Cotepe|Anexo_5_Produtos_alimentícios.xlsx|Prod_Alimenticios
17|52.0|1705200|19052010|Panetones|Decreto 41.503/21|2021-07-01 00:00:00|2023-12-31 00:00:00|0.18|0.1|0.00|0.00|0.00|0.00|0.00|0.00|0.00|0.00|0.00||0.00|0.00|0.00|0.00|0.00|0.00|0.00|0.00|0.00|0.00|0.00|0.00|0.00|0.00|0.00|0.00|0.00||0.3|0.45|Ato Cotepe|Anexo_5_Produtos_alimentícios.xlsx|Prod_Alimenticios
17|52.0|1705200|19052010|Panetones|DECRETO ICMS/PB Nº 44.681/23//DECRETO ICMS/PB Nº 45.112/24|2024-01-01 00:00:00||0.2|0.1|0.00|0.00|0.00|0.00|0.00|0.00|0.00|0.00|0.00||0.00|0.00|0.00|0.00|0.00|0.00|0.00|0.00|0.00|0.00|0.00|0.00|0.00|0.00|0.00|0.00|0.00||0.3|0.45|Ato Cotepe|Anexo_5_Produtos_alimentícios.xlsx|Prod_Alimenticios
17|53.0|1705300|19053100|Biscoitos e bolachas derivados de farinha de trigo; (exceto dos tipos “cream cracker”, “água e sal”, “maisena”, “maria” e outros de consumo popular que não sejam adicionados de cacau, nem recheados, cobertos ou amanteigados, independentemente de sua denominação comercial)|DECRETO ICMS/PB Nº 39.158// Decreto 41.503/21|2019-05-07 00:00:00|2021-06-30 00:00:00|0.18|0.1|0.00|0.00|0.00|0.00|0.00|0.00|0.00|0.00|0.00||0.00|0.00|0.00|0.00|0.00|0.00|0.00|0.00|0.00|0.00|0.00|0.00|0.00|0.00|0.00|0.00|0.00||0.3|0.45|Ato Cotepe|Anexo_5_Produtos_alimentícios.xlsx|Prod_Alimenticios
17|53.0|1705300|19053100|Biscoitos e bolachas derivados de farinha de trigo; (exceto dos tipos “cream cracker”, “água e sal”, “maisena”, “maria” e outros de consumo popular que não sejam adicionados de cacau, nem recheados, cobertos ou amanteigados, independentemente de sua denominação comercial)|Decreto 41.503/21|2021-07-01 00:00:00|2023-12-31 00:00:00|0.18|0.1|0.00|0.00|0.00|0.00|0.00|0.00|0.00|0.00|0.00||0.00|0.00|0.00|0.00|0.00|0.00|0.00|0.00|0.00|0.00|0.00|0.00|0.00|0.00|0.00|0.00|0.00||0.3|0.45|Ato Cotepe|Anexo_5_Produtos_alimentícios.xlsx|Prod_Alimenticios
17|53.0|1705300|19053100|Biscoitos e bolachas derivados de farinha de trigo; (exceto dos tipos “cream cracker”, “água e sal”, “maisena”, “maria” e outros de consumo popular que não sejam adicionados de cacau, nem recheados, cobertos ou amanteigados, independentemente de sua denominação comercial)|DECRETO ICMS/PB Nº 44.681/23//DECRETO ICMS/PB Nº 45.112/24|2024-01-01 00:00:00||0.2|0.1|0.00|0.00|0.00|0.00|0.00|0.00|0.00|0.00|0.00||0.00|0.00|0.00|0.00|0.00|0.00|0.00|0.00|0.00|0.00|0.00|0.00|0.00|0.00|0.00|0.00|0.00||0.3|0.45|Ato Cotepe|Anexo_5_Produtos_alimentícios.xlsx|Prod_Alimenticios
17|53.1|1705301|19053100|Biscoitos e bolachas derivados de farinha de trigo dos tipos “maisena” e “maria” e outros de consumo popular que não sejam adicionados de cacau, nem recheados, cobertos ou amanteigados, independentemente de sua denominação comercial, exceto o CEST 17.053.02|DECRETO ICMS/PB Nº 39.158// Decreto 41.503/21|2019-05-07 00:00:00|2021-06-30 00:00:00|0.18|0.1|0.00|0.00|0.00|0.00|0.00|0.00|0.00|0.00|0.00||0.00|0.00|0.00|0.00|0.00|0.00|0.00|0.00|0.00|0.00|0.00|0.00|0.00|0.00|0.00|0.00|0.00||0.3|0.45|Ato Cotepe|Anexo_5_Produtos_alimentícios.xlsx|Prod_Alimenticios
17|53.1|1705301|19053100|Biscoitos e bolachas derivados de farinha de trigo dos tipos “maisena” e “maria” e outros de consumo popular que não sejam adicionados de cacau, nem recheados, cobertos ou amanteigados, independentemente de sua denominação comercial, exceto o CEST 17.053.02|Decreto 41.503/21|2021-07-01 00:00:00|2023-12-31 00:00:00|0.18|0.1|0.00|0.00|0.00|0.00|0.00|0.00|0.00|0.00|0.00||0.00|0.00|0.00|0.00|0.00|0.00|0.00|0.00|0.00|0.00|0.00|0.00|0.00|0.00|0.00|0.00|0.00||0.3|0.45|Ato Cotepe|Anexo_5_Produtos_alimentícios.xlsx|Prod_Alimenticios
17|53.1|1705301|19053100|Biscoitos e bolachas derivados de farinha de trigo dos tipos “maisena” e “maria” e outros de consumo popular que não sejam adicionados de cacau, nem recheados, cobertos ou amanteigados, independentemente de sua denominação comercial, exceto o CEST 17.053.02|DECRETO ICMS/PB Nº 44.681/23//DECRETO ICMS/PB Nº 45.112/24|2024-01-01 00:00:00||0.2|0.1|0.00|0.00|0.00|0.00|0.00|0.00|0.00|0.00|0.00||0.00|0.00|0.00|0.00|0.00|0.00|0.00|0.00|0.00|0.00|0.00|0.00|0.00|0.00|0.00|0.00|0.00||0.3|0.45|Ato Cotepe|Anexo_5_Produtos_alimentícios.xlsx|Prod_Alimenticios
17|53.2|1705302|19053100|"Biscoitos e bolachas derivados de farinha de trigo dos tipos ""cream cracker"" e ""água e sal"" de consumo popular"|DECRETO ICMS/PB Nº 39.158// Decreto 41.503/21|2019-05-07 00:00:00|2021-06-30 00:00:00|0.18|0.1|0.00|0.00|0.00|0.00|0.00|0.00|0.00|0.00|0.00||0.00|0.00|0.00|0.00|0.00|0.00|0.00|0.00|0.00|0.00|0.00|0.00|0.00|0.00|0.00|0.00|0.00||0.3|0.45|Ato Cotepe|Anexo_5_Produtos_alimentícios.xlsx|Prod_Alimenticios
17|53.2|1705302|19053100|"Biscoitos e bolachas derivados de farinha de trigo dos tipos ""cream cracker"" e ""água e sal"" de consumo popular"|Decreto 41.503/21|2021-07-01 00:00:00|2023-12-31 00:00:00|0.18|0.1|0.00|0.00|0.00|0.00|0.00|0.00|0.00|0.00|0.00||0.00|0.00|0.00|0.00|0.00|0.00|0.00|0.00|0.00|0.00|0.00|0.00|0.00|0.00|0.00|0.00|0.00||0.3|0.45|Ato Cotepe|Anexo_5_Produtos_alimentícios.xlsx|Prod_Alimenticios
17|53.2|1705302|19053100|"Biscoitos e bolachas derivados de farinha de trigo dos tipos ""cream cracker"" e ""água e sal"" de consumo popular"|DECRETO ICMS/PB Nº 44.681/23//DECRETO ICMS/PB Nº 45.112/24|2024-01-01 00:00:00||0.2|0.1|0.00|0.00|0.00|0.00|0.00|0.00|0.00|0.00|0.00||0.00|0.00|0.00|0.00|0.00|0.00|0.00|0.00|0.00|0.00|0.00|0.00|0.00|0.00|0.00|0.00|0.00||0.3|0.45|Ato Cotepe|Anexo_5_Produtos_alimentícios.xlsx|Prod_Alimenticios
17|56.0|1705600|19059020|Biscoitos e bolachas derivados de farinha de trigo dos tipos “cream cracker” e “água e sal”|DECRETO ICMS/PB Nº 39.158// Decreto 41.503/21|2019-05-07 00:00:00|2021-06-30 00:00:00|0.18|0.1|0.00|0.00|0.00|0.00|0.00|0.00|0.00|0.00|0.00||0.00|0.00|0.00|0.00|0.00|0.00|0.00|0.00|0.00|0.00|0.00|0.00|0.00|0.00|0.00|0.00|0.00||0.3|0.45|Ato Cotepe|Anexo_5_Produtos_alimentícios.xlsx|Prod_Alimenticios
17|56.0|1705600|19059020|Biscoitos e bolachas derivados de farinha de trigo dos tipos “cream cracker” e “água e sal”|Decreto 41.503/21|2021-07-01 00:00:00|2023-12-31 00:00:00|0.18|0.1|0.00|0.00|0.00|0.00|0.00|0.00|0.00|0.00|0.00||0.00|0.00|0.00|0.00|0.00|0.00|0.00|0.00|0.00|0.00|0.00|0.00|0.00|0.00|0.00|0.00|0.00||0.3|0.45|Ato Cotepe|Anexo_5_Produtos_alimentícios.xlsx|Prod_Alimenticios
17|56.0|1705600|19059020|Biscoitos e bolachas derivados de farinha de trigo dos tipos “cream cracker” e “água e sal”|DECRETO ICMS/PB Nº 44.681/23//DECRETO ICMS/PB Nº 45.112/24|2024-01-01 00:00:00||0.2|0.1|0.00|0.00|0.00|0.00|0.00|0.00|0.00|0.00|0.00||0.00|0.00|0.00|0.00|0.00|0.00|0.00|0.00|0.00|0.00|0.00|0.00|0.00|0.00|0.00|0.00|0.00||0.3|0.45|Ato Cotepe|Anexo_5_Produtos_alimentícios.xlsx|Prod_Alimenticios
17|56.2|1705602|19059020|Outras bolachas, exceto casquinhas para sorvete e os biscoitos e bolachas relacionados nos CEST 17.056.00 e 17.056.01|DECRETO ICMS/PB Nº 39.158// Decreto 41.503/21|2019-05-07 00:00:00|2021-06-30 00:00:00|0.18|0.1|0.00|0.00|0.00|0.00|0.00|0.00|0.00|0.00|0.00||0.00|0.00|0.00|0.00|0.00|0.00|0.00|0.00|0.00|0.00|0.00|0.00|0.00|0.00|0.00|0.00|0.00||0.3|0.45|Ato Cotepe|Anexo_5_Produtos_alimentícios.xlsx|Prod_Alimenticios
17|56.2|1705602|19059020|Outras bolachas, exceto casquinhas para sorvete e os biscoitos e bolachas relacionados nos CEST 17.056.00 e 17.056.01|Decreto 41.503/21|2021-07-01 00:00:00|2023-12-31 00:00:00|0.18|0.1|0.00|0.00|0.00|0.00|0.00|0.00|0.00|0.00|0.00||0.00|0.00|0.00|0.00|0.00|0.00|0.00|0.00|0.00|0.00|0.00|0.00|0.00|0.00|0.00|0.00|0.00||0.3|0.45|Ato Cotepe|Anexo_5_Produtos_alimentícios.xlsx|Prod_Alimenticios
17|56.2|1705602|19059020|Outras bolachas, exceto casquinhas para sorvete e os biscoitos e bolachas relacionados nos CEST 17.056.00 e 17.056.01|DECRETO ICMS/PB Nº 44.681/23//DECRETO ICMS/PB Nº 45.112/24|2024-01-01 00:00:00||0.2|0.1|0.00|0.00|0.00|0.00|0.00|0.00|0.00|0.00|0.00||0.00|0.00|0.00|0.00|0.00|0.00|0.00|0.00|0.00|0.00|0.00|0.00|0.00|0.00|0.00|0.00|0.00||0.3|0.45|Ato Cotepe|Anexo_5_Produtos_alimentícios.xlsx|Prod_Alimenticios
17|57.0|1705700|19053200|“Waffles” e “wafers” - sem cobertura|DECRETO ICMS/PB Nº 39.158// Decreto 41.503/21|2019-05-07 00:00:00|2021-06-30 00:00:00|0.18|0.1|0.00|0.00|0.00|0.00|0.00|0.00|0.00|0.00|0.00||0.00|0.00|0.00|0.00|0.00|0.00|0.00|0.00|0.00|0.00|0.00|0.00|0.00|0.00|0.00|0.00|0.00||0.3|0.45|Ato Cotepe|Anexo_5_Produtos_alimentícios.xlsx|Prod_Alimenticios
17|57.0|1705700|19053200|“Waffles” e “wafers” - sem cobertura|Decreto 41.503/21|2021-07-01 00:00:00|2023-12-31 00:00:00|0.18|0.1|0.00|0.00|0.00|0.00|0.00|0.00|0.00|0.00|0.00||0.00|0.00|0.00|0.00|0.00|0.00|0.00|0.00|0.00|0.00|0.00|0.00|0.00|0.00|0.00|0.00|0.00||0.3|0.45|Ato Cotepe|Anexo_5_Produtos_alimentícios.xlsx|Prod_Alimenticios
17|57.0|1705700|19053200|“Waffles” e “wafers” - sem cobertura|DECRETO ICMS/PB Nº 44.681/23//DECRETO ICMS/PB Nº 45.112/24|2024-01-01 00:00:00||0.2|0.1|0.00|0.00|0.00|0.00|0.00|0.00|0.00|0.00|0.00||0.00|0.00|0.00|0.00|0.00|0.00|0.00|0.00|0.00|0.00|0.00|0.00|0.00|0.00|0.00|0.00|0.00||0.3|0.45|Ato Cotepe|Anexo_5_Produtos_alimentícios.xlsx|Prod_Alimenticios
17|58.0|1705800|19053200|“Waffles” e “wafers” - com cobertura|DECRETO ICMS/PB Nº 39.158// Decreto 41.503/21|2019-05-07 00:00:00|2021-06-30 00:00:00|0.18|0.1|0.00|0.00|0.00|0.00|0.00|0.00|0.00|0.00|0.00||0.00|0.00|0.00|0.00|0.00|0.00|0.00|0.00|0.00|0.00|0.00|0.00|0.00|0.00|0.00|0.00|0.00||0.3|0.45|Ato Cotepe|Anexo_5_Produtos_alimentícios.xlsx|Prod_Alimenticios
17|58.0|1705800|19053200|“Waffles” e “wafers” - com cobertura|Decreto 41.503/21|2021-07-01 00:00:00|2023-12-31 00:00:00|0.18|0.1|0.00|0.00|0.00|0.00|0.00|0.00|0.00|0.00|0.00||0.00|0.00|0.00|0.00|0.00|0.00|0.00|0.00|0.00|0.00|0.00|0.00|0.00|0.00|0.00|0.00|0.00||0.3|0.45|Ato Cotepe|Anexo_5_Produtos_alimentícios.xlsx|Prod_Alimenticios
17|58.0|1705800|19053200|“Waffles” e “wafers” - com cobertura|DECRETO ICMS/PB Nº 44.681/23//DECRETO ICMS/PB Nº 45.112/24|2024-01-01 00:00:00||0.2|0.1|0.00|0.00|0.00|0.00|0.00|0.00|0.00|0.00|0.00||0.00|0.00|0.00|0.00|0.00|0.00|0.00|0.00|0.00|0.00|0.00|0.00|0.00|0.00|0.00|0.00|0.00||0.3|0.45|Ato Cotepe|Anexo_5_Produtos_alimentícios.xlsx|Prod_Alimenticios
17|59.0|1705900|19054000|Torradas, pão torrado e produtos semelhantes torrados|DECRETO ICMS/PB Nº 39.158// Decreto 41.503/21|2019-05-07 00:00:00|2021-06-30 00:00:00|0.18|0.1|0.00|0.00|0.00|0.00|0.00|0.00|0.00|0.00|0.00||0.00|0.00|0.00|0.00|0.00|0.00|0.00|0.00|0.00|0.00|0.00|0.00|0.00|0.00|0.00|0.00|0.00||0.3|0.45|Ato Cotepe|Anexo_5_Produtos_alimentícios.xlsx|Prod_Alimenticios
17|59.0|1705900|19054000|Torradas, pão torrado e produtos semelhantes torrados|Decreto 41.503/21|2021-07-01 00:00:00|2023-12-31 00:00:00|0.18|0.1|0.00|0.00|0.00|0.00|0.00|0.00|0.00|0.00|0.00||0.00|0.00|0.00|0.00|0.00|0.00|0.00|0.00|0.00|0.00|0.00|0.00|0.00|0.00|0.00|0.00|0.00||0.3|0.45|Ato Cotepe|Anexo_5_Produtos_alimentícios.xlsx|Prod_Alimenticios
17|59.0|1705900|19054000|Torradas, pão torrado e produtos semelhantes torrados|DECRETO ICMS/PB Nº 44.681/23//DECRETO ICMS/PB Nº 45.112/24|2024-01-01 00:00:00||0.2|0.1|0.00|0.00|0.00|0.00|0.00|0.00|0.00|0.00|0.00||0.00|0.00|0.00|0.00|0.00|0.00|0.00|0.00|0.00|0.00|0.00|0.00|0.00|0.00|0.00|0.00|0.00||0.3|0.45|Ato Cotepe|Anexo_5_Produtos_alimentícios.xlsx|Prod_Alimenticios
17|60.0|1706000|19059010|Outros pães de forma|DECRETO ICMS/PB Nº 39.158// Decreto 41.503/21|2019-05-07 00:00:00|2021-06-30 00:00:00|0.18|0.1|0.00|0.00|0.00|0.00|0.00|0.00|0.00|0.00|0.00||0.00|0.00|0.00|0.00|0.00|0.00|0.00|0.00|0.00|0.00|0.00|0.00|0.00|0.00|0.00|0.00|0.00||0.2|0.35|Ato Cotepe|Anexo_5_Produtos_alimentícios.xlsx|Prod_Alimenticios
17|60.0|1706000|19059010|Outros pães de forma|Decreto 41.503/21|2021-07-01 00:00:00|2023-12-31 00:00:00|0.18|0.1|0.00|0.00|0.00|0.00|0.00|0.00|0.00|0.00|0.00||0.00|0.00|0.00|0.00|0.00|0.00|0.00|0.00|0.00|0.00|0.00|0.00|0.00|0.00|0.00|0.00|0.00||0.2|0.35|Ato Cotepe|Anexo_5_Produtos_alimentícios.xlsx|Prod_Alimenticios
17|60.0|1706000|19059010|Outros pães de forma|DECRETO ICMS/PB Nº 44.681/23//DECRETO ICMS/PB Nº 45.112/24|2024-01-01 00:00:00||0.18|0.1|0.00|0.00|0.00|0.00|0.00|0.00|0.00|0.00|0.00||0.00|0.00|0.00|0.00|0.00|0.00|0.00|0.00|0.00|0.00|0.00|0.00|0.00|0.00|0.00|0.00|0.00||0.2|0.35|Ato Cotepe|Anexo_5_Produtos_alimentícios.xlsx|Prod_Alimenticios
17|62.0|1706200|19059090|Outros pães, exceto o classificado no CEST 17.062.03|DECRETO ICMS/PB Nº 39.158// Decreto 41.503/21|2019-05-07 00:00:00|2021-06-30 00:00:00|0.18|0.1|0.00|0.00|0.00|0.00|0.00|0.00|0.00|0.00|0.00||0.00|0.00|0.00|0.00|0.00|0.00|0.00|0.00|0.00|0.00|0.00|0.00|0.00|0.00|0.00|0.00|0.00||0.2|0.35||Anexo_5_Produtos_alimentícios.xlsx|Prod_Alimenticios
17|62.0|1706200|19059090|Outros pães, exceto o classificado no CEST 17.062.03|Decreto 41.503/21|2021-07-01 00:00:00|2023-12-31 00:00:00|0.18|0.1|0.00|0.00|0.00|0.00|0.00|0.00|0.00|0.00|0.00||0.00|0.00|0.00|0.00|0.00|0.00|0.00|0.00|0.00|0.00|0.00|0.00|0.00|0.00|0.00|0.00|0.00||0.2|0.35||Anexo_5_Produtos_alimentícios.xlsx|Prod_Alimenticios
17|62.0|1706200|19059090|Outros pães, exceto o classificado no CEST 17.062.03|DECRETO ICMS/PB Nº 44.681/23//DECRETO ICMS/PB Nº 45.112/24|2024-01-01 00:00:00||0.18|0.1|0.00|0.00|0.00|0.00|0.00|0.00|0.00|0.00|0.00||0.00|0.00|0.00|0.00|0.00|0.00|0.00|0.00|0.00|0.00|0.00|0.00|0.00|0.00|0.00|0.00|0.00||0.2|0.35|Ato Cotepe|Anexo_5_Produtos_alimentícios.xlsx|Prod_Alimenticios
17|62.1|1706201|19059090|Outros bolos industrializados e produtos de panificação não especificados anteriormente, incluindo as pizzas; exceto os classificados nos CEST 17.062.02 e 17.062.03|DECRETO ICMS/PB Nº 39.158// Decreto 41.503/21|2019-05-07 00:00:00|2021-06-30 00:00:00|0.18|0.1|0.00|0.00|0.00|0.00|0.00|0.00|0.00|0.00|0.00||0.00|0.00|0.00|0.00|0.00|0.00|0.00|0.00|0.00|0.00|0.00|0.00|0.00|0.00|0.00|0.00|0.00||0.2|0.35||Anexo_5_Produtos_alimentícios.xlsx|Prod_Alimenticios
17|62.1|1706201|19059090|Outros bolos industrializados e produtos de panificação não especificados anteriormente, incluindo as pizzas; exceto os classificados nos CEST 17.062.02 e 17.062.03| Decreto 41.503/21|2021-07-01 00:00:00|2023-12-31 00:00:00|0.18|0.1|0.00|0.00|0.00|0.00|0.00|0.00|0.00|0.00|0.00||0.00|0.00|0.00|0.00|0.00|0.00|0.00|0.00|0.00|0.00|0.00|0.00|0.00|0.00|0.00|0.00|0.00||0.2|0.35||Anexo_5_Produtos_alimentícios.xlsx|Prod_Alimenticios
17|62.1|1706201|19059090|Outros bolos industrializados e produtos de panificação não especificados anteriormente, incluindo as pizzas; exceto os classificados nos CEST 17.062.02 e 17.062.03|DECRETO ICMS/PB Nº 44.681/23//DECRETO ICMS/PB Nº 45.112/24|2024-01-01 00:00:00||0.2|0.1|0.00|0.00|0.00|0.00|0.00|0.00|0.00|0.00|0.00||0.00|0.00|0.00|0.00|0.00|0.00|0.00|0.00|0.00|0.00|0.00|0.00|0.00|0.00|0.00|0.00|0.00||0.2|0.35|Ato Cotepe|Anexo_5_Produtos_alimentícios.xlsx|Prod_Alimenticios
17|62.2|1706202|19059020|Casquinhas para sorvete|DECRETO ICMS/PB Nº 39.158// Decreto 41.503/21|2019-05-07 00:00:00|2021-06-30 00:00:00|0.18|0.1|0.00|0.00|0.00|0.00|0.00|0.00|0.00|0.00|0.00||0.00|0.00|0.00|0.00|0.00|0.00|0.00|0.00|0.00|0.00|0.00|0.00|0.00|0.00|0.00|0.00|0.00||0.2|0.35||Anexo_5_Produtos_alimentícios.xlsx|Prod_Alimenticios
17|62.2|1706202|19059020|Casquinhas para sorvete|Decreto 41.503/21|2021-07-01 00:00:00|2023-12-31 00:00:00|0.18|0.1|0.00|0.00|0.00|0.00|0.00|0.00|0.00|0.00|0.00||0.00|0.00|0.00|0.00|0.00|0.00|0.00|0.00|0.00|0.00|0.00|0.00|0.00|0.00|0.00|0.00|0.00||0.2|0.35||Anexo_5_Produtos_alimentícios.xlsx|Prod_Alimenticios
17|62.2|1706202|19059020|Casquinhas para sorvete|DECRETO ICMS/PB Nº 44.681/23//DECRETO ICMS/PB Nº 45.112/24|2024-01-01 00:00:00||0.2|0.1|0.00|0.00|0.00|0.00|0.00|0.00|0.00|0.00|0.00||0.00|0.00|0.00|0.00|0.00|0.00|0.00|0.00|0.00|0.00|0.00|0.00|0.00|0.00|0.00|0.00|0.00||0.2|0.35|Ato Cotepe|Anexo_5_Produtos_alimentícios.xlsx|Prod_Alimenticios
17|62.2|1706202|19059090|Casquinhas para sorvete|DECRETO ICMS/PB Nº 39.158// Decreto 41.503/21|2019-05-07 00:00:00|2021-06-30 00:00:00|0.18|0.1|0.00|0.00|0.00|0.00|0.00|0.00|0.00|0.00|0.00||0.00|0.00|0.00|0.00|0.00|0.00|0.00|0.00|0.00|0.00|0.00|0.00|0.00|0.00|0.00|0.00|0.00||0.2|0.35||Anexo_5_Produtos_alimentícios.xlsx|Prod_Alimenticios
17|62.2|1706202|19059090|Casquinhas para sorvete|Decreto 41.503/21|2021-07-01 00:00:00|2023-12-31 00:00:00|0.18|0.1|0.00|0.00|0.00|0.00|0.00|0.00|0.00|0.00|0.00||0.00|0.00|0.00|0.00|0.00|0.00|0.00|0.00|0.00|0.00|0.00|0.00|0.00|0.00|0.00|0.00|0.00||0.2|0.35||Anexo_5_Produtos_alimentícios.xlsx|Prod_Alimenticios
17|62.2|1706202|19059090|Casquinhas para sorvete|DECRETO ICMS/PB Nº 44.681/23//DECRETO ICMS/PB Nº 45.112/24|2024-01-01 00:00:00||0.2|0.1|0.00|0.00|0.00|0.00|0.00|0.00|0.00|0.00|0.00||0.00|0.00|0.00|0.00|0.00|0.00|0.00|0.00|0.00|0.00|0.00|0.00|0.00|0.00|0.00|0.00|0.00||0.2|0.35|Ato Cotepe|Anexo_5_Produtos_alimentícios.xlsx|Prod_Alimenticios
17|62.3|1706203|19059090|Pão francês até 200g|DECRETO ICMS/PB Nº 39.158// Decreto 41.503/21|2019-05-07 00:00:00|2021-06-30 00:00:00|0.18|0.1|0.00|0.00|0.00|0.00|0.00|0.00|0.00|0.00|0.00||0.00|0.00|0.00|0.00|0.00|0.00|0.00|0.00|0.00|0.00|0.00|0.00|0.00|0.00|0.00|0.00|0.00||0.2|0.35||Anexo_5_Produtos_alimentícios.xlsx|Prod_Alimenticios
17|62.3|1706203|19059090|Pão francês até 200g|Decreto 41.503/21|2021-07-01 00:00:00|2023-12-31 00:00:00|0.18|0.1|0.00|0.00|0.00|0.00|0.00|0.00|0.00|0.00|0.00||0.00|0.00|0.00|0.00|0.00|0.00|0.00|0.00|0.00|0.00|0.00|0.00|0.00|0.00|0.00|0.00|0.00||0.2|0.35||Anexo_5_Produtos_alimentícios.xlsx|Prod_Alimenticios
17|62.3|1706203|19059090|Pão francês até 200g|DECRETO ICMS/PB Nº 44.681/23//DECRETO ICMS/PB Nº 45.112/24|2024-01-01 00:00:00||0.18|0.1|0.00|0.00|0.00|0.00|0.00|0.00|0.00|0.00|0.00||0.00|0.00|0.00|0.00|0.00|0.00|0.00|0.00|0.00|0.00|0.00|0.00|0.00|0.00|0.00|0.00|0.00||0.2|0.35|Ato Cotepe|Anexo_5_Produtos_alimentícios.xlsx|Prod_Alimenticios
17|63.0|1706300|19051000|Pão denominado knackebrot|DECRETO ICMS/PB Nº 39.158// Decreto 41.503/21|2019-05-07 00:00:00|2021-06-30 00:00:00|0.18|0.1|0.00|0.00|0.00|0.00|0.00|0.00|0.00|0.00|0.00||0.00|0.00|0.00|0.00|0.00|0.00|0.00|0.00|0.00|0.00|0.00|0.00|0.00|0.00|0.00|0.00|0.00||0.2|0.35||Anexo_5_Produtos_alimentícios.xlsx|Prod_Alimenticios
17|63.0|1706300|19051000|Pão denominado knackebrot|Decreto 41.503/21|2021-07-01 00:00:00|2023-12-31 00:00:00|0.18|0.1|0.00|0.00|0.00|0.00|0.00|0.00|0.00|0.00|0.00||0.00|0.00|0.00|0.00|0.00|0.00|0.00|0.00|0.00|0.00|0.00|0.00|0.00|0.00|0.00|0.00|0.00||0.2|0.35||Anexo_5_Produtos_alimentícios.xlsx|Prod_Alimenticios
17|63.0|1706300|19051000|Pão denominado knackebrot|DECRETO ICMS/PB Nº 44.681/23//DECRETO ICMS/PB Nº 45.112/24|2024-01-01 00:00:00||0.18|0.1|0.00|0.00|0.00|0.00|0.00|0.00|0.00|0.00|0.00||0.00|0.00|0.00|0.00|0.00|0.00|0.00|0.00|0.00|0.00|0.00|0.00|0.00|0.00|0.00|0.00|0.00||0.2|0.35|Ato Cotepe|Anexo_5_Produtos_alimentícios.xlsx|Prod_Alimenticios
17|64.0|1706400|190590|Demais pães industrializados|DECRETO ICMS/PB Nº 39.158// Decreto 41.503/21|2019-05-07 00:00:00|2021-06-30 00:00:00|0.18|0.1|0.00|0.00|0.00|0.00|0.00|0.00|0.00|0.00|0.00||0.00|0.00|0.00|0.00|0.00|0.00|0.00|0.00|0.00|0.00|0.00|0.00|0.00|0.00|0.00|0.00|0.00||0.2|0.35||Anexo_5_Produtos_alimentícios.xlsx|Prod_Alimenticios
17|64.0|1706400|190590|Demais pães industrializados|Decreto 41.503/21|2021-07-01 00:00:00|2023-12-31 00:00:00|0.18|0.1|0.00|0.00|0.00|0.00|0.00|0.00|0.00|0.00|0.00||0.00|0.00|0.00|0.00|0.00|0.00|0.00|0.00|0.00|0.00|0.00|0.00|0.00|0.00|0.00|0.00|0.00||0.2|0.35||Anexo_5_Produtos_alimentícios.xlsx|Prod_Alimenticios
17|64.0|1706400|190590|Demais pães industrializados|DECRETO ICMS/PB Nº 44.681/23//DECRETO ICMS/PB Nº 45.112/24|2024-01-01 00:00:00||0.18|0.1|0.00|0.00|0.00|0.00|0.00|0.00|0.00|0.00|0.00||0.00|0.00|0.00|0.00|0.00|0.00|0.00|0.00|0.00|0.00|0.00|0.00|0.00|0.00|0.00|0.00|0.00||0.2|0.35|Ato Cotepe|Anexo_5_Produtos_alimentícios.xlsx|Prod_Alimenticios
20|14.0|20.014.00|33049910|Cremes de beleza, cremes nutritivos e loções tônicas|DECRETO ICMS/PB Nº 39.158// Decreto 40.006/20|2019-05-07 00:00:00|2020-01-31 00:00:00|0.18|0.4|0.00|0.00|0.00|0.00|0.00|0.00|0.00|0.00|0.02||0.00|0.00|0.00|0.00|0.00|0.00|0.00|0.00|0.00|0.00|0.00|0.00|0.00|0.00|0.00|0.00|0.00|||||Anexo_5_Produtos_de_perfumaria_higiene_e_cosméticos.xlsx|Prod_Perfumaria_higiene
20|23.0|20.023.00|33061000|Dentifrícios|DECRETO ICMS/PB Nº 39.158// Decreto 40.006/20|2019-05-07 00:00:00|2020-01-31 00:00:00|0.18|0.3305|0.00|0.00|0.00|0.00|0.00|0.00|0.00|0.00|0.00||0.5576585365853657|0.5089817073170728|0.4278536585365853|0.00|0.00|0.00|0.00|0.00|0.00|0.00|0.00|0.00|0.00|0.00|0.00|0.00|0.00|||||Anexo_5_Produtos_de_perfumaria_higiene_e_cosméticos.xlsx|Prod_Perfumaria_higiene
20|23.0|20.023.00|33061000|Dentifrícios|Decreto 40.006/20|2020-02-01 00:00:00||0.18|0.3305|0.00|0.00|0.00|0.00|0.00|0.00|0.00|0.00|0.00||0.5576585365853657|0.5089817073170728|0.4278536585365853|0.00|0.00|0.00|0.00|0.00|0.00|0.00|0.00|0.00|0.00|0.00|0.00|0.00|0.00|||||Anexo_5_Produtos_de_perfumaria_higiene_e_cosméticos.xlsx|Prod_Perfumaria_higiene
20|24.0|20.024.00|33062000|Fios utilizados para limpar os espaços interdentais (fios dentais)|DECRETO ICMS/PB Nº 39.158//Decreto 39.919/19// Decreto 40.145/20|2019-05-07 00:00:00|2020-03-31 00:00:00|0.18|0.3305|0.00|0.00|0.00|0.00|0.00|0.00|0.00|0.00|0.00||0.5576585365853657|0.5089817073170728|0.4278536585365853|0.00|0.00|0.00|0.00|0.00|0.00|0.00|0.00|0.00|0.00|0.00|0.00|0.00|0.00|||||Anexo_5_Produtos_de_perfumaria_higiene_e_cosméticos.xlsx|Prod_Perfumaria_higiene
20|24.0|20.024.00|33062000|Fios utilizados para limpar os espaços interdentais (fios dentais)|Decreto 39.919/19// Decreto 40.145/20|2020-04-01 00:00:00||0.18|0.5928|0.00|0.00|0.00|0.00|0.00|0.00|0.00|0.00|0.00||0.864741463414634|0.8064682926829267|0.7093463414634145|0.00|0.00|0.00|0.00|0.00|0.00|0.00|0.00|0.00|0.00|0.00|0.00|0.00|0.00|||||Anexo_5_Produtos_de_perfumaria_higiene_e_cosméticos.xlsx|Prod_Perfumaria_higiene
20|25.0|20.025.00|33069000|Outras preparações para higiene bucal ou dentária|DECRETO ICMS/PB Nº 39.158//Decreto 39.919/19// Decreto 40.145/20|2019-05-07 00:00:00|2020-03-31 00:00:00|0.18|0.3305|0.00|0.00|0.00|0.00|0.00|0.00|0.00|0.00|0.00||0.5576585365853657|0.5089817073170728|0.4278536585365853|0.00|0.00|0.00|0.00|0.00|0.00|0.00|0.00|0.00|0.00|0.00|0.00|0.00|0.00|||||Anexo_5_Produtos_de_perfumaria_higiene_e_cosméticos.xlsx|Prod_Perfumaria_higiene
20|25.0|20.025.00|33069000|Outras preparações para higiene bucal ou dentária|Decreto 39.919/19// Decreto 40.145/20|2020-04-01 00:00:00||0.18|0.464|0.00|0.00|0.00|0.00|0.00|0.00|0.00|0.00|0.00||0.7139512195121951|0.6603902439024387|0.571121951219512|0.00|0.00|0.00|0.00|0.00|0.00|0.00|0.00|0.00|0.00|0.00|0.00|0.00|0.00|||||Anexo_5_Produtos_de_perfumaria_higiene_e_cosméticos.xlsx|Prod_Perfumaria_higiene
20|39.0|20.039.00|40149090|Chupetas e bicos para mamadeiras e para chupetas, de borracha|DECRETO ICMS/PB Nº 39.158// Decreto 39.919/19// Decreto 40.145/20|2019-05-07 00:00:00|2020-03-31 00:00:00|0.18|0.4134|0.00|0.00|0.00|0.00|0.00|0.00|0.00|0.00|0.00||0.654712195121951|0.6030024390243898|0.5168195121951218|0.00|0.00|0.00|0.00|0.00|0.00|0.00|0.00|0.00|0.00|0.00|0.00|0.00|0.00|||||Anexo_5_Produtos_de_perfumaria_higiene_e_cosméticos.xlsx|Prod_Perfumaria_higiene
20|39.0|20.039.00|40149090|Chupetas e bicos para mamadeiras e para chupetas, de borracha|Decreto 39.919/19// Decreto 40.145/20|2020-04-01 00:00:00||0.18|0.6611|0.00|0.00|0.00|0.00|0.00|0.00|0.00|0.00|0.00||0.9447024390243899|0.8839304878048777|0.7826439024390242|0.00|0.00|0.00|0.00|0.00|0.00|0.00|0.00|0.00|0.00|0.00|0.00|0.00|0.00|||||Anexo_5_Produtos_de_perfumaria_higiene_e_cosméticos.xlsx|Prod_Perfumaria_higiene
20|40.0|20.040.00|39249000|Chupetas e bicos para mamadeiras e para chupetas, de silicone|DECRETO ICMS/PB Nº 39.158// Decreto 39.919/19// Decreto 40.145/20|2019-05-07 00:00:00|2020-03-31 00:00:00|0.18|0.4134|0.00|0.00|0.00|0.00|0.00|0.00|0.00|0.00|0.00||0.654712195121951|0.6030024390243898|0.5168195121951218|0.00|0.00|0.00|0.00|0.00|0.00|0.00|0.00|0.00|0.00|0.00|0.00|0.00|0.00|||||Anexo_5_Produtos_de_perfumaria_higiene_e_cosméticos.xlsx|Prod_Perfumaria_higiene
20|40.0|20.040.00|39269040|Chupetas e bicos para mamadeiras e para chupetas, de silicone|DECRETO ICMS/PB Nº 39.158// Decreto 39.919/19// Decreto 40.145/20|2019-05-07 00:00:00|2020-03-31 00:00:00|0.18|0.4134|0.00|0.00|0.00|0.00|0.00|0.00|0.00|0.00|0.00||0.654712195121951|0.6030024390243898|0.5168195121951218|0.00|0.00|0.00|0.00|0.00|0.00|0.00|0.00|0.00|0.00|0.00|0.00|0.00|0.00|||||Anexo_5_Produtos_de_perfumaria_higiene_e_cosméticos.xlsx|Prod_Perfumaria_higiene
20|40.0|20.040.00|39269090|Chupetas e bicos para mamadeiras e para chupetas, de silicone|DECRETO ICMS/PB Nº 39.158// Decreto 39.919/19// Decreto 40.145/20|2019-05-07 00:00:00|2020-03-31 00:00:00|0.18|0.4134|0.00|0.00|0.00|0.00|0.00|0.00|0.00|0.00|0.00||0.654712195121951|0.6030024390243898|0.5168195121951218|0.00|0.00|0.00|0.00|0.00|0.00|0.00|0.00|0.00|0.00|0.00|0.00|0.00|0.00|||||Anexo_5_Produtos_de_perfumaria_higiene_e_cosméticos.xlsx|Prod_Perfumaria_higiene
20|40.0|20.040.00|39249000|Chupetas e bicos para mamadeiras e para chupetas, de silicone| Decreto 39.919/19// Decreto 40.145/20|2020-04-01 00:00:00||0.18|0.7129|0.00|0.00|0.00|0.00|0.00|0.00|0.00|0.00|0.00||1.0053463414634143|0.9426792682926826|0.8382341463414631|0.00|0.00|0.00|0.00|0.00|0.00|0.00|0.00|0.00|0.00|0.00|0.00|0.00|0.00|||||Anexo_5_Produtos_de_perfumaria_higiene_e_cosméticos.xlsx|Prod_Perfumaria_higiene
20|40.0|20.040.00|39269040|Chupetas e bicos para mamadeiras e para chupetas, de silicone| Decreto 39.919/19// Decreto 40.145/20|2020-04-01 00:00:00||0.18|0.7129|0.00|0.00|0.00|0.00|0.00|0.00|0.00|0.00|0.00||1.0053463414634143|0.9426792682926826|0.8382341463414631|0.00|0.00|0.00|0.00|0.00|0.00|0.00|0.00|0.00|0.00|0.00|0.00|0.00|0.00|||||Anexo_5_Produtos_de_perfumaria_higiene_e_cosméticos.xlsx|Prod_Perfumaria_higiene
20|40.0|20.040.00|39269090|Chupetas e bicos para mamadeiras e para chupetas, de silicone| Decreto 39.919/19// Decreto 40.145/20|2020-04-01 00:00:00||0.18|0.7129|0.00|0.00|0.00|0.00|0.00|0.00|0.00|0.00|0.00||1.0053463414634143|0.9426792682926826|0.8382341463414631|0.00|0.00|0.00|0.00|0.00|0.00|0.00|0.00|0.00|0.00|0.00|0.00|0.00|0.00|||||Anexo_5_Produtos_de_perfumaria_higiene_e_cosméticos.xlsx|Prod_Perfumaria_higiene
20|48.0|20.048.00|96190000|Fraldas, exceto os descritos no CEST 20.048.01|DECRETO ICMS/PB Nº 39.158// Decreto 40.006/20|2019-05-07 00:00:00|2020-01-31 00:00:00|0.18|0.4134|0.00|0.00|0.00|0.00|0.00|0.00|0.00|0.00|0.00||0.654712195121951|0.6030024390243898|0.5168195121951218|0.00|0.00|0.00|0.00|0.00|0.00|0.00|0.00|0.00|0.00|0.00|0.00|0.00|0.00|||||Anexo_5_Produtos_de_perfumaria_higiene_e_cosméticos.xlsx|Prod_Perfumaria_higiene
20|48.0|20.048.00|96190000|Fraldas, exceto os descritos no CEST 20.048.01|Decreto 40.006/20// Decreto 40.146/20|2020-02-01 00:00:00|2020-03-26 00:00:00|0.18|0.4134|0.00|0.00|0.00|0.00|0.00|0.00|0.00|0.00|0.00||0.654712195121951|0.6030024390243898|0.5168195121951218|0.00|0.00|0.00|0.00|0.00|0.00|0.00|0.00|0.00|0.00|0.00|0.00|0.00|0.00|||||Anexo_5_Produtos_de_perfumaria_higiene_e_cosméticos.xlsx|Prod_Perfumaria_higiene
20|48.0|20.048.00|96190000|Fraldas, exceto os descritos no CEST 20.048.01|Decreto 40.146/20|27/03 2020||0.18|0.4917|0.00|0.00|0.00|0.00|0.00|0.00|0.00|0.00|0.00||0.7463804878048779|0.6918060975609754|0.6008487804878049|0.00|0.00|0.00|0.00|0.00|0.00|0.00|0.00|0.00|0.00|0.00|0.00|0.00|0.00|||||Anexo_5_Produtos_de_perfumaria_higiene_e_cosméticos.xlsx|Prod_Perfumaria_higiene
20|48.1|20.048.01|96190000|Fraldas de fibras têxteis|DECRETO ICMS/PB Nº 39.158// Decreto 40.006/20|2019-05-07 00:00:00|2020-01-31 00:00:00|0.18|0.4134|0.00|0.00|0.00|0.00|0.00|0.00|0.00|0.00|0.00||0.654712195121951|0.6030024390243898|0.5168195121951218|0.00|0.00|0.00|0.00|0.00|0.00|0.00|0.00|0.00|0.00|0.00|0.00|0.00|0.00|||||Anexo_5_Produtos_de_perfumaria_higiene_e_cosméticos.xlsx|Prod_Perfumaria_higiene
20|48.1|20.048.01|96190000|Fraldas de fibras têxteis|Decreto 40.006/2020// Decreto 40.146/20|2020-02-01 00:00:00|2020-03-26 00:00:00|0.18|0.4134|0.00|0.00|0.00|0.00|0.00|0.00|0.00|0.00|0.00||0.654712195121951|0.6030024390243898|0.5168195121951218|0.00|0.00|0.00|0.00|0.00|0.00|0.00|0.00|0.00|0.00|0.00|0.00|0.00|0.00|||||Anexo_5_Produtos_de_perfumaria_higiene_e_cosméticos.xlsx|Prod_Perfumaria_higiene
20|48.1|20.048.01|96190000|Fraldas de fibras têxteis|Decreto 40.146/20|2020-03-27 00:00:00||0.18|0.4917|0.00|0.00|0.00|0.00|0.00|0.00|0.00|0.00|0.00||0.7463804878048779|0.6918060975609754|0.6008487804878049|0.00|0.00|0.00|0.00|0.00|0.00|0.00|0.00|0.00|0.00|0.00|0.00|0.00|0.00|||||Anexo_5_Produtos_de_perfumaria_higiene_e_cosméticos.xlsx|Prod_Perfumaria_higiene
20|49.0|20.049.00|96190000|Tampões higiênicos|DECRETO ICMS/PB Nº 39.158// Decreto 39.919/19// Decreto 40.145/20|2019-05-07 00:00:00|2020-03-31 00:00:00|0.18|0.4134|0.00|0.00|0.00|0.00|0.00|0.00|0.00|0.00|0.00||0.654712195121951|0.6030024390243898|0.5168195121951218|0.00|0.00|0.00|0.00|0.00|0.00|0.00|0.00|0.00|0.00|0.00|0.00|0.00|0.00|||||Anexo_5_Produtos_de_perfumaria_higiene_e_cosméticos.xlsx|Prod_Perfumaria_higiene
20|49.0|20.049.00|96190000|Tampões higiênicos|Decreto  39.919/19 // Decreto 40.145/20|2020-04-01 00:00:00||0.18|0.4917|0.00|0.00|0.00|0.00|0.00|0.00|0.00|0.00|0.00||0.7463804878048779|0.6918060975609754|0.6008487804878049|0.00|0.00|0.00|0.00|0.00|0.00|0.00|0.00|0.00|0.00|0.00|0.00|0.00|0.00|||||Anexo_5_Produtos_de_perfumaria_higiene_e_cosméticos.xlsx|Prod_Perfumaria_higiene
20|50.0|20.050.00|96190000|Absorventes higiênicos externos|DECRETO ICMS/PB Nº 39.158// Decreto 39.919/19// Decreto 40.145/20|2019-05-07 00:00:00|2020-03-31 00:00:00|0.18|0.4134|0.00|0.00|0.00|0.00|0.00|0.00|0.00|0.00|0.00||0.654712195121951|0.6030024390243898|0.5168195121951218|0.00|0.00|0.00|0.00|0.00|0.00|0.00|0.00|0.00|0.00|0.00|0.00|0.00|0.00|||||Anexo_5_Produtos_de_perfumaria_higiene_e_cosméticos.xlsx|Prod_Perfumaria_higiene
20|50.0|20.050.00|96190000|Absorventes higiênicos externos|Decreto 39.919/19// Decreto 40.145/20|2020-04-01 00:00:00||0.18|0.4917|0.00|0.00|0.00|0.00|0.00|0.00|0.00|0.00|0.00||0.7463804878048779|0.6918060975609754|0.6008487804878049|0.00|0.00|0.00|0.00|0.00|0.00|0.00|0.00|0.00|0.00|0.00|0.00|0.00|0.00|||||Anexo_5_Produtos_de_perfumaria_higiene_e_cosméticos.xlsx|Prod_Perfumaria_higiene
20|51.0|20.051.00|56012190|Hastes flexíveis (uso não medicinal)|DECRETO ICMS/PB Nº 39.158// Decreto 40.006/20|2019-05-07 00:00:00|2020-01-31 00:00:00|0.18|0.4134|0.00|0.00|0.00|0.00|0.00|0.00|0.00|0.00|0.00||0.654712195121951|0.6030024390243898|0.5168195121951218|0.00|0.00|0.00|0.00|0.00|0.00|0.00|0.00|0.00|0.00|0.00|0.00|0.00|0.00|||||Anexo_5_Produtos_de_perfumaria_higiene_e_cosméticos.xlsx|Prod_Perfumaria_higiene
20|51.0|20.051.00|56012190|Hastes flexíveis (uso não medicinal)|Decreto 40.006/20|2020-02-01 00:00:00||0.18|0.4134|0.00|0.00|0.00|0.00|0.00|0.00|0.00|0.00|0.00||0.654712195121951|0.6030024390243898|0.5168195121951218|0.00|0.00|0.00|0.00|0.00|0.00|0.00|0.00|0.00|0.00|0.00|0.00|0.00|0.00|||||Anexo_5_Produtos_de_perfumaria_higiene_e_cosméticos.xlsx|Prod_Perfumaria_higiene
20|58.0|20.058.00|96032100|Escovas de dentes, incluídas as escovas para dentaduras|DECRETO ICMS/PB Nº 39.158// Decreto 39.919/19// Decreto 40.145/20|2019-05-07 00:00:00|2020-03-31 00:00:00|0.18|0.3305|0.00|0.00|0.00|0.00|0.00|0.00|0.00|0.00|0.00||0.5576585365853657|0.5089817073170728|0.4278536585365853|0.00|0.00|0.00|0.00|0.00|0.00|0.00|0.00|0.00|0.00|0.00|0.00|0.00|0.00|||||Anexo_5_Produtos_de_perfumaria_higiene_e_cosméticos.xlsx|Prod_Perfumaria_higiene
20|58.0|20.058.00|96032100|Escovas de dentes, incluídas as escovas para dentaduras|Decreto 39.919/19// Decreto 40.145/20|2020-04-01 00:00:00||0.18|0.5661|0.00|0.00|0.00|0.00|0.00|0.00|0.00|0.00|0.00||0.8334829268292681|0.7761865853658534|0.6806926829268292|0.00|0.00|0.00|0.00|0.00|0.00|0.00|0.00|0.00|0.00|0.00|0.00|0.00|0.00|||||Anexo_5_Produtos_de_perfumaria_higiene_e_cosméticos.xlsx|Prod_Perfumaria_higiene
20|63.0|20.063.00|39233000|Mamadeiras|DECRETO ICMS/PB Nº 39.158// Decreto 39.919/19// Decreto 40.145/20|2019-05-07 00:00:00|2020-03-31 00:00:00|0.18|0.4134|0.00|0.00|0.00|0.00|0.00|0.00|0.00|0.00|0.00||0.654712195121951|0.6030024390243898|0.5168195121951218|0.00|0.00|0.00|0.00|0.00|0.00|0.00|0.00|0.00|0.00|0.00|0.00|0.00|0.00|||||Anexo_5_Produtos_de_perfumaria_higiene_e_cosméticos.xlsx|Prod_Perfumaria_higiene
20|63.0|20.063.00|39249000|Mamadeiras|DECRETO ICMS/PB Nº 39.158// Decreto 39.919/19// Decreto 40.145/20|2019-05-07 00:00:00|2020-03-31 00:00:00|0.18|0.4134|0.00|0.00|0.00|0.00|0.00|0.00|0.00|0.00|0.00||0.654712195121951|0.6030024390243898|0.5168195121951218|0.00|0.00|0.00|0.00|0.00|0.00|0.00|0.00|0.00|0.00|0.00|0.00|0.00|0.00|||||Anexo_5_Produtos_de_perfumaria_higiene_e_cosméticos.xlsx|Prod_Perfumaria_higiene
20|63.0|20.063.00|39241000|Mamadeiras|DECRETO ICMS/PB Nº 39.158// Decreto 39.919/19// Decreto 40.145/20|2019-05-07 00:00:00|2020-03-31 00:00:00|0.18|0.4134|0.00|0.00|0.00|0.00|0.00|0.00|0.00|0.00|0.00||0.654712195121951|0.6030024390243898|0.5168195121951218|0.00|0.00|0.00|0.00|0.00|0.00|0.00|0.00|0.00|0.00|0.00|0.00|0.00|0.00|||||Anexo_5_Produtos_de_perfumaria_higiene_e_cosméticos.xlsx|Prod_Perfumaria_higiene
20|63.0|20.063.00|40149090|Mamadeiras|DECRETO ICMS/PB Nº 39.158// Decreto 39.919/19// Decreto 40.145/20|2019-05-07 00:00:00|2020-03-31 00:00:00|0.18|0.4134|0.00|0.00|0.00|0.00|0.00|0.00|0.00|0.00|0.00||0.654712195121951|0.6030024390243898|0.5168195121951218|0.00|0.00|0.00|0.00|0.00|0.00|0.00|0.00|0.00|0.00|0.00|0.00|0.00|0.00|||||Anexo_5_Produtos_de_perfumaria_higiene_e_cosméticos.xlsx|Prod_Perfumaria_higiene
20|63.0|20.063.00|70102000|Mamadeiras|DECRETO ICMS/PB Nº 39.158// Decreto 39.919/19// Decreto 40.145/20|2019-05-07 00:00:00|2020-03-31 00:00:00|0.18|0.4134|0.00|0.00|0.00|0.00|0.00|0.00|0.00|0.00|0.00||0.654712195121951|0.6030024390243898|0.5168195121951218|0.00|0.00|0.00|0.00|0.00|0.00|0.00|0.00|0.00|0.00|0.00|0.00|0.00|0.00|||||Anexo_5_Produtos_de_perfumaria_higiene_e_cosméticos.xlsx|Prod_Perfumaria_higiene
20|63.0|20.063.00|39233000|Mamadeiras|Decreto 39.919/19// Decreto 40.145/20|2020-04-01 00:00:00||0.18|0.6796|0.00|0.00|0.00|0.00|0.00|0.00|0.00|0.00|0.00||0.9663609756097558|0.904912195121951|0.8024975609756098|0.00|0.00|0.00|0.00|0.00|0.00|0.00|0.00|0.00|0.00|0.00|0.00|0.00|0.00|||||Anexo_5_Produtos_de_perfumaria_higiene_e_cosméticos.xlsx|Prod_Perfumaria_higiene
20|63.0|20.063.00|39249000|Mamadeiras|Decreto 39.919/19// Decreto 40.145/20|2020-04-01 00:00:00||0.18|0.6796|0.00|0.00|0.00|0.00|0.00|0.00|0.00|0.00|0.00||0.9663609756097558|0.904912195121951|0.8024975609756098|0.00|0.00|0.00|0.00|0.00|0.00|0.00|0.00|0.00|0.00|0.00|0.00|0.00|0.00|||||Anexo_5_Produtos_de_perfumaria_higiene_e_cosméticos.xlsx|Prod_Perfumaria_higiene
20|63.0|20.063.00|39241000|Mamadeiras|Decreto 39.919/19// Decreto 40.145/20|2020-04-01 00:00:00||0.18|0.6796|0.00|0.00|0.00|0.00|0.00|0.00|0.00|0.00|0.00||0.9663609756097558|0.904912195121951|0.8024975609756098|0.00|0.00|0.00|0.00|0.00|0.00|0.00|0.00|0.00|0.00|0.00|0.00|0.00|0.00|||||Anexo_5_Produtos_de_perfumaria_higiene_e_cosméticos.xlsx|Prod_Perfumaria_higiene
20|63.0|20.063.00|40149090|Mamadeiras|Decreto 39.919/19// Decreto 40.145/20|2020-04-01 00:00:00||0.18|0.6796|0.00|0.00|0.00|0.00|0.00|0.00|0.00|0.00|0.00||0.9663609756097558|0.904912195121951|0.8024975609756098|0.00|0.00|0.00|0.00|0.00|0.00|0.00|0.00|0.00|0.00|0.00|0.00|0.00|0.00|||||Anexo_5_Produtos_de_perfumaria_higiene_e_cosméticos.xlsx|Prod_Perfumaria_higiene
20|63.0|20.063.00|70102000|Mamadeiras|Decreto 39.919/19// Decreto 40.145/20|2020-04-01 00:00:00||0.18|0.6796|0.00|0.00|0.00|0.00|0.00|0.00|0.00|0.00|0.00||0.9663609756097558|0.904912195121951|0.8024975609756098|0.00|0.00|0.00|0.00|0.00|0.00|0.00|0.00|0.00|0.00|0.00|0.00|0.00|0.00|||||Anexo_5_Produtos_de_perfumaria_higiene_e_cosméticos.xlsx|Prod_Perfumaria_higiene
20|64.0|20.064.00|82121020|Aparelhos e lâminas de barbear|DECRETO ICMS/PB Nº 39.158// Decreto 39.919/19|2019-05-07 00:00:00|2019-09-18 00:00:00|0.18|0.3|0.00|0.00|0.00|0.00|0.00|0.00|0.00|0.00|0.00||0.5219512195121949|0.4743902439024388|0.3951219512195123|0.00|0.00|0.00|0.00|0.00|0.00|0.00|0.00|0.00|0.00|0.00|0.00|0.00|0.00|||||Anexo_5_Produtos_de_perfumaria_higiene_e_cosméticos.xlsx|Prod_Perfumaria_higiene
20|64.0|20.064.00|82121020|Aparelhos e lâminas de barbear|DECRETO ICMS/PB Nº 39.158// Decreto 39.919/19|2019-05-07 00:00:00|2019-09-18 00:00:00|0.18|0.3|0.00|0.00|0.00|0.00|0.00|0.00|0.00|0.00|0.00||0.5219512195121949|0.4743902439024388|0.3951219512195123|0.00|0.00|0.00|0.00|0.00|0.00|0.00|0.00|0.00|0.00|0.00|0.00|0.00|0.00|||||Anexo_5_Produtos_de_perfumaria_higiene_e_cosméticos.xlsx|Prod_Perfumaria_higiene
20|64.0|20.064.00|82121020|Aparelhos e lâminas de barbear|Decreto 39.919/19|2019-09-19 00:00:00||0.18|0.3|0.00|0.00|0.00|0.00|0.00|0.00|0.00|0.00|0.00||0.5219512195121949|0.4743902439024388|0.3951219512195123|0.00|0.00|0.00|0.00|0.00|0.00|0.00|0.00|0.00|0.00|0.00|0.00|0.00|0.00|||||Anexo_5_Produtos_de_perfumaria_higiene_e_cosméticos.xlsx|Prod_Perfumaria_higiene
20|64.0|20.064.00|82121020|Aparelhos e lâminas de barbear|Decreto 39.919/19|2019-09-19 00:00:00||0.18|0.3|0.00|0.00|0.00|0.00|0.00|0.00|0.00|0.00|0.00||0.5219512195121949|0.4743902439024388|0.3951219512195123|0.00|0.00|0.00|0.00|0.00|0.00|0.00|0.00|0.00|0.00|0.00|0.00|0.00|0.00|||||Anexo_5_Produtos_de_perfumaria_higiene_e_cosméticos.xlsx|Prod_Perfumaria_higiene
20|14.0|2001400|33049910|Cremes de beleza, cremes nutritivos e loções tônicas|DECRETO ICMS/PB Nº 39.158// Decreto 40.006/20|2019-05-07 00:00:00|2020-01-31 00:00:00|0.18|0.4|0.00|0.00|0.00|0.00|0.00|0.00|0.00|0.00|0.02||0.00|0.00|0.00|0.00|0.00|0.00|0.00|0.00|0.00|0.00|0.00|0.00|0.00|0.00|0.00|0.00|0.00|||||Anexo_5_Produtos_de_perfumaria_higiene_e_cosméticos_1.xlsx|Prod_Perfumaria_higiene
20|23.0|2002300|33061000|Dentifrícios|DECRETO ICMS/PB Nº 39.158// Decreto 40.006/20|2019-05-07 00:00:00|2020-01-31 00:00:00|0.18|0.3305|0.00|0.00|0.00|0.00|0.00|0.00|0.00|0.00|0.00||0.5576585365853657|0.5089817073170728|0.4278536585365853|0.00|0.00|0.00|0.00|0.00|0.00|0.00|0.00|0.00|0.00|0.00|0.00|0.00|0.00|||||Anexo_5_Produtos_de_perfumaria_higiene_e_cosméticos_1.xlsx|Prod_Perfumaria_higiene
20|23.0|2002300|33061000|Dentifrícios|Decreto 40.006/20|2020-02-01 00:00:00|2023-12-31 00:00:00|0.18|0.3305|0.00|0.00|0.00|0.00|0.00|0.00|0.00|0.00|0.00||0.5576585365853657|0.5089817073170728|0.4278536585365853|0.00|0.00|0.00|0.00|0.00|0.00|0.00|0.00|0.00|0.00|0.00|0.00|0.00|0.00|||||Anexo_5_Produtos_de_perfumaria_higiene_e_cosméticos_1.xlsx|Prod_Perfumaria_higiene
20|23.0|2002300|33061000|Dentifrícios|DECRETO ICMS/PB Nº 44.681/23|2024-01-01 00:00:00||0.2|0.3305|0.00|0.00|0.00|0.00|0.00|0.00|0.00|0.00|0.00||0.5965999999999998|0.5467062499999997|0.46355000000000013|0.00|0.00|0.00|0.00|0.00|0.00|0.00|0.00|0.00|0.00|0.00|0.00|0.00|0.00|||||Anexo_5_Produtos_de_perfumaria_higiene_e_cosméticos_1.xlsx|Prod_Perfumaria_higiene
20|24.0|2002400|33062000|Fios utilizados para limpar os espaços interdentais (fios dentais)|DECRETO ICMS/PB Nº 39.158//Decreto 39.919/19// Decreto 40.145/20|2019-05-07 00:00:00|2020-03-31 00:00:00|0.18|0.3305|0.00|0.00|0.00|0.00|0.00|0.00|0.00|0.00|0.00||0.5576585365853657|0.5089817073170728|0.4278536585365853|0.00|0.00|0.00|0.00|0.00|0.00|0.00|0.00|0.00|0.00|0.00|0.00|0.00|0.00|||||Anexo_5_Produtos_de_perfumaria_higiene_e_cosméticos_1.xlsx|Prod_Perfumaria_higiene
20|24.0|2002400|33062000|Fios utilizados para limpar os espaços interdentais (fios dentais)|Decreto 39.919/19// Decreto 40.145/20|2020-04-01 00:00:00|2023-12-31 00:00:00|0.18|0.5928|0.00|0.00|0.00|0.00|0.00|0.00|0.00|0.00|0.00||0.864741463414634|0.8064682926829267|0.7093463414634145|0.00|0.00|0.00|0.00|0.00|0.00|0.00|0.00|0.00|0.00|0.00|0.00|0.00|0.00|||||Anexo_5_Produtos_de_perfumaria_higiene_e_cosméticos_1.xlsx|Prod_Perfumaria_higiene
20|24.0|2002400|33062000|Fios utilizados para limpar os espaços interdentais (fios dentais)|DECRETO ICMS/PB Nº 44.681/23|2024-01-01 00:00:00||0.2|0.5928|0.00|0.00|0.00|0.00|0.00|0.00|0.00|0.00|0.00||0.91136|0.8516299999999999|0.7520799999999999|0.00|0.00|0.00|0.00|0.00|0.00|0.00|0.00|0.00|0.00|0.00|0.00|0.00|0.00|||||Anexo_5_Produtos_de_perfumaria_higiene_e_cosméticos_1.xlsx|Prod_Perfumaria_higiene
20|25.0|2002500|33069000|Outras preparações para higiene bucal ou dentária|DECRETO ICMS/PB Nº 39.158//Decreto 39.919/19// Decreto 40.145/20|2019-05-07 00:00:00|2020-03-31 00:00:00|0.18|0.3305|0.00|0.00|0.00|0.00|0.00|0.00|0.00|0.00|0.00||0.5576585365853657|0.5089817073170728|0.4278536585365853|0.00|0.00|0.00|0.00|0.00|0.00|0.00|0.00|0.00|0.00|0.00|0.00|0.00|0.00|||||Anexo_5_Produtos_de_perfumaria_higiene_e_cosméticos_1.xlsx|Prod_Perfumaria_higiene
20|25.0|2002500|33069000|Outras preparações para higiene bucal ou dentária|Decreto 39.919/19// Decreto 40.145/20|2020-04-01 00:00:00|2023-12-31 00:00:00|0.18|0.464|0.00|0.00|0.00|0.00|0.00|0.00|0.00|0.00|0.00||0.7139512195121951|0.6603902439024387|0.571121951219512|0.00|0.00|0.00|0.00|0.00|0.00|0.00|0.00|0.00|0.00|0.00|0.00|0.00|0.00|||||Anexo_5_Produtos_de_perfumaria_higiene_e_cosméticos_1.xlsx|Prod_Perfumaria_higiene
20|25.0|2002500|33069000|Outras preparações para higiene bucal ou dentária|DECRETO ICMS/PB Nº 44.681/23|2024-01-01 00:00:00||0.2|0.464|0.00|0.00|0.00|0.00|0.00|0.00|0.00|0.00|0.00||0.7567999999999999|0.7018999999999997|0.6103999999999998|0.00|0.00|0.00|0.00|0.00|0.00|0.00|0.00|0.00|0.00|0.00|0.00|0.00|0.00|||||Anexo_5_Produtos_de_perfumaria_higiene_e_cosméticos_1.xlsx|Prod_Perfumaria_higiene
20|39.0|2003900|40149090|Chupetas e bicos para mamadeiras e para chupetas, de borracha|DECRETO ICMS/PB Nº 39.158// Decreto 39.919/19// Decreto 40.145/20|2019-05-07 00:00:00|2020-03-31 00:00:00|0.18|0.4134|0.00|0.00|0.00|0.00|0.00|0.00|0.00|0.00|0.00||0.654712195121951|0.6030024390243898|0.5168195121951218|0.00|0.00|0.00|0.00|0.00|0.00|0.00|0.00|0.00|0.00|0.00|0.00|0.00|0.00|||||Anexo_5_Produtos_de_perfumaria_higiene_e_cosméticos_1.xlsx|Prod_Perfumaria_higiene
20|39.0|2003900|40149090|Chupetas e bicos para mamadeiras e para chupetas, de borracha|Decreto 39.919/19// Decreto 40.145/20|2020-04-01 00:00:00|2023-12-31 00:00:00|0.18|0.6611|0.00|0.00|0.00|0.00|0.00|0.00|0.00|0.00|0.00||0.9447024390243899|0.8839304878048777|0.7826439024390242|0.00|0.00|0.00|0.00|0.00|0.00|0.00|0.00|0.00|0.00|0.00|0.00|0.00|0.00|||||Anexo_5_Produtos_de_perfumaria_higiene_e_cosméticos_1.xlsx|Prod_Perfumaria_higiene
20|39.0|2003900|40149090|Chupetas e bicos para mamadeiras e para chupetas, de borracha|DECRETO ICMS/PB Nº 44.681/23|2024-01-01 00:00:00||0.2|0.6611|0.00|0.00|0.00|0.00|0.00|0.00|0.00|0.00|0.00||0.9933199999999998|0.9310287499999996|0.8272099999999998|0.00|0.00|0.00|0.00|0.00|0.00|0.00|0.00|0.00|0.00|0.00|0.00|0.00|0.00|||||Anexo_5_Produtos_de_perfumaria_higiene_e_cosméticos_1.xlsx|Prod_Perfumaria_higiene
20|40.0|2004000|39249000|Chupetas e bicos para mamadeiras e para chupetas, de silicone|DECRETO ICMS/PB Nº 39.158// Decreto 39.919/19// Decreto 40.145/20|2019-05-07 00:00:00|2020-03-31 00:00:00|0.18|0.4134|0.00|0.00|0.00|0.00|0.00|0.00|0.00|0.00|0.00||0.654712195121951|0.6030024390243898|0.5168195121951218|0.00|0.00|0.00|0.00|0.00|0.00|0.00|0.00|0.00|0.00|0.00|0.00|0.00|0.00|||||Anexo_5_Produtos_de_perfumaria_higiene_e_cosméticos_1.xlsx|Prod_Perfumaria_higiene
20|40.0|2004000|39249000|Chupetas e bicos para mamadeiras e para chupetas, de silicone| Decreto 39.919/19// Decreto 40.145/20|2020-04-01 00:00:00|2023-12-31 00:00:00|0.18|0.7129|0.00|0.00|0.00|0.00|0.00|0.00|0.00|0.00|0.00||1.0053463414634143|0.9426792682926826|0.8382341463414631|0.00|0.00|0.00|0.00|0.00|0.00|0.00|0.00|0.00|0.00|0.00|0.00|0.00|0.00|||||Anexo_5_Produtos_de_perfumaria_higiene_e_cosméticos_1.xlsx|Prod_Perfumaria_higiene
20|40.0|2004000|39249000|Chupetas e bicos para mamadeiras e para chupetas, de silicone|DECRETO ICMS/PB Nº 44.681/23|2024-01-01 00:00:00||0.2|0.7129|0.00|0.00|0.00|0.00|0.00|0.00|0.00|0.00|0.00||1.0554799999999998|0.9912462499999997|0.8841899999999996|0.00|0.00|0.00|0.00|0.00|0.00|0.00|0.00|0.00|0.00|0.00|0.00|0.00|0.00|||||Anexo_5_Produtos_de_perfumaria_higiene_e_cosméticos_1.xlsx|Prod_Perfumaria_higiene
20|40.0|2004000|39269040|Chupetas e bicos para mamadeiras e para chupetas, de silicone|DECRETO ICMS/PB Nº 39.158// Decreto 39.919/19// Decreto 40.145/20|2019-05-07 00:00:00|2020-03-31 00:00:00|0.18|0.4134|0.00|0.00|0.00|0.00|0.00|0.00|0.00|0.00|0.00||0.654712195121951|0.6030024390243898|0.5168195121951218|0.00|0.00|0.00|0.00|0.00|0.00|0.00|0.00|0.00|0.00|0.00|0.00|0.00|0.00|||||Anexo_5_Produtos_de_perfumaria_higiene_e_cosméticos_1.xlsx|Prod_Perfumaria_higiene
20|40.0|2004000|39269040|Chupetas e bicos para mamadeiras e para chupetas, de silicone| Decreto 39.919/19// Decreto 40.145/20|2020-04-01 00:00:00|2023-12-31 00:00:00|0.18|0.7129|0.00|0.00|0.00|0.00|0.00|0.00|0.00|0.00|0.00||1.0053463414634143|0.9426792682926826|0.8382341463414631|0.00|0.00|0.00|0.00|0.00|0.00|0.00|0.00|0.00|0.00|0.00|0.00|0.00|0.00|||||Anexo_5_Produtos_de_perfumaria_higiene_e_cosméticos_1.xlsx|Prod_Perfumaria_higiene
20|40.0|2004000|39269040|Chupetas e bicos para mamadeiras e para chupetas, de silicone|DECRETO ICMS/PB Nº 44.681/23|2024-01-01 00:00:00||0.2|0.7129|0.00|0.00|0.00|0.00|0.00|0.00|0.00|0.00|0.00||1.0554799999999998|0.9912462499999997|0.8841899999999996|0.00|0.00|0.00|0.00|0.00|0.00|0.00|0.00|0.00|0.00|0.00|0.00|0.00|0.00|||||Anexo_5_Produtos_de_perfumaria_higiene_e_cosméticos_1.xlsx|Prod_Perfumaria_higiene
20|40.0|2004000|39269090|Chupetas e bicos para mamadeiras e para chupetas, de silicone|DECRETO ICMS/PB Nº 39.158// Decreto 39.919/19// Decreto 40.145/20|2019-05-07 00:00:00|2020-03-31 00:00:00|0.18|0.4134|0.00|0.00|0.00|0.00|0.00|0.00|0.00|0.00|0.00||0.654712195121951|0.6030024390243898|0.5168195121951218|0.00|0.00|0.00|0.00|0.00|0.00|0.00|0.00|0.00|0.00|0.00|0.00|0.00|0.00|||||Anexo_5_Produtos_de_perfumaria_higiene_e_cosméticos_1.xlsx|Prod_Perfumaria_higiene
20|40.0|2004000|39269090|Chupetas e bicos para mamadeiras e para chupetas, de silicone| Decreto 39.919/19// Decreto 40.145/20|2020-04-01 00:00:00|2023-12-31 00:00:00|0.18|0.7129|0.00|0.00|0.00|0.00|0.00|0.00|0.00|0.00|0.00||1.0053463414634143|0.9426792682926826|0.8382341463414631|0.00|0.00|0.00|0.00|0.00|0.00|0.00|0.00|0.00|0.00|0.00|0.00|0.00|0.00|||||Anexo_5_Produtos_de_perfumaria_higiene_e_cosméticos_1.xlsx|Prod_Perfumaria_higiene
20|40.0|2004000|39269090|Chupetas e bicos para mamadeiras e para chupetas, de silicone|DECRETO ICMS/PB Nº 44.681/23|2024-01-01 00:00:00||0.2|0.7129|0.00|0.00|0.00|0.00|0.00|0.00|0.00|0.00|0.00||1.0554799999999998|0.9912462499999997|0.8841899999999996|0.00|0.00|0.00|0.00|0.00|0.00|0.00|0.00|0.00|0.00|0.00|0.00|0.00|0.00|||||Anexo_5_Produtos_de_perfumaria_higiene_e_cosméticos_1.xlsx|Prod_Perfumaria_higiene
20|48.0|2004800|96190000|Fraldas, exceto os descritos no CEST 20.048.01|DECRETO ICMS/PB Nº 39.158// Decreto 40.006/20|2019-05-07 00:00:00|2020-01-31 00:00:00|0.18|0.4134|0.00|0.00|0.00|0.00|0.00|0.00|0.00|0.00|0.00||0.654712195121951|0.6030024390243898|0.5168195121951218|0.00|0.00|0.00|0.00|0.00|0.00|0.00|0.00|0.00|0.00|0.00|0.00|0.00|0.00|||||Anexo_5_Produtos_de_perfumaria_higiene_e_cosméticos_1.xlsx|Prod_Perfumaria_higiene
20|48.0|2004800|96190000|Fraldas, exceto os descritos no CEST 20.048.01|Decreto 40.006/20// Decreto 40.146/20|2020-02-01 00:00:00|2020-03-26 00:00:00|0.18|0.4134|0.00|0.00|0.00|0.00|0.00|0.00|0.00|0.00|0.00||0.654712195121951|0.6030024390243898|0.5168195121951218|0.00|0.00|0.00|0.00|0.00|0.00|0.00|0.00|0.00|0.00|0.00|0.00|0.00|0.00|||||Anexo_5_Produtos_de_perfumaria_higiene_e_cosméticos_1.xlsx|Prod_Perfumaria_higiene
20|48.0|2004800|96190000|Fraldas, exceto os descritos no CEST 20.048.01|DECRETO ICMS/PB Nº 44.681/23|2024-01-01 00:00:00||0.2|0.4917|0.00|0.00|0.00|0.00|0.00|0.00|0.00|0.00|0.00||0.7900399999999999|0.7341012499999999|0.64087|0.00|0.00|0.00|0.00|0.00|0.00|0.00|0.00|0.00|0.00|0.00|0.00|0.00|0.00|||||Anexo_5_Produtos_de_perfumaria_higiene_e_cosméticos_1.xlsx|Prod_Perfumaria_higiene
20|48.0|2004800|96190000|Fraldas, exceto os descritos no CEST 20.048.01|Decreto 40.146/20|27/03 2020|2023-12-31 00:00:00|0.18|0.4917|0.00|0.00|0.00|0.00|0.00|0.00|0.00|0.00|0.00||0.7463804878048779|0.6918060975609754|0.6008487804878049|0.00|0.00|0.00|0.00|0.00|0.00|0.00|0.00|0.00|0.00|0.00|0.00|0.00|0.00|||||Anexo_5_Produtos_de_perfumaria_higiene_e_cosméticos_1.xlsx|Prod_Perfumaria_higiene
20|48.1|2004801|96190000|Fraldas de fibras têxteis|DECRETO ICMS/PB Nº 39.158// Decreto 40.006/20|2019-05-07 00:00:00|2020-01-31 00:00:00|0.18|0.4134|0.00|0.00|0.00|0.00|0.00|0.00|0.00|0.00|0.00||0.654712195121951|0.6030024390243898|0.5168195121951218|0.00|0.00|0.00|0.00|0.00|0.00|0.00|0.00|0.00|0.00|0.00|0.00|0.00|0.00|||||Anexo_5_Produtos_de_perfumaria_higiene_e_cosméticos_1.xlsx|Prod_Perfumaria_higiene
20|48.1|2004801|96190000|Fraldas de fibras têxteis|Decreto 40.006/2020// Decreto 40.146/20|2020-02-01 00:00:00|2020-03-26 00:00:00|0.18|0.4134|0.00|0.00|0.00|0.00|0.00|0.00|0.00|0.00|0.00||0.654712195121951|0.6030024390243898|0.5168195121951218|0.00|0.00|0.00|0.00|0.00|0.00|0.00|0.00|0.00|0.00|0.00|0.00|0.00|0.00|||||Anexo_5_Produtos_de_perfumaria_higiene_e_cosméticos_1.xlsx|Prod_Perfumaria_higiene
20|48.1|2004801|96190000|Fraldas de fibras têxteis|Decreto 40.146/20|2020-03-27 00:00:00|2023-12-31 00:00:00|0.18|0.4917|0.00|0.00|0.00|0.00|0.00|0.00|0.00|0.00|0.00||0.7463804878048779|0.6918060975609754|0.6008487804878049|0.00|0.00|0.00|0.00|0.00|0.00|0.00|0.00|0.00|0.00|0.00|0.00|0.00|0.00|||||Anexo_5_Produtos_de_perfumaria_higiene_e_cosméticos_1.xlsx|Prod_Perfumaria_higiene
20|48.1|2004801|96190000|Fraldas de fibras têxteis|DECRETO ICMS/PB Nº 44.681/23|2024-01-01 00:00:00||0.2|0.4917|0.00|0.00|0.00|0.00|0.00|0.00|0.00|0.00|0.00||0.7900399999999999|0.7341012499999999|0.64087|0.00|0.00|0.00|0.00|0.00|0.00|0.00|0.00|0.00|0.00|0.00|0.00|0.00|0.00|||||Anexo_5_Produtos_de_perfumaria_higiene_e_cosméticos_1.xlsx|Prod_Perfumaria_higiene
20|49.0|2004900|96190000|Tampões higiênicos|DECRETO ICMS/PB Nº 39.158// Decreto 39.919/19// Decreto 40.145/20|2019-05-07 00:00:00|2020-03-31 00:00:00|0.18|0.4134|0.00|0.00|0.00|0.00|0.00|0.00|0.00|0.00|0.00||0.654712195121951|0.6030024390243898|0.5168195121951218|0.00|0.00|0.00|0.00|0.00|0.00|0.00|0.00|0.00|0.00|0.00|0.00|0.00|0.00|||||Anexo_5_Produtos_de_perfumaria_higiene_e_cosméticos_1.xlsx|Prod_Perfumaria_higiene
20|49.0|2004900|96190000|Tampões higiênicos|Decreto  39.919/19 // Decreto 40.145/20|2020-04-01 00:00:00|2023-12-31 00:00:00|0.18|0.4917|0.00|0.00|0.00|0.00|0.00|0.00|0.00|0.00|0.00||0.7463804878048779|0.6918060975609754|0.6008487804878049|0.00|0.00|0.00|0.00|0.00|0.00|0.00|0.00|0.00|0.00|0.00|0.00|0.00|0.00|||||Anexo_5_Produtos_de_perfumaria_higiene_e_cosméticos_1.xlsx|Prod_Perfumaria_higiene
20|49.0|2004900|96190000|Tampões higiênicos|DECRETO ICMS/PB Nº 44.681/23|2024-01-01 00:00:00||0.2|0.4917|0.00|0.00|0.00|0.00|0.00|0.00|0.00|0.00|0.00||0.7900399999999999|0.7341012499999999|0.64087|0.00|0.00|0.00|0.00|0.00|0.00|0.00|0.00|0.00|0.00|0.00|0.00|0.00|0.00|||||Anexo_5_Produtos_de_perfumaria_higiene_e_cosméticos_1.xlsx|Prod_Perfumaria_higiene
20|50.0|2005000|96190000|Absorventes higiênicos externos|DECRETO ICMS/PB Nº 39.158// Decreto 39.919/19// Decreto 40.145/20|2019-05-07 00:00:00|2020-03-31 00:00:00|0.18|0.4134|0.00|0.00|0.00|0.00|0.00|0.00|0.00|0.00|0.00||0.654712195121951|0.6030024390243898|0.5168195121951218|0.00|0.00|0.00|0.00|0.00|0.00|0.00|0.00|0.00|0.00|0.00|0.00|0.00|0.00|||||Anexo_5_Produtos_de_perfumaria_higiene_e_cosméticos_1.xlsx|Prod_Perfumaria_higiene
20|50.0|2005000|96190000|Absorventes higiênicos externos|Decreto 39.919/19// Decreto 40.145/20|2020-04-01 00:00:00|2023-12-31 00:00:00|0.18|0.4917|0.00|0.00|0.00|0.00|0.00|0.00|0.00|0.00|0.00||0.7463804878048779|0.6918060975609754|0.6008487804878049|0.00|0.00|0.00|0.00|0.00|0.00|0.00|0.00|0.00|0.00|0.00|0.00|0.00|0.00|||||Anexo_5_Produtos_de_perfumaria_higiene_e_cosméticos_1.xlsx|Prod_Perfumaria_higiene
20|50.0|2005000|96190000|Absorventes higiênicos externos|DECRETO ICMS/PB Nº 44.681/23|2024-01-01 00:00:00||0.2|0.4917|0.00|0.00|0.00|0.00|0.00|0.00|0.00|0.00|0.00||0.7900399999999999|0.7341012499999999|0.64087|0.00|0.00|0.00|0.00|0.00|0.00|0.00|0.00|0.00|0.00|0.00|0.00|0.00|0.00|||||Anexo_5_Produtos_de_perfumaria_higiene_e_cosméticos_1.xlsx|Prod_Perfumaria_higiene
20|51.0|2005100|56012190|Hastes flexíveis (uso não medicinal)|DECRETO ICMS/PB Nº 39.158// Decreto 40.006/20|2019-05-07 00:00:00|2020-01-31 00:00:00|0.18|0.4134|0.00|0.00|0.00|0.00|0.00|0.00|0.00|0.00|0.00||0.654712195121951|0.6030024390243898|0.5168195121951218|0.00|0.00|0.00|0.00|0.00|0.00|0.00|0.00|0.00|0.00|0.00|0.00|0.00|0.00|||||Anexo_5_Produtos_de_perfumaria_higiene_e_cosméticos_1.xlsx|Prod_Perfumaria_higiene
20|51.0|2005100|56012190|Hastes flexíveis (uso não medicinal)|Decreto 40.006/20|2020-02-01 00:00:00|2023-12-31 00:00:00|0.18|0.4134|0.00|0.00|0.00|0.00|0.00|0.00|0.00|0.00|0.00||0.654712195121951|0.6030024390243898|0.5168195121951218|0.00|0.00|0.00|0.00|0.00|0.00|0.00|0.00|0.00|0.00|0.00|0.00|0.00|0.00|||||Anexo_5_Produtos_de_perfumaria_higiene_e_cosméticos_1.xlsx|Prod_Perfumaria_higiene
20|51.0|2005100|56012190|Hastes flexíveis (uso não medicinal)|DECRETO ICMS/PB Nº 44.681/23|2024-01-01 00:00:00||0.2|0.4134|0.00|0.00|0.00|0.00|0.00|0.00|0.00|0.00|0.00||0.6960799999999998|0.6430774999999997|0.55474|0.00|0.00|0.00|0.00|0.00|0.00|0.00|0.00|0.00|0.00|0.00|0.00|0.00|0.00|||||Anexo_5_Produtos_de_perfumaria_higiene_e_cosméticos_1.xlsx|Prod_Perfumaria_higiene
20|58.0|2005800|96032100|Escovas de dentes, incluídas as escovas para dentaduras|DECRETO ICMS/PB Nº 39.158// Decreto 39.919/19// Decreto 40.145/20|2019-05-07 00:00:00|2020-03-31 00:00:00|0.18|0.3305|0.00|0.00|0.00|0.00|0.00|0.00|0.00|0.00|0.00||0.5576585365853657|0.5089817073170728|0.4278536585365853|0.00|0.00|0.00|0.00|0.00|0.00|0.00|0.00|0.00|0.00|0.00|0.00|0.00|0.00|||||Anexo_5_Produtos_de_perfumaria_higiene_e_cosméticos_1.xlsx|Prod_Perfumaria_higiene
20|58.0|2005800|96032100|Escovas de dentes, incluídas as escovas para dentaduras|Decreto 39.919/19// Decreto 40.145/20|2020-04-01 00:00:00|2023-12-31 00:00:00|0.18|0.5661|0.00|0.00|0.00|0.00|0.00|0.00|0.00|0.00|0.00||0.8334829268292681|0.7761865853658534|0.6806926829268292|0.00|0.00|0.00|0.00|0.00|0.00|0.00|0.00|0.00|0.00|0.00|0.00|0.00|0.00|||||Anexo_5_Produtos_de_perfumaria_higiene_e_cosméticos_1.xlsx|Prod_Perfumaria_higiene
20|58.0|2005800|96032100|Escovas de dentes, incluídas as escovas para dentaduras|DECRETO ICMS/PB Nº 44.681/23|2024-01-01 00:00:00||0.2|0.5661|0.00|0.00|0.00|0.00|0.00|0.00|0.00|0.00|0.00||0.8793199999999999|0.8205912499999999|0.72271|0.00|0.00|0.00|0.00|0.00|0.00|0.00|0.00|0.00|0.00|0.00|0.00|0.00|0.00|||||Anexo_5_Produtos_de_perfumaria_higiene_e_cosméticos_1.xlsx|Prod_Perfumaria_higiene
20|63.0|2006300|7023|Mamadeiras|Decreto 43.353/2023|2022-11-01 00:00:00|2023-12-31 00:00:00|0.18|0.6796|0.00|0.00|0.00|0.00|0.00|0.00|0.00|0.00|0.00||0.9663609756097558|0.904912195121951|0.8024975609756098|0.00|0.00|0.00|0.00|0.00|0.00|0.00|0.00|0.00|0.00|0.00|0.00|0.00|0.00|||||Anexo_5_Produtos_de_perfumaria_higiene_e_cosméticos_1.xlsx|Prod_Perfumaria_higiene
20|63.0|2006300|7023|Mamadeiras|DECRETO ICMS/PB Nº 44.681/23|2024-01-01 00:00:00||0.2|0.6796|0.00|0.00|0.00|0.00|0.00|0.00|0.00|0.00|0.00||1.0155199999999995|0.9525349999999999|0.8475599999999999|0.00|0.00|0.00|0.00|0.00|0.00|0.00|0.00|0.00|0.00|0.00|0.00|0.00|0.00|||||Anexo_5_Produtos_de_perfumaria_higiene_e_cosméticos_1.xlsx|Prod_Perfumaria_higiene
20|63.0|2006300|30249000|Mamadeiras|Decreto 43.353/2023|2022-11-01 00:00:00|2023-12-31 00:00:00|0.18|0.6796|0.00|0.00|0.00|0.00|0.00|0.00|0.00|0.00|0.00||0.9663609756097558|0.904912195121951|0.8024975609756098|0.00|0.00|0.00|0.00|0.00|0.00|0.00|0.00|0.00|0.00|0.00|0.00|0.00|0.00|||||Anexo_5_Produtos_de_perfumaria_higiene_e_cosméticos_1.xlsx|Prod_Perfumaria_higiene
20|63.0|2006300|30249000|Mamadeiras|DECRETO ICMS/PB Nº 44.681/23|2024-01-01 00:00:00||0.2|0.6796|0.00|0.00|0.00|0.00|0.00|0.00|0.00|0.00|0.00||1.0155199999999995|0.9525349999999999|0.8475599999999999|0.00|0.00|0.00|0.00|0.00|0.00|0.00|0.00|0.00|0.00|0.00|0.00|0.00|0.00|||||Anexo_5_Produtos_de_perfumaria_higiene_e_cosméticos_1.xlsx|Prod_Perfumaria_higiene
20|63.0|2006300|39233000|Mamadeiras|DECRETO ICMS/PB Nº 39.158// Decreto 39.919/19// Decreto 40.145/20|2019-05-07 00:00:00|2020-03-31 00:00:00|0.18|0.4134|0.00|0.00|0.00|0.00|0.00|0.00|0.00|0.00|0.00||0.654712195121951|0.6030024390243898|0.5168195121951218|0.00|0.00|0.00|0.00|0.00|0.00|0.00|0.00|0.00|0.00|0.00|0.00|0.00|0.00|||||Anexo_5_Produtos_de_perfumaria_higiene_e_cosméticos_1.xlsx|Prod_Perfumaria_higiene
20|63.0|2006300|39233000|Mamadeiras|Decreto 39.919/19// Decreto 40.145/20// Decreto 43.353/2023|2020-04-01 00:00:00|2022-10-31 00:00:00|0.18|0.6796|0.00|0.00|0.00|0.00|0.00|0.00|0.00|0.00|0.00||0.9663609756097558|0.904912195121951|0.8024975609756098|0.00|0.00|0.00|0.00|0.00|0.00|0.00|0.00|0.00|0.00|0.00|0.00|0.00|0.00|||||Anexo_5_Produtos_de_perfumaria_higiene_e_cosméticos_1.xlsx|Prod_Perfumaria_higiene
20|63.0|2006300|39233090|Mamadeiras|Decreto 43.353/2023|2022-11-01 00:00:00|2023-12-31 00:00:00|0.18|0.6796|0.00|0.00|0.00|0.00|0.00|0.00|0.00|0.00|0.00||0.9663609756097558|0.904912195121951|0.8024975609756098|0.00|0.00|0.00|0.00|0.00|0.00|0.00|0.00|0.00|0.00|0.00|0.00|0.00|0.00|||||Anexo_5_Produtos_de_perfumaria_higiene_e_cosméticos_1.xlsx|Prod_Perfumaria_higiene
20|63.0|2006300|39233090|Mamadeiras|DECRETO ICMS/PB Nº 44.681/23|2024-01-01 00:00:00||0.2|0.6796|0.00|0.00|0.00|0.00|0.00|0.00|0.00|0.00|0.00||1.0155199999999995|0.9525349999999999|0.8475599999999999|0.00|0.00|0.00|0.00|0.00|0.00|0.00|0.00|0.00|0.00|0.00|0.00|0.00|0.00|||||Anexo_5_Produtos_de_perfumaria_higiene_e_cosméticos_1.xlsx|Prod_Perfumaria_higiene
20|63.0|2006300|39241000|Mamadeiras|DECRETO ICMS/PB Nº 39.158// Decreto 39.919/19// Decreto 40.145/20|2019-05-07 00:00:00|2020-03-31 00:00:00|0.18|0.4134|0.00|0.00|0.00|0.00|0.00|0.00|0.00|0.00|0.00||0.654712195121951|0.6030024390243898|0.5168195121951218|0.00|0.00|0.00|0.00|0.00|0.00|0.00|0.00|0.00|0.00|0.00|0.00|0.00|0.00|||||Anexo_5_Produtos_de_perfumaria_higiene_e_cosméticos_1.xlsx|Prod_Perfumaria_higiene
20|63.0|2006300|39241000|Mamadeiras|Decreto 39.919/19// Decreto 40.145/20// Decreto 43.353/2023|2020-04-01 00:00:00|2022-10-31 00:00:00|0.18|0.6796|0.00|0.00|0.00|0.00|0.00|0.00|0.00|0.00|0.00||0.9663609756097558|0.904912195121951|0.8024975609756098|0.00|0.00|0.00|0.00|0.00|0.00|0.00|0.00|0.00|0.00|0.00|0.00|0.00|0.00|||||Anexo_5_Produtos_de_perfumaria_higiene_e_cosméticos_1.xlsx|Prod_Perfumaria_higiene
20|63.0|2006300|39241000|Mamadeiras|Decreto 43.353/2023|2022-11-01 00:00:00|2023-12-31 00:00:00|0.18|0.6796|0.00|0.00|0.00|0.00|0.00|0.00|0.00|0.00|0.00||0.9663609756097558|0.904912195121951|0.8024975609756098|0.00|0.00|0.00|0.00|0.00|0.00|0.00|0.00|0.00|0.00|0.00|0.00|0.00|0.00|||||Anexo_5_Produtos_de_perfumaria_higiene_e_cosméticos_1.xlsx|Prod_Perfumaria_higiene
20|63.0|2006300|39241000|Mamadeiras|DECRETO ICMS/PB Nº 44.681/23|2024-01-01 00:00:00||0.2|0.6796|0.00|0.00|0.00|0.00|0.00|0.00|0.00|0.00|0.00||1.0155199999999995|0.9525349999999999|0.8475599999999999|0.00|0.00|0.00|0.00|0.00|0.00|0.00|0.00|0.00|0.00|0.00|0.00|0.00|0.00|||||Anexo_5_Produtos_de_perfumaria_higiene_e_cosméticos_1.xlsx|Prod_Perfumaria_higiene
20|63.0|2006300|39249000|Mamadeiras|DECRETO ICMS/PB Nº 39.158// Decreto 39.919/19// Decreto 40.145/20|2019-05-07 00:00:00|2020-03-31 00:00:00|0.18|0.4134|0.00|0.00|0.00|0.00|0.00|0.00|0.00|0.00|0.00||0.654712195121951|0.6030024390243898|0.5168195121951218|0.00|0.00|0.00|0.00|0.00|0.00|0.00|0.00|0.00|0.00|0.00|0.00|0.00|0.00|||||Anexo_5_Produtos_de_perfumaria_higiene_e_cosméticos_1.xlsx|Prod_Perfumaria_higiene
20|63.0|2006300|39249000|Mamadeiras|Decreto 39.919/19// Decreto 40.145/20// Decreto 43.353/2023|2020-04-01 00:00:00|2022-10-31 00:00:00|0.18|0.6796|0.00|0.00|0.00|0.00|0.00|0.00|0.00|0.00|0.00||0.9663609756097558|0.904912195121951|0.8024975609756098|0.00|0.00|0.00|0.00|0.00|0.00|0.00|0.00|0.00|0.00|0.00|0.00|0.00|0.00|||||Anexo_5_Produtos_de_perfumaria_higiene_e_cosméticos_1.xlsx|Prod_Perfumaria_higiene
20|63.0|2006300|40149090|Mamadeiras|DECRETO ICMS/PB Nº 39.158// Decreto 39.919/19// Decreto 40.145/20|2019-05-07 00:00:00|2020-03-31 00:00:00|0.18|0.4134|0.00|0.00|0.00|0.00|0.00|0.00|0.00|0.00|0.00||0.654712195121951|0.6030024390243898|0.5168195121951218|0.00|0.00|0.00|0.00|0.00|0.00|0.00|0.00|0.00|0.00|0.00|0.00|0.00|0.00|||||Anexo_5_Produtos_de_perfumaria_higiene_e_cosméticos_1.xlsx|Prod_Perfumaria_higiene
20|63.0|2006300|40149090|Mamadeiras|Decreto 39.919/19// Decreto 40.145/20// Decreto 43.353/2023|2020-04-01 00:00:00|2022-10-31 00:00:00|0.18|0.6796|0.00|0.00|0.00|0.00|0.00|0.00|0.00|0.00|0.00||0.9663609756097558|0.904912195121951|0.8024975609756098|0.00|0.00|0.00|0.00|0.00|0.00|0.00|0.00|0.00|0.00|0.00|0.00|0.00|0.00|||||Anexo_5_Produtos_de_perfumaria_higiene_e_cosméticos_1.xlsx|Prod_Perfumaria_higiene
20|63.0|2006300|40149090|Mamadeiras|Decreto 43.353/2023|2022-11-01 00:00:00|2023-12-31 00:00:00|0.18|0.6796|0.00|0.00|0.00|0.00|0.00|0.00|0.00|0.00|0.00||0.9663609756097558|0.904912195121951|0.8024975609756098|0.00|0.00|0.00|0.00|0.00|0.00|0.00|0.00|0.00|0.00|0.00|0.00|0.00|0.00|||||Anexo_5_Produtos_de_perfumaria_higiene_e_cosméticos_1.xlsx|Prod_Perfumaria_higiene
20|63.0|2006300|40149090|Mamadeiras|DECRETO ICMS/PB Nº 44.681/23|2024-01-01 00:00:00||0.2|0.6796|0.00|0.00|0.00|0.00|0.00|0.00|0.00|0.00|0.00||1.0155199999999995|0.9525349999999999|0.8475599999999999|0.00|0.00|0.00|0.00|0.00|0.00|0.00|0.00|0.00|0.00|0.00|0.00|0.00|0.00|||||Anexo_5_Produtos_de_perfumaria_higiene_e_cosméticos_1.xlsx|Prod_Perfumaria_higiene
20|63.0|2006300|70102000|Mamadeiras|DECRETO ICMS/PB Nº 39.158// Decreto 39.919/19// Decreto 40.145/20|2019-05-07 00:00:00|2020-03-31 00:00:00|0.18|0.4134|0.00|0.00|0.00|0.00|0.00|0.00|0.00|0.00|0.00||0.654712195121951|0.6030024390243898|0.5168195121951218|0.00|0.00|0.00|0.00|0.00|0.00|0.00|0.00|0.00|0.00|0.00|0.00|0.00|0.00|||||Anexo_5_Produtos_de_perfumaria_higiene_e_cosméticos_1.xlsx|Prod_Perfumaria_higiene
20|63.0|2006300|70102000|Mamadeiras|Decreto 39.919/19// Decreto 40.145/20// Decreto 43.353/2023|2020-04-01 00:00:00|2022-10-31 00:00:00|0.18|0.6796|0.00|0.00|0.00|0.00|0.00|0.00|0.00|0.00|0.00||0.9663609756097558|0.904912195121951|0.8024975609756098|0.00|0.00|0.00|0.00|0.00|0.00|0.00|0.00|0.00|0.00|0.00|0.00|0.00|0.00|||||Anexo_5_Produtos_de_perfumaria_higiene_e_cosméticos_1.xlsx|Prod_Perfumaria_higiene
20|64.0|2006400|82121020|Aparelhos e lâminas de barbear|DECRETO ICMS/PB Nº 39.158// Decreto 39.919/19|2019-05-07 00:00:00|2019-09-18 00:00:00|0.18|0.3|0.00|0.00|0.00|0.00|0.00|0.00|0.00|0.00|0.00||0.5219512195121949|0.4743902439024388|0.3951219512195123|0.00|0.00|0.00|0.00|0.00|0.00|0.00|0.00|0.00|0.00|0.00|0.00|0.00|0.00|||||Anexo_5_Produtos_de_perfumaria_higiene_e_cosméticos_1.xlsx|Prod_Perfumaria_higiene
20|64.0|2006400|82121020|Aparelhos e lâminas de barbear|Decreto 39.919/19|2019-09-19 00:00:00|2023-12-31 00:00:00|0.18|0.3|0.00|0.00|0.00|0.00|0.00|0.00|0.00|0.00|0.00||0.5219512195121949|0.4743902439024388|0.3951219512195123|0.00|0.00|0.00|0.00|0.00|0.00|0.00|0.00|0.00|0.00|0.00|0.00|0.00|0.00|||||Anexo_5_Produtos_de_perfumaria_higiene_e_cosméticos_1.xlsx|Prod_Perfumaria_higiene
20|64.0|2006400|82121020|Aparelhos e lâminas de barbear|DECRETO ICMS/PB Nº 44.681/23|2024-01-01 00:00:00||0.2|0.3|0.00|0.00|0.00|0.00|0.00|0.00|0.00|0.00|0.00||0.5599999999999998|0.5112499999999998|0.43000000000000016|0.00|0.00|0.00|0.00|0.00|0.00|0.00|0.00|0.00|0.00|0.00|0.00|0.00|0.00|||||Anexo_5_Produtos_de_perfumaria_higiene_e_cosméticos_1.xlsx|Prod_Perfumaria_higiene
20|64.0|2006400|82122010|Aparelhos e lâminas de barbear|DECRETO ICMS/PB Nº 39.158// Decreto 39.919/19|2019-05-07 00:00:00|2019-09-18 00:00:00|0.18|0.3|0.00|0.00|0.00|0.00|0.00|0.00|0.00|0.00|0.00||0.5219512195121949|0.4743902439024388|0.3951219512195123|0.00|0.00|0.00|0.00|0.00|0.00|0.00|0.00|0.00|0.00|0.00|0.00|0.00|0.00|||||Anexo_5_Produtos_de_perfumaria_higiene_e_cosméticos_1.xlsx|Prod_Perfumaria_higiene
20|64.0|2006400|82122010|Aparelhos e lâminas de barbear|Decreto 39.919/19|2019-09-19 00:00:00|2023-12-31 00:00:00|0.18|0.3|0.00|0.00|0.00|0.00|0.00|0.00|0.00|0.00|0.00||0.5219512195121949|0.4743902439024388|0.3951219512195123|0.00|0.00|0.00|0.00|0.00|0.00|0.00|0.00|0.00|0.00|0.00|0.00|0.00|0.00|||||Anexo_5_Produtos_de_perfumaria_higiene_e_cosméticos_1.xlsx|Prod_Perfumaria_higiene
20|64.0|2006400|82122010|Aparelhos e lâminas de barbear|DECRETO ICMS/PB Nº 44.681/23|2024-01-01 00:00:00||0.2|0.3|0.00|0.00|0.00|0.00|0.00|0.00|0.00|0.00|0.00||0.5599999999999998|0.5112499999999998|0.43000000000000016|0.00|0.00|0.00|0.00|0.00|0.00|0.00|0.00|0.00|0.00|0.00|0.00|0.00|0.00|||||Anexo_5_Produtos_de_perfumaria_higiene_e_cosméticos_1.xlsx|Prod_Perfumaria_higiene
21|53.0|21.053.00|8517123|Telefones para redes celulares, exceto por satélite, os de uso automotivo e os classificados no CEST 21.053.01|DECRETO ICMS/PB Nº 39.158// Decreto 43.079/2022|2019-05-07 00:00:00|2022-05-01 00:00:00|0.18|0.09|0.00|0.00|0.00|0.00|0.00|0.00|0.00|0.00|0.00||0.27609756097560956|0.23621951219512183|0.16975609756097554|0.00|0.00|0.00|0.00|0.00|0.00|0.00|0.00|0.00|0.00|0.00|0.00|0.00|0.00|||||Anexo_5_Produtos_eletrônicos.xlsx|Eletronicos
21|53.0|21.053.00|8517143|"Telefones inteligentes (""smartphones"")e para redes celulares, excetos por satélite, os de uso automotivo e os classificados no CEST 21.053.01"|DECRETO  43.079/2022|2022-05-02 00:00:00|2023-12-31 00:00:00|0.18|0.09|0.00|0.00|0.00|0.00|0.00|0.00|0.00|0.00|0.00||0.27609756097560956|0.23621951219512183|0.16975609756097554|0.00|0.00|0.00|0.00|0.00|0.00|0.00|0.00|0.00|0.00|0.00|0.00|0.00|0.00|||||Anexo_5_Produtos_eletrônicos.xlsx|Eletronicos
21|53.0|21.053.00|8517143|"Telefones inteligentes (""smartphones"")e para redes celulares, excetos por satélite, os de uso automotivo e os classificados no CEST 21.053.01"|DECRETO ICMS/PB Nº 44.681/23|2024-01-01 00:00:00||0.2|0.09|0.00|0.00|0.00|0.00|0.00|0.00|0.00|0.00|0.00||0.30799999999999983|0.26712500000000006|0.19900000000000007|0.00|0.00|0.00|0.00|0.00|0.00|0.00|0.00|0.00|0.00|0.00|0.00|0.00|0.00|||||Anexo_5_Produtos_eletrônicos.xlsx|Eletronicos
21|53.0|21.053.00|85171300|"Telefones inteligentes(""smartphones"") e para redes celulares, excetos por satélite, os de uso automotivo e os classificados no CEST 21.053.01"|DECRETO 43.079/2022|2022-05-02 00:00:00|2023-12-31 00:00:00|0.18|0.09|0.00|0.00|0.00|0.00|0.00|0.00|0.00|0.00|0.00||0.27609756097560956|0.23621951219512183|0.16975609756097554|0.00|0.00|0.00|0.00|0.00|0.00|0.00|0.00|0.00|0.00|0.00|0.00|0.00|0.00|||||Anexo_5_Produtos_eletrônicos.xlsx|Eletronicos
21|53.0|21.053.00|85171300|"Telefones inteligentes(""smartphones"") e para redes celulares, excetos por satélite, os de uso automotivo e os classificados no CEST 21.053.01"|DECRETO ICMS/PB Nº 44.681/23|2024-01-01 00:00:00||0.2|0.09|0.00|0.00|0.00|0.00|0.00|0.00|0.00|0.00|0.00||0.30799999999999983|0.26712500000000006|0.19900000000000007|0.00|0.00|0.00|0.00|0.00|0.00|0.00|0.00|0.00|0.00|0.00|0.00|0.00|0.00|||||Anexo_5_Produtos_eletrônicos.xlsx|Eletronicos
21|53.1|21.053.01|85171231|Telefones para redes celulares portáteis, exceto por satélite|DECRETO ICMS/PB Nº 39.158// Decreto 43.079/2022|2019-05-07 00:00:00|2022-05-01 00:00:00|0.18|0.09|0.00|0.00|0.00|0.00|0.00|0.00|0.00|0.00|0.00||0.27609756097560956|0.23621951219512183|0.16975609756097554|0.00|0.00|0.00|0.00|0.00|0.00|0.00|0.00|0.00|0.00|0.00|0.00|0.00|0.00|||||Anexo_5_Produtos_eletrônicos.xlsx|Eletronicos
21|53.1|21.053.01|85171300|"Telefones inteligentes (""samartphones"") e para redes celulares portáteis, excetos por satélite"|DECRETO 43.079/2022|2022-05-02 00:00:00|2023-12-31 00:00:00|0.18|0.09|0.00|0.00|0.00|0.00|0.00|0.00|0.00|0.00|0.00||0.27609756097560956|0.23621951219512183|0.16975609756097554|0.00|0.00|0.00|0.00|0.00|0.00|0.00|0.00|0.00|0.00|0.00|0.00|0.00|0.00|||||Anexo_5_Produtos_eletrônicos.xlsx|Eletronicos
21|53.1|21.053.01|85171300|"Telefones inteligentes (""samartphones"") e para redes celulares portáteis, excetos por satélite"|DECRETO ICMS/PB Nº 44.681/23|2024-01-01 00:00:00||0.2|0.09|0.00|0.00|0.00|0.00|0.00|0.00|0.00|0.00|0.00||0.30799999999999983|0.26712500000000006|0.19900000000000007|0.00|0.00|0.00|0.00|0.00|0.00|0.00|0.00|0.00|0.00|0.00|0.00|0.00|0.00|||||Anexo_5_Produtos_eletrônicos.xlsx|Eletronicos
21|53.1|21.053.01|85171431|"Telefones inteligentes("" smartphones"") e para redes celulares portáteis, excetos por satélite"|DECRETO 43.079/2022|2022-05-02 00:00:00|2023-12-31 00:00:00|0.18|0.09|0.00|0.00|0.00|0.00|0.00|0.00|0.00|0.00|0.00||0.27609756097560956|0.23621951219512183|0.16975609756097554|0.00|0.00|0.00|0.00|0.00|0.00|0.00|0.00|0.00|0.00|0.00|0.00|0.00|0.00|||||Anexo_5_Produtos_eletrônicos.xlsx|Eletronicos
21|53.1|21.053.01|85171431|"Telefones inteligentes("" smartphones"") e para redes celulares portáteis, excetos por satélite"|DECRETO ICMS/PB Nº 44.681/23|2024-01-01 00:00:00||0.2|0.09|0.00|0.00|0.00|0.00|0.00|0.00|0.00|0.00|0.00||0.30799999999999983|0.26712500000000006|0.19900000000000007|0.00|0.00|0.00|0.00|0.00|0.00|0.00|0.00|0.00|0.00|0.00|0.00|0.00|0.00|||||Anexo_5_Produtos_eletrônicos.xlsx|Eletronicos
21|63.0|21.063.00|852352|"Cartões inteligentes (""smartcards""), exceto o item classificado no CEST 21.064.00"|DECRETO 43.079/2022|2022-05-02 00:00:00|2023-12-31 00:00:00|0.18|0.09|0.00|0.00|0.00|0.00|0.00|0.00|0.00|0.00|0.00||0.27609756097560956|0.23621951219512183|0.16975609756097554|0.00|0.00|0.00|0.00|0.00|0.00|0.00|0.00|0.00|0.00|0.00|0.00|0.00|0.00|||||Anexo_5_Produtos_eletrônicos.xlsx|Eletronicos
21|63.0|21.063.00|852352|"Cartões inteligentes (""smartcards""), exceto o item classificado no CEST 21.064.00"|DECRETO ICMS/PB Nº 44.681/23|2024-01-01 00:00:00||0.2|0.09|0.00|0.00|0.00|0.00|0.00|0.00|0.00|0.00|0.00||0.30799999999999983|0.26712500000000006|0.19900000000000007|0.00|0.00|0.00|0.00|0.00|0.00|0.00|0.00|0.00|0.00|0.00|0.00|0.00|0.00|||||Anexo_5_Produtos_eletrônicos.xlsx|Eletronicos
21|63.0|21.063.00|85235200|"Cartões inteligentes (""smartcards"")"|DECRETO ICMS/PB Nº 39.158// Decreto 39.422/19|2019-05-07 00:00:00|2019-06-30 00:00:00|0.18|0.09|0.00|0.00|0.00|0.00|0.00|0.00|0.00|0.00|0.00||0.27609756097560956|0.23621951219512183|0.16975609756097554|0.00|0.00|0.00|0.00|0.00|0.00|0.00|0.00|0.00|0.00|0.00|0.00|0.00|0.00|||||Anexo_5_Produtos_eletrônicos.xlsx|Eletronicos
21|63.0|21.063.00|85235200|"Cartões inteligentes (""smartcards""), exceto o item classificado no CEST 21.064.00"|Decreto 39.422/19// 43.079/2022|2019-07-01 00:00:00|2022-05-01 00:00:00|0.18|0.09|0.00|0.00|0.00|0.00|0.00|0.00|0.00|0.00|0.00||0.27609756097560956|0.23621951219512183|0.16975609756097554|0.00|0.00|0.00|0.00|0.00|0.00|0.00|0.00|0.00|0.00|0.00|0.00|0.00|0.00|||||Anexo_5_Produtos_eletrônicos.xlsx|Eletronicos
21|64.0|21.064.00|852352|"Cartões inteligentes (""sim cards"")"|DECRETO 43.079/2022|2022-05-02 00:00:00|2023-12-31 00:00:00|0.18|0.09|0.00|0.00|0.00|0.00|0.00|0.00|0.00|0.00|0.00||0.27609756097560956|0.23621951219512183|0.16975609756097554|0.00|0.00|0.00|0.00|0.00|0.00|0.00|0.00|0.00|0.00|0.00|0.00|0.00|0.00|||||Anexo_5_Produtos_eletrônicos.xlsx|Eletronicos
21|64.0|21.064.00|852352|"Cartões inteligentes (""sim cards"")"|DECRETO ICMS/PB Nº 44.681/23|2024-01-01 00:00:00||0.2|0.09|0.00|0.00|0.00|0.00|0.00|0.00|0.00|0.00|0.00||0.30799999999999983|0.26712500000000006|0.19900000000000007|0.00|0.00|0.00|0.00|0.00|0.00|0.00|0.00|0.00|0.00|0.00|0.00|0.00|0.00|||||Anexo_5_Produtos_eletrônicos.xlsx|Eletronicos
21|64.0|21.064.00|85235200|"Cartões inteligentes (""sim cards"")"|DECRETO ICMS/PB Nº 39.158// Decreto 43.079/2022|2019-05-07 00:00:00|2022-05-01 00:00:00|0.18|0.09|0.00|0.00|0.00|0.00|0.00|0.00|0.00|0.00|0.00||0.27609756097560956|0.23621951219512183|0.16975609756097554|0.00|0.00|0.00|0.00|0.00|0.00|0.00|0.00|0.00|0.00|0.00|0.00|0.00|0.00|||||Anexo_5_Produtos_eletrônicos.xlsx|Eletronicos
22|1.0|22.001.00|2309|Ração tipo “pet” para animais domésticos|DECRETO ICMS/PB Nº 39.158|2019-05-07 00:00:00|2023-12-31 00:00:00|0.18|0.46|0.00|0.00|0.00|0.00|0.00|0.00|0.00|0.00|0.02||0.7092682926829266|0.6558536585365851|0.5668292682926828|0.00|0.00|0.00|0.00|0.00|0.00|0.00|0.00|0.00|0.00|0.00|0.00|0.00|0.00|||||Anexo_5_Rações_para_animais_domésticos.xlsx|Racoes
22|1.0|22.001.00|2309|Ração tipo “pet” para animais domésticos|DECRETO ICMS/PB Nº 44.681/23|2024-01-01 00:00:00||0.2|0.46|0.00|0.00|0.00|0.00|0.00|0.00|0.00|0.00|0.02||0.7519999999999998|0.6972499999999997|0.6059999999999999|0.00|0.00|0.00|0.00|0.00|0.00|0.00|0.00|0.00|0.00|0.00|0.00|0.00|0.00|||||Anexo_5_Rações_para_animais_domésticos.xlsx|Racoes
23|1.0|23.001.00|210500|Sorvetes de qualquer espécie|DECRETO ICMS/PB Nº 39.158|2019-05-07 00:00:00|2023-12-31 00:00:00|0.18|0.7|0.00|0.00|0.00|0.00|0.00|0.00|0.00|0.00|0.00|Pauta|0.9902439024390242|0.9280487804878046|0.8243902439024389|0.00|0.00|0.00|0.00|0.00|0.00|0.00|0.00|0.00|0.00|0.00|0.00|0.00|0.00|||||Anexo_5_Sorvetes_e_preparados_para_fabricação_de_sorvetes_em_máquinas.xlsx|Sorvetes
23|1.0|23.001.00|210500|Sorvetes de qualquer espécie|DECRETO ICMS/PB Nº 44.681/23|2024-01-01 00:00:00||0.2|0.7|0.00|0.00|0.00|0.00|0.00|0.00|0.00|0.00|0.00|Pauta|1.0399999999999996|0.9762499999999998|0.8699999999999999|0.00|0.00|0.00|0.00|0.00|0.00|0.00|0.00|0.00|0.00|0.00|0.00|0.00|0.00|||||Anexo_5_Sorvetes_e_preparados_para_fabricação_de_sorvetes_em_máquinas.xlsx|Sorvetes
23|2.0|23.002.00|0404|Preparados para fabricação de sorvete em máquina|DECRETO ICMS/PB Nº 43.949/2023|2023-06-01 00:00:00|2023-12-31 00:00:00|0.18|3.28|0.00|0.00|0.00|0.00|0.00|0.00|0.00|0.00|0.00||4.010731707317072|3.854146341463413|3.593170731707316|0.00|0.00|0.00|0.00|0.00|0.00|0.00|0.00|0.00|0.00|0.00|0.00|0.00|0.00|||||Anexo_5_Sorvetes_e_preparados_para_fabricação_de_sorvetes_em_máquinas.xlsx|Sorvetes
23|2.0|23.002.00|0404|Preparados para fabricação de sorvete em máquina|DECRETO ICMS/PB Nº 44.681/23|2024-01-01 00:00:00||0.2|3.28|0.00|0.00|0.00|0.00|0.00|0.00|0.00|0.00|0.00||4.135999999999999|3.9754999999999985|3.7079999999999993|0.00|0.00|0.00|0.00|0.00|0.00|0.00|0.00|0.00|0.00|0.00|0.00|0.00|0.00|||||Anexo_5_Sorvetes_e_preparados_para_fabricação_de_sorvetes_em_máquinas.xlsx|Sorvetes
23|2.0|23.002.00|1806|Preparados para fabricação de sorvete em máquina|DECRETO ICMS/PB Nº 39.158|2019-05-07 00:00:00|2023-12-31 00:00:00|0.18|3.28|0.00|0.00|0.00|0.00|0.00|0.00|0.00|0.00|0.00||4.010731707317072|3.854146341463413|3.593170731707316|0.00|0.00|0.00|0.00|0.00|0.00|0.00|0.00|0.00|0.00|0.00|0.00|0.00|0.00|||||Anexo_5_Sorvetes_e_preparados_para_fabricação_de_sorvetes_em_máquinas.xlsx|Sorvetes
23|2.0|23.002.00|1806|Preparados para fabricação de sorvete em máquina|DECRETO ICMS/PB Nº 44.681/23|2024-01-01 00:00:00||0.2|3.28|0.00|0.00|0.00|0.00|0.00|0.00|0.00|0.00|0.00||4.135999999999999|3.9754999999999985|3.7079999999999993|0.00|0.00|0.00|0.00|0.00|0.00|0.00|0.00|0.00|0.00|0.00|0.00|0.00|0.00|||||Anexo_5_Sorvetes_e_preparados_para_fabricação_de_sorvetes_em_máquinas.xlsx|Sorvetes
23|2.0|23.002.00|1901|Preparados para fabricação de sorvete em máquina|DECRETO ICMS/PB Nº 39.158|2019-05-07 00:00:00|2023-12-31 00:00:00|0.18|3.28|0.00|0.00|0.00|0.00|0.00|0.00|0.00|0.00|0.00||4.010731707317072|3.854146341463413|3.593170731707316|0.00|0.00|0.00|0.00|0.00|0.00|0.00|0.00|0.00|0.00|0.00|0.00|0.00|0.00|||||Anexo_5_Sorvetes_e_preparados_para_fabricação_de_sorvetes_em_máquinas.xlsx|Sorvetes
23|2.0|23.002.00|1901|Preparados para fabricação de sorvete em máquina|DECRETO ICMS/PB Nº 44.681/23|2024-01-01 00:00:00||0.2|3.28|0.00|0.00|0.00|0.00|0.00|0.00|0.00|0.00|0.00||4.135999999999999|3.9754999999999985|3.7079999999999993|0.00|0.00|0.00|0.00|0.00|0.00|0.00|0.00|0.00|0.00|0.00|0.00|0.00|0.00|||||Anexo_5_Sorvetes_e_preparados_para_fabricação_de_sorvetes_em_máquinas.xlsx|Sorvetes
23|2.0|23.002.00|2106|Preparados para fabricação de sorvete em máquina|DECRETO ICMS/PB Nº 39.158|2019-05-07 00:00:00|2023-12-31 00:00:00|0.18|3.28|0.00|0.00|0.00|0.00|0.00|0.00|0.00|0.00|0.00||4.010731707317072|3.854146341463413|3.593170731707316|0.00|0.00|0.00|0.00|0.00|0.00|0.00|0.00|0.00|0.00|0.00|0.00|0.00|0.00|||||Anexo_5_Sorvetes_e_preparados_para_fabricação_de_sorvetes_em_máquinas.xlsx|Sorvetes
23|2.0|23.002.00|2106|Preparados para fabricação de sorvete em máquina|DECRETO ICMS/PB Nº 44.681/23|2024-01-01 00:00:00||0.2|3.28|0.00|0.00|0.00|0.00|0.00|0.00|0.00|0.00|0.00||4.135999999999999|3.9754999999999985|3.7079999999999993|0.00|0.00|0.00|0.00|0.00|0.00|0.00|0.00|0.00|0.00|0.00|0.00|0.00|0.00|||||Anexo_5_Sorvetes_e_preparados_para_fabricação_de_sorvetes_em_máquinas.xlsx|Sorvetes
24|1.0|24.001.00|3208|Tintas, vernizes|DECRETO ICMS/PB Nº 39.158|2019-05-07 00:00:00|2023-12-31 00:00:00|0.18|0.35|0.00|0.00|0.00|0.00|0.00|0.00|0.00|0.00|0.00||0.5804878048780486|0.5310975609756097|0.4487804878048782|0.00|0.00|0.00|0.00|0.00|0.00|0.00|0.00|0.00|0.00|0.00|0.00|0.00|0.00|||||Anexo_5_Tintas_e_vernizes.xlsx|Tintas
24|1.0|24.001.00|3208|Tintas, vernizes|DECRETO ICMS/PB Nº 44.681/23|2024-01-01 00:00:00||0.2|0.35|0.00|0.00|0.00|0.00|0.00|0.00|0.00|0.00|0.00||0.6199999999999999|0.569375|0.4850000000000001|0.00|0.00|0.00|0.00|0.00|0.00|0.00|0.00|0.00|0.00|0.00|0.00|0.00|0.00|||||Anexo_5_Tintas_e_vernizes.xlsx|Tintas
24|1.0|24.001.00|3209|Tintas, vernizes|DECRETO ICMS/PB Nº 39.158|2019-05-07 00:00:00|2023-12-31 00:00:00|0.18|0.35|0.00|0.00|0.00|0.00|0.00|0.00|0.00|0.00|0.00||0.5804878048780486|0.5310975609756097|0.4487804878048782|0.00|0.00|0.00|0.00|0.00|0.00|0.00|0.00|0.00|0.00|0.00|0.00|0.00|0.00|||||Anexo_5_Tintas_e_vernizes.xlsx|Tintas
24|1.0|24.001.00|3209|Tintas, vernizes|DECRETO ICMS/PB Nº 44.681/23|2024-01-01 00:00:00||0.2|0.35|0.00|0.00|0.00|0.00|0.00|0.00|0.00|0.00|0.00||0.6199999999999999|0.569375|0.4850000000000001|0.00|0.00|0.00|0.00|0.00|0.00|0.00|0.00|0.00|0.00|0.00|0.00|0.00|0.00|||||Anexo_5_Tintas_e_vernizes.xlsx|Tintas
24|1.0|24.001.00|321000|Tintas, vernizes|DECRETO ICMS/PB Nº 39.158|2019-05-07 00:00:00|2023-12-31 00:00:00|0.18|0.35|0.00|0.00|0.00|0.00|0.00|0.00|0.00|0.00|0.00||0.5804878048780486|0.5310975609756097|0.4487804878048782|0.00|0.00|0.00|0.00|0.00|0.00|0.00|0.00|0.00|0.00|0.00|0.00|0.00|0.00|||||Anexo_5_Tintas_e_vernizes.xlsx|Tintas
24|1.0|24.001.00|321000|Tintas, vernizes|DECRETO ICMS/PB Nº 44.681/23|2024-01-01 00:00:00||0.2|0.35|0.00|0.00|0.00|0.00|0.00|0.00|0.00|0.00|0.00||0.6199999999999999|0.569375|0.4850000000000001|0.00|0.00|0.00|0.00|0.00|0.00|0.00|0.00|0.00|0.00|0.00|0.00|0.00|0.00|||||Anexo_5_Tintas_e_vernizes.xlsx|Tintas
24|2.0|24.002.00|2821|Xadrez e pós assemelhados, exceto pigmentos à base de dióxido de titânio classificados no código 3206.11.19|DECRETO ICMS/PB Nº 39.158// Decreto 40.146/20|2019-05-07 00:00:00|2020-02-29 00:00:00|0.18|0.35|0.00|0.00|0.00|0.00|0.00|0.00|0.00|0.00|0.00||0.5804878048780486|0.5310975609756097|0.4487804878048782|0.00|0.00|0.00|0.00|0.00|0.00|0.00|0.00|0.00|0.00|0.00|0.00|0.00|0.00|||||Anexo_5_Tintas_e_vernizes.xlsx|Tintas
24|2.0|24.002.00|2821|Xadrez e pós assemelhados, em embalagem de conteúdo inferior ou igual a 1kg, exceto pigmentos à base de dióxido de titânio classificados no código 3206.11.19|Decreto 40.146/20// Decreto 43.079/2022|2020-03-01 00:00:00|2022-05-01 00:00:00|0.18|0.35|0.00|0.00|0.00|0.00|0.00|0.00|0.00|0.00|0.00||0.5804878048780486|0.5310975609756097|0.4487804878048782|0.00|0.00|0.00|0.00|0.00|0.00|0.00|0.00|0.00|0.00|0.00|0.00|0.00|0.00|||||Anexo_5_Tintas_e_vernizes.xlsx|Tintas
24|2.0|24.002.00|2821|Xadrez e pós assemelhados, em embalagem de conteúdo inferior ou igual a 1kg, exceto pigmentos à base de dióxido de titânio classificados no código 3206.11.10|Decreto 43.079/2022|2022-05-02 00:00:00|2023-12-31 00:00:00|0.18|0.35|0.00|0.00|0.00|0.00|0.00|0.00|0.00|0.00|0.00||0.5804878048780486|0.5310975609756097|0.4487804878048782|0.00|0.00|0.00|0.00|0.00|0.00|0.00|0.00|0.00|0.00|0.00|0.00|0.00|0.00|||||Anexo_5_Tintas_e_vernizes.xlsx|Tintas
24|2.0|24.002.00|2821|Xadrez e pós assemelhados, em embalagem de conteúdo inferior ou igual a 1kg, exceto pigmentos à base de dióxido de titânio classificados no código 3206.11.10|DECRETO ICMS/PB Nº 44.681/23|2024-01-01 00:00:00||0.2|0.35|0.00|0.00|0.00|0.00|0.00|0.00|0.00|0.00|0.00||0.6199999999999999|0.569375|0.4850000000000001|0.00|0.00|0.00|0.00|0.00|0.00|0.00|0.00|0.00|0.00|0.00|0.00|0.00|0.00|||||Anexo_5_Tintas_e_vernizes.xlsx|Tintas
24|2.0|24.002.00|3206|Xadrez e pós assemelhados, exceto pigmentos à base de dióxido de titânio classificados no código 3206.11.19|DECRETO ICMS/PB Nº 39.158// Decreto 40.146/20|2019-05-07 00:00:00|2020-02-29 00:00:00|0.18|0.35|0.00|0.00|0.00|0.00|0.00|0.00|0.00|0.00|0.00||0.5804878048780486|0.5310975609756097|0.4487804878048782|0.00|0.00|0.00|0.00|0.00|0.00|0.00|0.00|0.00|0.00|0.00|0.00|0.00|0.00|||||Anexo_5_Tintas_e_vernizes.xlsx|Tintas
24|2.0|24.002.00|3206|Xadrez e pós assemelhados, em embalagem de conteúdo inferior ou igual a 1kg, exceto pigmentos à base de dióxido de titânio classificados no código 3206.11.19|Decreto 40.146/20// Decreto 43.079/2022|2020-03-01 00:00:00|2022-05-01 00:00:00|0.18|0.35|0.00|0.00|0.00|0.00|0.00|0.00|0.00|0.00|0.00||0.5804878048780486|0.5310975609756097|0.4487804878048782|0.00|0.00|0.00|0.00|0.00|0.00|0.00|0.00|0.00|0.00|0.00|0.00|0.00|0.00|||||Anexo_5_Tintas_e_vernizes.xlsx|Tintas
24|2.0|24.002.00|3206|Xadrez e pós assemelhados, em embalagem de conteúdo inferior ou igual a 1kg, exceto pigmentos à base de dióxido de titânio classificados no código 3206.11.10|Decreto 43.079/2022|2022-05-02 00:00:00|2023-12-31 00:00:00|0.18|0.35|0.00|0.00|0.00|0.00|0.00|0.00|0.00|0.00|0.00||0.5804878048780486|0.5310975609756097|0.4487804878048782|0.00|0.00|0.00|0.00|0.00|0.00|0.00|0.00|0.00|0.00|0.00|0.00|0.00|0.00|||||Anexo_5_Tintas_e_vernizes.xlsx|Tintas
24|2.0|24.002.00|3206|Xadrez e pós assemelhados, em embalagem de conteúdo inferior ou igual a 1kg, exceto pigmentos à base de dióxido de titânio classificados no código 3206.11.10|DECRETO ICMS/PB Nº 44.681/23|2024-01-01 00:00:00||0.2|0.35|0.00|0.00|0.00|0.00|0.00|0.00|0.00|0.00|0.00||0.6199999999999999|0.569375|0.4850000000000001|0.00|0.00|0.00|0.00|0.00|0.00|0.00|0.00|0.00|0.00|0.00|0.00|0.00|0.00|||||Anexo_5_Tintas_e_vernizes.xlsx|Tintas
24|2.0|24.002.00|32041700|Xadrez e pós assemelhados, exceto pigmentos à base de dióxido de titânio classificados no código 3206.11.19|DECRETO ICMS/PB Nº 39.158// Decreto 40.146/20|2019-05-07 00:00:00|2020-02-29 00:00:00|0.18|0.35|0.00|0.00|0.00|0.00|0.00|0.00|0.00|0.00|0.00||0.5804878048780486|0.5310975609756097|0.4487804878048782|0.00|0.00|0.00|0.00|0.00|0.00|0.00|0.00|0.00|0.00|0.00|0.00|0.00|0.00|||||Anexo_5_Tintas_e_vernizes.xlsx|Tintas
24|2.0|24.002.00|32041700|Xadrez e pós assemelhados, em embalagem de conteúdo inferior ou igual a 1kg, exceto pigmentos à base de dióxido de titânio classificados no código 3206.11.19|Decreto 40.146/20// Decreto 43.079/2022|2020-03-01 00:00:00|2022-05-01 00:00:00|0.18|0.35|0.00|0.00|0.00|0.00|0.00|0.00|0.00|0.00|0.00||0.5804878048780486|0.5310975609756097|0.4487804878048782|0.00|0.00|0.00|0.00|0.00|0.00|0.00|0.00|0.00|0.00|0.00|0.00|0.00|0.00|||||Anexo_5_Tintas_e_vernizes.xlsx|Tintas
24|2.0|24.002.00|32041700|Xadrez e pós assemelhados, em embalagem de conteúdo inferior ou igual a 1kg, exceto pigmentos à base de dióxido de titânio classificados no código 3206.11.10|Decreto 43.079/2022|2022-05-02 00:00:00|2023-12-31 00:00:00|0.18|0.35|0.00|0.00|0.00|0.00|0.00|0.00|0.00|0.00|0.00||0.5804878048780486|0.5310975609756097|0.4487804878048782|0.00|0.00|0.00|0.00|0.00|0.00|0.00|0.00|0.00|0.00|0.00|0.00|0.00|0.00|||||Anexo_5_Tintas_e_vernizes.xlsx|Tintas
24|2.0|24.002.00|32041700|Xadrez e pós assemelhados, em embalagem de conteúdo inferior ou igual a 1kg, exceto pigmentos à base de dióxido de titânio classificados no código 3206.11.10|DECRETO ICMS/PB Nº 44.681/23|2024-01-01 00:00:00||0.2|0.35|0.00|0.00|0.00|0.00|0.00|0.00|0.00|0.00|0.00||0.6199999999999999|0.569375|0.4850000000000001|0.00|0.00|0.00|0.00|0.00|0.00|0.00|0.00|0.00|0.00|0.00|0.00|0.00|0.00|||||Anexo_5_Tintas_e_vernizes.xlsx|Tintas
24|2.1|24.002.01|2821|Xadrez e pós assemelhados, em embalagem de conteúdo superior a 1kg, exceto pigmentos à base de dióxido de titânio classificados no código  NCM 3206.11.19|Decreto 40.146/20// Decreto 43.079/2022|2020-03-01 00:00:00|2022-05-01 00:00:00|0.18|0.35|0.00|0.00|0.00|0.00|0.00|0.00|0.00|0.00|0.00||0.5804878048780486|0.5310975609756097|0.4487804878048782|0.00|0.00|0.00|0.00|0.00|0.00|0.00|0.00|0.00|0.00|0.00|0.00|0.00|0.00|||||Anexo_5_Tintas_e_vernizes.xlsx|Tintas
24|2.1|24.002.01|2821|Xadrez e pós assemelhados, em embalagem de conteúdo superior a 1kg, exceto pigmentos à base de dióxido de titânio classificados no código  NCM 3206.11.10|Decreto 43.079/2022|2022-05-02 00:00:00|2023-12-31 00:00:00|0.18|0.35|0.00|0.00|0.00|0.00|0.00|0.00|0.00|0.00|0.00||0.5804878048780486|0.5310975609756097|0.4487804878048782|0.00|0.00|0.00|0.00|0.00|0.00|0.00|0.00|0.00|0.00|0.00|0.00|0.00|0.00|||||Anexo_5_Tintas_e_vernizes.xlsx|Tintas
24|2.1|24.002.01|2821|Xadrez e pós assemelhados, em embalagem de conteúdo superior a 1kg, exceto pigmentos à base de dióxido de titânio classificados no código  NCM 3206.11.10|DECRETO ICMS/PB Nº 44.681/23|2024-01-01 00:00:00||0.2|0.35|0.00|0.00|0.00|0.00|0.00|0.00|0.00|0.00|0.00||0.6199999999999999|0.569375|0.4850000000000001|0.00|0.00|0.00|0.00|0.00|0.00|0.00|0.00|0.00|0.00|0.00|0.00|0.00|0.00|||||Anexo_5_Tintas_e_vernizes.xlsx|Tintas
24|2.1|24.002.01|3206|Xadrez e pós assemelhados, em embalagem de conteúdo superior a 1kg, exceto pigmentos à base de dióxido de titânio classificados no código  NCM 3206.11.19|Decreto 40.146/20// Decreto 43.079/2022|2020-03-01 00:00:00|2022-05-01 00:00:00|0.18|0.35|0.00|0.00|0.00|0.00|0.00|0.00|0.00|0.00|0.00||0.5804878048780486|0.5310975609756097|0.4487804878048782|0.00|0.00|0.00|0.00|0.00|0.00|0.00|0.00|0.00|0.00|0.00|0.00|0.00|0.00|||||Anexo_5_Tintas_e_vernizes.xlsx|Tintas
24|2.1|24.002.01|3206|Xadrez e pós assemelhados, em embalagem de conteúdo superior a 1kg, exceto pigmentos à base de dióxido de titânio classificados no código  NCM 3206.11.10|Decreto 43.079/2022|2022-05-02 00:00:00|2023-12-31 00:00:00|0.18|0.35|0.00|0.00|0.00|0.00|0.00|0.00|0.00|0.00|0.00||0.5804878048780486|0.5310975609756097|0.4487804878048782|0.00|0.00|0.00|0.00|0.00|0.00|0.00|0.00|0.00|0.00|0.00|0.00|0.00|0.00|||||Anexo_5_Tintas_e_vernizes.xlsx|Tintas
24|2.1|24.002.01|3206|Xadrez e pós assemelhados, em embalagem de conteúdo superior a 1kg, exceto pigmentos à base de dióxido de titânio classificados no código  NCM 3206.11.10|DECRETO ICMS/PB Nº 44.681/23|2024-01-01 00:00:00||0.2|0.35|0.00|0.00|0.00|0.00|0.00|0.00|0.00|0.00|0.00||0.6199999999999999|0.569375|0.4850000000000001|0.00|0.00|0.00|0.00|0.00|0.00|0.00|0.00|0.00|0.00|0.00|0.00|0.00|0.00|||||Anexo_5_Tintas_e_vernizes.xlsx|Tintas
24|2.1|24.002.01|32041700|Xadrez e pós assemelhados, em embalagem de conteúdo superior a 1kg, exceto pigmentos à base de dióxido de titânio classificados no código  NCM 3206.11.19|Decreto 40.146/20// Decreto 43.079/2022|2020-03-01 00:00:00|2022-05-01 00:00:00|0.18|0.35|0.00|0.00|0.00|0.00|0.00|0.00|0.00|0.00|0.00||0.5804878048780486|0.5310975609756097|0.4487804878048782|0.00|0.00|0.00|0.00|0.00|0.00|0.00|0.00|0.00|0.00|0.00|0.00|0.00|0.00|||||Anexo_5_Tintas_e_vernizes.xlsx|Tintas
24|2.1|24.002.01|32041700|Xadrez e pós assemelhados, em embalagem de conteúdo superior a 1kg, exceto pigmentos à base de dióxido de titânio classificados no código  NCM 3206.11.10|Decreto 43.079/2022|2022-05-02 00:00:00|2023-12-31 00:00:00|0.18|0.35|0.00|0.00|0.00|0.00|0.00|0.00|0.00|0.00|0.00||0.5804878048780486|0.5310975609756097|0.4487804878048782|0.00|0.00|0.00|0.00|0.00|0.00|0.00|0.00|0.00|0.00|0.00|0.00|0.00|0.00|||||Anexo_5_Tintas_e_vernizes.xlsx|Tintas
24|2.1|24.002.01|32041700|Xadrez e pós assemelhados, em embalagem de conteúdo superior a 1kg, exceto pigmentos à base de dióxido de titânio classificados no código  NCM 3206.11.10|DECRETO ICMS/PB Nº 44.681/23|2024-01-01 00:00:00||0.2|0.35|0.00|0.00|0.00|0.00|0.00|0.00|0.00|0.00|0.00||0.6199999999999999|0.569375|0.4850000000000001|0.00|0.00|0.00|0.00|0.00|0.00|0.00|0.00|0.00|0.00|0.00|0.00|0.00|0.00|||||Anexo_5_Tintas_e_vernizes.xlsx|Tintas
24|3.0|24.003.00|3204|Corantes para aplicação em bases, tintas e vernizes|DECRETO ICMS/PB Nº 39.158|2019-05-07 00:00:00|2023-12-31 00:00:00|0.18|0.5|0.00|0.00|0.00|0.00|0.00|0.00|0.00|0.00|0.00||0.7560975609756095|0.7012195121951219|0.6097560975609755|0.00|0.00|0.00|0.00|0.00|0.00|0.00|0.00|0.00|0.00|0.00|0.00|0.00|0.00|||||Anexo_5_Tintas_e_vernizes.xlsx|Tintas
24|3.0|24.003.00|3204|Corantes para aplicação em bases, tintas e vernizes|DECRETO ICMS/PB Nº 44.681/23|2024-01-01 00:00:00||0.2|0.5|0.00|0.00|0.00|0.00|0.00|0.00|0.00|0.00|0.00||0.7999999999999998|0.7437499999999999|0.6499999999999999|0.00|0.00|0.00|0.00|0.00|0.00|0.00|0.00|0.00|0.00|0.00|0.00|0.00|0.00|||||Anexo_5_Tintas_e_vernizes.xlsx|Tintas
24|3.0|24.003.00|3206|Corantes para aplicação em bases, tintas e vernizes|DECRETO ICMS/PB Nº 39.158|2019-05-07 00:00:00|2023-12-31 00:00:00|0.18|0.5|0.00|0.00|0.00|0.00|0.00|0.00|0.00|0.00|0.00||0.7560975609756095|0.7012195121951219|0.6097560975609755|0.00|0.00|0.00|0.00|0.00|0.00|0.00|0.00|0.00|0.00|0.00|0.00|0.00|0.00|||||Anexo_5_Tintas_e_vernizes.xlsx|Tintas
24|3.0|24.003.00|3206|Corantes para aplicação em bases, tintas e vernizes|DECRETO ICMS/PB Nº 44.681/23|2024-01-01 00:00:00||0.2|0.5|0.00|0.00|0.00|0.00|0.00|0.00|0.00|0.00|0.00||0.7999999999999998|0.7437499999999999|0.6499999999999999|0.00|0.00|0.00|0.00|0.00|0.00|0.00|0.00|0.00|0.00|0.00|0.00|0.00|0.00|||||Anexo_5_Tintas_e_vernizes.xlsx|Tintas
24|3.0|24.003.00|3212|Corantes para aplicação em bases, tintas e vernizes|DECRETO ICMS/PB Nº 39.158|2019-05-07 00:00:00|2023-12-31 00:00:00|0.18|0.5|0.00|0.00|0.00|0.00|0.00|0.00|0.00|0.00|0.00||0.7560975609756095|0.7012195121951219|0.6097560975609755|0.00|0.00|0.00|0.00|0.00|0.00|0.00|0.00|0.00|0.00|0.00|0.00|0.00|0.00|||||Anexo_5_Tintas_e_vernizes.xlsx|Tintas
24|3.0|24.003.00|3212|Corantes para aplicação em bases, tintas e vernizes|DECRETO ICMS/PB Nº 44.681/23|2024-01-01 00:00:00||0.2|0.5|0.00|0.00|0.00|0.00|0.00|0.00|0.00|0.00|0.00||0.7999999999999998|0.7437499999999999|0.6499999999999999|0.00|0.00|0.00|0.00|0.00|0.00|0.00|0.00|0.00|0.00|0.00|0.00|0.00|0.00|||||Anexo_5_Tintas_e_vernizes.xlsx|Tintas
24|3.0|24.003.00|32050000|Corantes para aplicação em bases, tintas e vernizes|DECRETO ICMS/PB Nº 39.158|2019-05-07 00:00:00|2023-12-31 00:00:00|0.18|0.5|0.00|0.00|0.00|0.00|0.00|0.00|0.00|0.00|0.00||0.7560975609756095|0.7012195121951219|0.6097560975609755|0.00|0.00|0.00|0.00|0.00|0.00|0.00|0.00|0.00|0.00|0.00|0.00|0.00|0.00|||||Anexo_5_Tintas_e_vernizes.xlsx|Tintas
24|3.0|24.003.00|32050000|Corantes para aplicação em bases, tintas e vernizes|DECRETO ICMS/PB Nº 44.681/23|2024-01-01 00:00:00||0.2|0.5|0.00|0.00|0.00|0.00|0.00|0.00|0.00|0.00|0.00||0.7999999999999998|0.7437499999999999|0.6499999999999999|0.00|0.00|0.00|0.00|0.00|0.00|0.00|0.00|0.00|0.00|0.00|0.00|0.00|0.00|||||Anexo_5_Tintas_e_vernizes.xlsx|Tintas
25|1.0|2500100|87021000|Veículos automóveis para transporte de 10 pessoas ou mais, incluindo o motorista, unicamente com motor de pistão, de ignição por compressão (diesel ou semidiesel), com volume interno de habitáculo, destinado a passageiros e motorista, superior a 6 m³, mas inferior a 9 m³|DECRETO ICMS/PB Nº 39.158|2019-05-07 00:00:00|2023-12-31 00:00:00|0.18|0.3|0.00|0.00|0.00|0.00|0.00|0.00|0.00|0.00|0.00||0.5219512195121949|0.4743902439024388|0.3951219512195123|0.00|0.00|0.00|0.00|0.00|0.00|0.00|0.00|0.00|0.00|0.00|0.00|0.00|0.00|||||Anexo_5_Veículos_automotores.xlsx|Veic_automotores
25|1.0|2500100|87021000|Veículos automóveis para transporte de 10 pessoas ou mais, incluindo o motorista, unicamente com motor de pistão, de ignição por compressão (diesel ou semidiesel), com volume interno de habitáculo, destinado a passageiros e motorista, superior a 6 m³, mas inferior a 9 m³|DECRETO ICMS/PB Nº 44.681/23|2024-01-01 00:00:00||0.2|0.3|0.00|0.00|0.00|0.00|0.00|0.00|0.00|0.00|0.00||0.5599999999999998|0.5112499999999998|0.43000000000000016|0.00|0.00|0.00|0.00|0.00|0.00|0.00|0.00|0.00|0.00|0.00|0.00|0.00|0.00|||||Anexo_5_Veículos_automotores.xlsx|Veic_automotores
25|2.0|2500200|87024090|Veículos automóveis para transporte de 10 pessoas ou mais, incluindo o motorista, unicamente com motor elétrico para propulsão, com volume interno de habitáculo, destinado a passageiros e motorista, superior a 6 m³, mas inferior a 9 m³|DECRETO ICMS/PB Nº 39.158|2019-05-07 00:00:00|2023-12-31 00:00:00|0.18|0.3|0.00|0.00|0.00|0.00|0.00|0.00|0.00|0.00|0.00||0.5219512195121949|0.4743902439024388|0.3951219512195123|0.00|0.00|0.00|0.00|0.00|0.00|0.00|0.00|0.00|0.00|0.00|0.00|0.00|0.00|||||Anexo_5_Veículos_automotores.xlsx|Veic_automotores
25|2.0|2500200|87024090|Veículos automóveis para transporte de 10 pessoas ou mais, incluindo o motorista, unicamente com motor elétrico para propulsão, com volume interno de habitáculo, destinado a passageiros e motorista, superior a 6 m³, mas inferior a 9 m³|DECRETO ICMS/PB Nº 44.681/23|2024-01-01 00:00:00||0.2|0.3|0.00|0.00|0.00|0.00|0.00|0.00|0.00|0.00|0.00||0.5599999999999998|0.5112499999999998|0.43000000000000016|0.00|0.00|0.00|0.00|0.00|0.00|0.00|0.00|0.00|0.00|0.00|0.00|0.00|0.00|||||Anexo_5_Veículos_automotores.xlsx|Veic_automotores
25|3.0|2500300|87032100|Automóveis unicamente com motor de pistão alternativo de ignição por centelha (faísca*), de cilindrada não superior a 1000 cm³|DECRETO ICMS/PB Nº 39.158|2019-05-07 00:00:00|2023-12-31 00:00:00|0.18|0.3|0.00|0.00|0.00|0.00|0.00|0.00|0.00|0.00|0.00||0.5219512195121949|0.4743902439024388|0.3951219512195123|0.00|0.00|0.00|0.00|0.00|0.00|0.00|0.00|0.00|0.00|0.00|0.00|0.00|0.00|||||Anexo_5_Veículos_automotores.xlsx|Veic_automotores
25|3.0|2500300|87032100|Automóveis unicamente com motor de pistão alternativo de ignição por centelha (faísca*), de cilindrada não superior a 1000 cm³|DECRETO ICMS/PB Nº 44.681/23|2024-01-01 00:00:00||0.2|0.3|0.00|0.00|0.00|0.00|0.00|0.00|0.00|0.00|0.00||0.5599999999999998|0.5112499999999998|0.43000000000000016|0.00|0.00|0.00|0.00|0.00|0.00|0.00|0.00|0.00|0.00|0.00|0.00|0.00|0.00|||||Anexo_5_Veículos_automotores.xlsx|Veic_automotores
25|4.0|2500400|87032210|Automóveis unicamente com motor de pistão alternativo de ignição por centelha (faísca*), de cilindrada superior a 1000 cm³, mas não superior a 1500 cm³, com capacidade de transporte de pessoas sentadas inferior ou igual a 6, incluído o condutor, exceto carro celular|DECRETO ICMS/PB Nº 39.158|2019-05-07 00:00:00|2023-12-31 00:00:00|0.18|0.3|0.00|0.00|0.00|0.00|0.00|0.00|0.00|0.00|0.00||0.5219512195121949|0.4743902439024388|0.3951219512195123|0.00|0.00|0.00|0.00|0.00|0.00|0.00|0.00|0.00|0.00|0.00|0.00|0.00|0.00|||||Anexo_5_Veículos_automotores.xlsx|Veic_automotores
25|4.0|2500400|87032210|Automóveis unicamente com motor de pistão alternativo de ignição por centelha (faísca*), de cilindrada superior a 1000 cm³, mas não superior a 1500 cm³, com capacidade de transporte de pessoas sentadas inferior ou igual a 6, incluído o condutor, exceto carro celular|DECRETO ICMS/PB Nº 44.681/23|2024-01-01 00:00:00||0.2|0.3|0.00|0.00|0.00|0.00|0.00|0.00|0.00|0.00|0.00||0.5599999999999998|0.5112499999999998|0.43000000000000016|0.00|0.00|0.00|0.00|0.00|0.00|0.00|0.00|0.00|0.00|0.00|0.00|0.00|0.00|||||Anexo_5_Veículos_automotores.xlsx|Veic_automotores
25|5.0|2500500|87032290|Outros automóveis unicamente com motor de pistão alternativo de ignição por centelha (faísca*), de cilindrada superior a 1000 cm³, mas não superior a 1500 cm³, exceto carro celular|DECRETO ICMS/PB Nº 39.158|2019-05-07 00:00:00|2023-12-31 00:00:00|0.18|0.3|0.00|0.00|0.00|0.00|0.00|0.00|0.00|0.00|0.00||0.5219512195121949|0.4743902439024388|0.3951219512195123|0.00|0.00|0.00|0.00|0.00|0.00|0.00|0.00|0.00|0.00|0.00|0.00|0.00|0.00|||||Anexo_5_Veículos_automotores.xlsx|Veic_automotores
25|5.0|2500500|87032290|Outros automóveis unicamente com motor de pistão alternativo de ignição por centelha (faísca*), de cilindrada superior a 1000 cm³, mas não superior a 1500 cm³, exceto carro celular|DECRETO ICMS/PB Nº 44.681/23|2024-01-01 00:00:00||0.2|0.3|0.00|0.00|0.00|0.00|0.00|0.00|0.00|0.00|0.00||0.5599999999999998|0.5112499999999998|0.43000000000000016|0.00|0.00|0.00|0.00|0.00|0.00|0.00|0.00|0.00|0.00|0.00|0.00|0.00|0.00|||||Anexo_5_Veículos_automotores.xlsx|Veic_automotores
25|6.0|2500600|87032310|Automóveis unicamente com motor de pistão alternativo de ignição por centelha (faísca*), de cilindrada superior a 1500 cm³, mas não superior a 3000 cm³, com capacidade de transporte de pessoas sentadas inferior ou igual a 6, incluído o condutor, exceto carro celular, carro funerário e automóveis de corrida|DECRETO ICMS/PB Nº 39.158|2019-05-07 00:00:00|2023-12-31 00:00:00|0.18|0.3|0.00|0.00|0.00|0.00|0.00|0.00|0.00|0.00|0.00||0.5219512195121949|0.4743902439024388|0.3951219512195123|0.00|0.00|0.00|0.00|0.00|0.00|0.00|0.00|0.00|0.00|0.00|0.00|0.00|0.00|||||Anexo_5_Veículos_automotores.xlsx|Veic_automotores
25|6.0|2500600|87032310|Automóveis unicamente com motor de pistão alternativo de ignição por centelha (faísca*), de cilindrada superior a 1500 cm³, mas não superior a 3000 cm³, com capacidade de transporte de pessoas sentadas inferior ou igual a 6, incluído o condutor, exceto carro celular, carro funerário e automóveis de corrida|DECRETO ICMS/PB Nº 44.681/23|2024-01-01 00:00:00||0.2|0.3|0.00|0.00|0.00|0.00|0.00|0.00|0.00|0.00|0.00||0.5599999999999998|0.5112499999999998|0.43000000000000016|0.00|0.00|0.00|0.00|0.00|0.00|0.00|0.00|0.00|0.00|0.00|0.00|0.00|0.00|||||Anexo_5_Veículos_automotores.xlsx|Veic_automotores
25|7.0|2500700|87032390|Outros automóveis unicamente com motor de pistão alternativo de ignição por centelha (faísca*), de cilindrada superior a 1500 cm³, mas não superior a 3000 cm³, exceto carro celular, carro funerário e automóveis de corrida|DECRETO ICMS/PB Nº 39.158|2019-05-07 00:00:00|2023-12-31 00:00:00|0.18|0.3|0.00|0.00|0.00|0.00|0.00|0.00|0.00|0.00|0.00||0.5219512195121949|0.4743902439024388|0.3951219512195123|0.00|0.00|0.00|0.00|0.00|0.00|0.00|0.00|0.00|0.00|0.00|0.00|0.00|0.00|||||Anexo_5_Veículos_automotores.xlsx|Veic_automotores
25|7.0|2500700|87032390|Outros automóveis unicamente com motor de pistão alternativo de ignição por centelha (faísca*), de cilindrada superior a 1500 cm³, mas não superior a 3000 cm³, exceto carro celular, carro funerário e automóveis de corrida|DECRETO ICMS/PB Nº 44.681/23|2024-01-01 00:00:00||0.2|0.3|0.00|0.00|0.00|0.00|0.00|0.00|0.00|0.00|0.00||0.5599999999999998|0.5112499999999998|0.43000000000000016|0.00|0.00|0.00|0.00|0.00|0.00|0.00|0.00|0.00|0.00|0.00|0.00|0.00|0.00|||||Anexo_5_Veículos_automotores.xlsx|Veic_automotores
25|8.0|2500800|87032410|Automóveis unicamente com motor de pistão alternativo de ignição por centelha (faísca*), de cilindrada superior a 3000 cm³, com capacidade de transporte de pessoas sentadas inferior ou igual a 6, incluído o condutor, exceto carro celular, carro funerário e automóveis de corrida|DECRETO ICMS/PB Nº 39.158|2019-05-07 00:00:00|2023-12-31 00:00:00|0.18|0.3|0.00|0.00|0.00|0.00|0.00|0.00|0.00|0.00|0.00||0.5219512195121949|0.4743902439024388|0.3951219512195123|0.00|0.00|0.00|0.00|0.00|0.00|0.00|0.00|0.00|0.00|0.00|0.00|0.00|0.00|||||Anexo_5_Veículos_automotores.xlsx|Veic_automotores
25|8.0|2500800|87032410|Automóveis unicamente com motor de pistão alternativo de ignição por centelha (faísca*), de cilindrada superior a 3000 cm³, com capacidade de transporte de pessoas sentadas inferior ou igual a 6, incluído o condutor, exceto carro celular, carro funerário e automóveis de corrida|DECRETO ICMS/PB Nº 44.681/23|2024-01-01 00:00:00||0.2|0.3|0.00|0.00|0.00|0.00|0.00|0.00|0.00|0.00|0.00||0.5599999999999998|0.5112499999999998|0.43000000000000016|0.00|0.00|0.00|0.00|0.00|0.00|0.00|0.00|0.00|0.00|0.00|0.00|0.00|0.00|||||Anexo_5_Veículos_automotores.xlsx|Veic_automotores
25|9.0|2500900|87032490|Outros automóveis unicamente com motor de pistão alternativo de ignição por centelha (faísca*), de cilindrada superior a 3000 cm³, exceto carro celular, carro funerário e automóveis de corrida|DECRETO ICMS/PB Nº 39.158|2019-05-07 00:00:00|2023-12-31 00:00:00|0.18|0.3|0.00|0.00|0.00|0.00|0.00|0.00|0.00|0.00|0.00||0.5219512195121949|0.4743902439024388|0.3951219512195123|0.00|0.00|0.00|0.00|0.00|0.00|0.00|0.00|0.00|0.00|0.00|0.00|0.00|0.00|||||Anexo_5_Veículos_automotores.xlsx|Veic_automotores
25|9.0|2500900|87032490|Outros automóveis unicamente com motor de pistão alternativo de ignição por centelha (faísca*), de cilindrada superior a 3000 cm³, exceto carro celular, carro funerário e automóveis de corrida|DECRETO ICMS/PB Nº 44.681/23|2024-01-01 00:00:00||0.2|0.3|0.00|0.00|0.00|0.00|0.00|0.00|0.00|0.00|0.00||0.5599999999999998|0.5112499999999998|0.43000000000000016|0.00|0.00|0.00|0.00|0.00|0.00|0.00|0.00|0.00|0.00|0.00|0.00|0.00|0.00|||||Anexo_5_Veículos_automotores.xlsx|Veic_automotores
25|10.0|2501000|87033210|Automóveis unicamente com motor diesel ou semidiesel, de cilindrada superior a 1500 cm³, mas não superior a 2500 cm³, com capacidade de transporte de pessoas sentadas inferior ou igual a 6, incluído o condutor, exceto ambulância, carro celular e carro funerário|DECRETO ICMS/PB Nº 39.158|2019-05-07 00:00:00|2023-12-31 00:00:00|0.18|0.3|0.00|0.00|0.00|0.00|0.00|0.00|0.00|0.00|0.00||0.5219512195121949|0.4743902439024388|0.3951219512195123|0.00|0.00|0.00|0.00|0.00|0.00|0.00|0.00|0.00|0.00|0.00|0.00|0.00|0.00|||||Anexo_5_Veículos_automotores.xlsx|Veic_automotores
25|10.0|2501000|87033210|Automóveis unicamente com motor diesel ou semidiesel, de cilindrada superior a 1500 cm³, mas não superior a 2500 cm³, com capacidade de transporte de pessoas sentadas inferior ou igual a 6, incluído o condutor, exceto ambulância, carro celular e carro funerário|DECRETO ICMS/PB Nº 44.681/23|2024-01-01 00:00:00||0.2|0.3|0.00|0.00|0.00|0.00|0.00|0.00|0.00|0.00|0.00||0.5599999999999998|0.5112499999999998|0.43000000000000016|0.00|0.00|0.00|0.00|0.00|0.00|0.00|0.00|0.00|0.00|0.00|0.00|0.00|0.00|||||Anexo_5_Veículos_automotores.xlsx|Veic_automotores
25|11.0|2501100|87033290|Outros automóveis unicamente com motor diesel ou semidiesel, de cilindrada superior a 1500 cm³, mas não superior a 2500 cm³, exceto ambulância, carro celular e carro funerário|DECRETO ICMS/PB Nº 39.158|2019-05-07 00:00:00|2023-12-31 00:00:00|0.18|0.3|0.00|0.00|0.00|0.00|0.00|0.00|0.00|0.00|0.00||0.5219512195121949|0.4743902439024388|0.3951219512195123|0.00|0.00|0.00|0.00|0.00|0.00|0.00|0.00|0.00|0.00|0.00|0.00|0.00|0.00|||||Anexo_5_Veículos_automotores.xlsx|Veic_automotores
25|11.0|2501100|87033290|Outros automóveis unicamente com motor diesel ou semidiesel, de cilindrada superior a 1500 cm³, mas não superior a 2500 cm³, exceto ambulância, carro celular e carro funerário|DECRETO ICMS/PB Nº 44.681/23|2024-01-01 00:00:00||0.2|0.3|0.00|0.00|0.00|0.00|0.00|0.00|0.00|0.00|0.00||0.5599999999999998|0.5112499999999998|0.43000000000000016|0.00|0.00|0.00|0.00|0.00|0.00|0.00|0.00|0.00|0.00|0.00|0.00|0.00|0.00|||||Anexo_5_Veículos_automotores.xlsx|Veic_automotores
25|12.0|2501200|87033310|Automóveis unicamente com motor diesel ou semidiesel, de cilindrada superior a 2500 cm³, com capacidade de transporte de pessoas sentadas inferior ou igual a 6, incluído o condutor, exceto carro celular e carro funerário|DECRETO ICMS/PB Nº 39.158|2019-05-07 00:00:00|2023-12-31 00:00:00|0.18|0.3|0.00|0.00|0.00|0.00|0.00|0.00|0.00|0.00|0.00||0.5219512195121949|0.4743902439024388|0.3951219512195123|0.00|0.00|0.00|0.00|0.00|0.00|0.00|0.00|0.00|0.00|0.00|0.00|0.00|0.00|||||Anexo_5_Veículos_automotores.xlsx|Veic_automotores
25|12.0|2501200|87033310|Automóveis unicamente com motor diesel ou semidiesel, de cilindrada superior a 2500 cm³, com capacidade de transporte de pessoas sentadas inferior ou igual a 6, incluído o condutor, exceto carro celular e carro funerário|DECRETO ICMS/PB Nº 44.681/23|2024-01-01 00:00:00||0.2|0.3|0.00|0.00|0.00|0.00|0.00|0.00|0.00|0.00|0.00||0.5599999999999998|0.5112499999999998|0.43000000000000016|0.00|0.00|0.00|0.00|0.00|0.00|0.00|0.00|0.00|0.00|0.00|0.00|0.00|0.00|||||Anexo_5_Veículos_automotores.xlsx|Veic_automotores
25|13.0|2501300|87033390|Outros automóveis unicamente com motor diesel ou semidiesel, de cilindrada superior a 2500 cm³, exceto carro celular e carro funerário|DECRETO ICMS/PB Nº 39.158|2019-05-07 00:00:00|2023-12-31 00:00:00|0.18|0.3|0.00|0.00|0.00|0.00|0.00|0.00|0.00|0.00|0.00||0.5219512195121949|0.4743902439024388|0.3951219512195123|0.00|0.00|0.00|0.00|0.00|0.00|0.00|0.00|0.00|0.00|0.00|0.00|0.00|0.00|||||Anexo_5_Veículos_automotores.xlsx|Veic_automotores
25|13.0|2501300|87033390|Outros automóveis unicamente com motor diesel ou semidiesel, de cilindrada superior a 2500 cm³, exceto carro celular e carro funerário|DECRETO ICMS/PB Nº 44.681/23|2024-01-01 00:00:00||0.2|0.3|0.00|0.00|0.00|0.00|0.00|0.00|0.00|0.00|0.00||0.5599999999999998|0.5112499999999998|0.43000000000000016|0.00|0.00|0.00|0.00|0.00|0.00|0.00|0.00|0.00|0.00|0.00|0.00|0.00|0.00|||||Anexo_5_Veículos_automotores.xlsx|Veic_automotores
25|14.0|2501400|87042110|Veículos automóveis para transporte de mercadorias, de peso em carga máxima não superior a 5 toneladas, chassis com motor diesel ou semidiesel e cabina, exceto caminhão de peso em carga máxima superior a 3,9 toneladas|DECRETO ICMS/PB Nº 39.158|2019-05-07 00:00:00|2023-12-31 00:00:00|0.18|0.3|0.00|0.00|0.00|0.00|0.00|0.00|0.00|0.00|0.00||0.5219512195121949|0.4743902439024388|0.3951219512195123|0.00|0.00|0.00|0.00|0.00|0.00|0.00|0.00|0.00|0.00|0.00|0.00|0.00|0.00|||||Anexo_5_Veículos_automotores.xlsx|Veic_automotores
25|14.0|2501400|87042110|Veículos automóveis para transporte de mercadorias, de peso em carga máxima não superior a 5 toneladas, chassis com motor diesel ou semidiesel e cabina, exceto caminhão de peso em carga máxima superior a 3,9 toneladas|DECRETO ICMS/PB Nº 44.681/23|2024-01-01 00:00:00||0.2|0.3|0.00|0.00|0.00|0.00|0.00|0.00|0.00|0.00|0.00||0.5599999999999998|0.5112499999999998|0.43000000000000016|0.00|0.00|0.00|0.00|0.00|0.00|0.00|0.00|0.00|0.00|0.00|0.00|0.00|0.00|||||Anexo_5_Veículos_automotores.xlsx|Veic_automotores
25|15.0|2501500|87042120|Veículos automóveis para transporte de mercadorias, de peso em carga máxima não superior a 5 toneladas, com motor diesel ou semidiesel, com caixa basculante, exceto caminhão de peso em carga máxima superior a 3,9 toneladas|DECRETO ICMS/PB Nº 39.158|2019-05-07 00:00:00|2023-12-31 00:00:00|0.18|0.3|0.00|0.00|0.00|0.00|0.00|0.00|0.00|0.00|0.00||0.5219512195121949|0.4743902439024388|0.3951219512195123|0.00|0.00|0.00|0.00|0.00|0.00|0.00|0.00|0.00|0.00|0.00|0.00|0.00|0.00|||||Anexo_5_Veículos_automotores.xlsx|Veic_automotores
25|15.0|2501500|87042120|Veículos automóveis para transporte de mercadorias, de peso em carga máxima não superior a 5 toneladas, com motor diesel ou semidiesel, com caixa basculante, exceto caminhão de peso em carga máxima superior a 3,9 toneladas|DECRETO ICMS/PB Nº 44.681/23|2024-01-01 00:00:00||0.2|0.3|0.00|0.00|0.00|0.00|0.00|0.00|0.00|0.00|0.00||0.5599999999999998|0.5112499999999998|0.43000000000000016|0.00|0.00|0.00|0.00|0.00|0.00|0.00|0.00|0.00|0.00|0.00|0.00|0.00|0.00|||||Anexo_5_Veículos_automotores.xlsx|Veic_automotores
25|16.0|2501600|87042130|Veículos automóveis para transporte de mercadorias, de peso em carga máxima não superior a 5 toneladas, frigoríficos ou isotérmicos, com motor diesel ou semidiesel, exceto caminhão de peso em carga máxima superior a 3,9 toneladas|DECRETO ICMS/PB Nº 39.158|2019-05-07 00:00:00|2023-12-31 00:00:00|0.18|0.3|0.00|0.00|0.00|0.00|0.00|0.00|0.00|0.00|0.00||0.5219512195121949|0.4743902439024388|0.3951219512195123|0.00|0.00|0.00|0.00|0.00|0.00|0.00|0.00|0.00|0.00|0.00|0.00|0.00|0.00|||||Anexo_5_Veículos_automotores.xlsx|Veic_automotores
25|16.0|2501600|87042130|Veículos automóveis para transporte de mercadorias, de peso em carga máxima não superior a 5 toneladas, frigoríficos ou isotérmicos, com motor diesel ou semidiesel, exceto caminhão de peso em carga máxima superior a 3,9 toneladas|DECRETO ICMS/PB Nº 44.681/23|2024-01-01 00:00:00||0.2|0.3|0.00|0.00|0.00|0.00|0.00|0.00|0.00|0.00|0.00||0.5599999999999998|0.5112499999999998|0.43000000000000016|0.00|0.00|0.00|0.00|0.00|0.00|0.00|0.00|0.00|0.00|0.00|0.00|0.00|0.00|||||Anexo_5_Veículos_automotores.xlsx|Veic_automotores
25|17.0|2501700|87042190|Outros veículos automóveis para transporte de mercadorias, de peso em carga máxima não superior a 5 toneladas, com motor diesel ou semidiesel, exceto carro-forte para transporte de valores e caminhão de peso em carga máxima superior a 3,9 toneladas|DECRETO ICMS/PB Nº 39.158|2019-05-07 00:00:00|2023-12-31 00:00:00|0.18|0.3|0.00|0.00|0.00|0.00|0.00|0.00|0.00|0.00|0.00||0.5219512195121949|0.4743902439024388|0.3951219512195123|0.00|0.00|0.00|0.00|0.00|0.00|0.00|0.00|0.00|0.00|0.00|0.00|0.00|0.00|||||Anexo_5_Veículos_automotores.xlsx|Veic_automotores
25|17.0|2501700|87042190|Outros veículos automóveis para transporte de mercadorias, de peso em carga máxima não superior a 5 toneladas, com motor diesel ou semidiesel, exceto carro-forte para transporte de valores e caminhão de peso em carga máxima superior a 3,9 toneladas|DECRETO ICMS/PB Nº 44.681/23|2024-01-01 00:00:00||0.2|0.3|0.00|0.00|0.00|0.00|0.00|0.00|0.00|0.00|0.00||0.5599999999999998|0.5112499999999998|0.43000000000000016|0.00|0.00|0.00|0.00|0.00|0.00|0.00|0.00|0.00|0.00|0.00|0.00|0.00|0.00|||||Anexo_5_Veículos_automotores.xlsx|Veic_automotores
25|18.0|2501800|87043110|Veículos automóveis para transporte de mercadorias, de peso em carga máxima não superior a 5 toneladas, com motor a explosão, chassis e cabina, exceto caminhão de peso em carga máxima superior a 3,9 toneladas|DECRETO ICMS/PB Nº 39.158|2019-05-07 00:00:00|2023-12-31 00:00:00|0.18|0.3|0.00|0.00|0.00|0.00|0.00|0.00|0.00|0.00|0.00||0.5219512195121949|0.4743902439024388|0.3951219512195123|0.00|0.00|0.00|0.00|0.00|0.00|0.00|0.00|0.00|0.00|0.00|0.00|0.00|0.00|||||Anexo_5_Veículos_automotores.xlsx|Veic_automotores
25|18.0|2501800|87043110|Veículos automóveis para transporte de mercadorias, de peso em carga máxima não superior a 5 toneladas, com motor a explosão, chassis e cabina, exceto caminhão de peso em carga máxima superior a 3,9 toneladas|DECRETO ICMS/PB Nº 44.681/23|2024-01-01 00:00:00||0.2|0.3|0.00|0.00|0.00|0.00|0.00|0.00|0.00|0.00|0.00||0.5599999999999998|0.5112499999999998|0.43000000000000016|0.00|0.00|0.00|0.00|0.00|0.00|0.00|0.00|0.00|0.00|0.00|0.00|0.00|0.00|||||Anexo_5_Veículos_automotores.xlsx|Veic_automotores
25|19.0|2501900|87043120|Veículos automóveis para transporte de mercadorias, de peso em carga máxima não superior a 5 toneladas, com motor explosão com caixa basculante, exceto caminhão de peso em carga máxima superior a 3,9 toneladas|DECRETO ICMS/PB Nº 39.158|2019-05-07 00:00:00|2023-12-31 00:00:00|0.18|0.3|0.00|0.00|0.00|0.00|0.00|0.00|0.00|0.00|0.00||0.5219512195121949|0.4743902439024388|0.3951219512195123|0.00|0.00|0.00|0.00|0.00|0.00|0.00|0.00|0.00|0.00|0.00|0.00|0.00|0.00|||||Anexo_5_Veículos_automotores.xlsx|Veic_automotores
25|19.0|2501900|87043120|Veículos automóveis para transporte de mercadorias, de peso em carga máxima não superior a 5 toneladas, com motor explosão com caixa basculante, exceto caminhão de peso em carga máxima superior a 3,9 toneladas|DECRETO ICMS/PB Nº 44.681/23|2024-01-01 00:00:00||0.2|0.3|0.00|0.00|0.00|0.00|0.00|0.00|0.00|0.00|0.00||0.5599999999999998|0.5112499999999998|0.43000000000000016|0.00|0.00|0.00|0.00|0.00|0.00|0.00|0.00|0.00|0.00|0.00|0.00|0.00|0.00|||||Anexo_5_Veículos_automotores.xlsx|Veic_automotores
25|20.0|2502000|87043130|Veículos automóveis para transporte de mercadorias, de peso em carga máxima não superior a 5 toneladas, frigoríficos ou isotérmicos com motor explosão, exceto caminhão de peso em carga máxima superior a 3,9 toneladas|DECRETO ICMS/PB Nº 39.158|2019-05-07 00:00:00|2023-12-31 00:00:00|0.18|0.3|0.00|0.00|0.00|0.00|0.00|0.00|0.00|0.00|0.00||0.5219512195121949|0.4743902439024388|0.3951219512195123|0.00|0.00|0.00|0.00|0.00|0.00|0.00|0.00|0.00|0.00|0.00|0.00|0.00|0.00|||||Anexo_5_Veículos_automotores.xlsx|Veic_automotores
25|20.0|2502000|87043130|Veículos automóveis para transporte de mercadorias, de peso em carga máxima não superior a 5 toneladas, frigoríficos ou isotérmicos com motor explosão, exceto caminhão de peso em carga máxima superior a 3,9 toneladas|DECRETO ICMS/PB Nº 44.681/23|2024-01-01 00:00:00||0.2|0.3|0.00|0.00|0.00|0.00|0.00|0.00|0.00|0.00|0.00||0.5599999999999998|0.5112499999999998|0.43000000000000016|0.00|0.00|0.00|0.00|0.00|0.00|0.00|0.00|0.00|0.00|0.00|0.00|0.00|0.00|||||Anexo_5_Veículos_automotores.xlsx|Veic_automotores
25|21.0|2502100|87043190|Outros veículos automóveis para transporte de mercadorias, de peso em carga máxima não superior a 5 toneladas, com motor a explosão, exceto carro-forte para transporte de valores e caminhão de peso em carga máxima superior a 3,9 toneladas|DECRETO ICMS/PB Nº 39.158|2019-05-07 00:00:00|2023-12-31 00:00:00|0.18|0.3|0.00|0.00|0.00|0.00|0.00|0.00|0.00|0.00|0.00||0.5219512195121949|0.4743902439024388|0.3951219512195123|0.00|0.00|0.00|0.00|0.00|0.00|0.00|0.00|0.00|0.00|0.00|0.00|0.00|0.00|||||Anexo_5_Veículos_automotores.xlsx|Veic_automotores
25|21.0|2502100|87043190|Outros veículos automóveis para transporte de mercadorias, de peso em carga máxima não superior a 5 toneladas, com motor a explosão, exceto carro-forte para transporte de valores e caminhão de peso em carga máxima superior a 3,9 toneladas|DECRETO ICMS/PB Nº 44.681/23|2024-01-01 00:00:00||0.2|0.3|0.00|0.00|0.00|0.00|0.00|0.00|0.00|0.00|0.00||0.5599999999999998|0.5112499999999998|0.43000000000000016|0.00|0.00|0.00|0.00|0.00|0.00|0.00|0.00|0.00|0.00|0.00|0.00|0.00|0.00|||||Anexo_5_Veículos_automotores.xlsx|Veic_automotores
25|22.0|2502200|87022000|Veículos automóveis para transporte de 10 pessoas ou mais, incluindo o motorista, com motor de pistão, de ignição por compressão (diesel ou semidiesel) e um motor elétrico, com volume interno de habitáculo, destinado a passageiros e motorista, superior a 6 m³, mas inferior a 9 m³|DECRETO ICMS/PB Nº 39.158|2019-05-07 00:00:00|2023-12-31 00:00:00|0.18|0.3|0.00|0.00|0.00|0.00|0.00|0.00|0.00|0.00|0.00||0.5219512195121949|0.4743902439024388|0.3951219512195123|0.00|0.00|0.00|0.00|0.00|0.00|0.00|0.00|0.00|0.00|0.00|0.00|0.00|0.00|||||Anexo_5_Veículos_automotores.xlsx|Veic_automotores
25|22.0|2502200|87022000|Veículos automóveis para transporte de 10 pessoas ou mais, incluindo o motorista, com motor de pistão, de ignição por compressão (diesel ou semidiesel) e um motor elétrico, com volume interno de habitáculo, destinado a passageiros e motorista, superior a 6 m³, mas inferior a 9 m³|DECRETO ICMS/PB Nº 44.681/23|2024-01-01 00:00:00||0.2|0.3|0.00|0.00|0.00|0.00|0.00|0.00|0.00|0.00|0.00||0.5599999999999998|0.5112499999999998|0.43000000000000016|0.00|0.00|0.00|0.00|0.00|0.00|0.00|0.00|0.00|0.00|0.00|0.00|0.00|0.00|||||Anexo_5_Veículos_automotores.xlsx|Veic_automotores
25|23.0|2502300|87023000|Veículos automóveis para transporte de 10 pessoas ou mais, incluindo o motorista, com motor de pistão alternativo, de ignição por centelha (faísca) e um motor elétrico, com volume interno de habitáculo, destinado a passageiros e motorista, superior a 6 m³, mas inferior a 9 m³|DECRETO ICMS/PB Nº 39.158|2019-05-07 00:00:00|2023-12-31 00:00:00|0.18|0.3|0.00|0.00|0.00|0.00|0.00|0.00|0.00|0.00|0.00||0.5219512195121949|0.4743902439024388|0.3951219512195123|0.00|0.00|0.00|0.00|0.00|0.00|0.00|0.00|0.00|0.00|0.00|0.00|0.00|0.00|||||Anexo_5_Veículos_automotores.xlsx|Veic_automotores
25|23.0|2502300|87023000|Veículos automóveis para transporte de 10 pessoas ou mais, incluindo o motorista, com motor de pistão alternativo, de ignição por centelha (faísca) e um motor elétrico, com volume interno de habitáculo, destinado a passageiros e motorista, superior a 6 m³, mas inferior a 9 m³|DECRETO ICMS/PB Nº 44.681/23|2024-01-01 00:00:00||0.2|0.3|0.00|0.00|0.00|0.00|0.00|0.00|0.00|0.00|0.00||0.5599999999999998|0.5112499999999998|0.43000000000000016|0.00|0.00|0.00|0.00|0.00|0.00|0.00|0.00|0.00|0.00|0.00|0.00|0.00|0.00|||||Anexo_5_Veículos_automotores.xlsx|Veic_automotores
25|24.0|2502400|87029000| Outros veículos automóveis para transporte de 10 pessoas ou mais, incluindo o motorista, com volume interno de habitáculo, destinado a passageiros e motorista, superior a 6 m³, mas inferior a 9 m³|DECRETO ICMS/PB Nº 39.158|2019-05-07 00:00:00|2023-12-31 00:00:00|0.18|0.3|0.00|0.00|0.00|0.00|0.00|0.00|0.00|0.00|0.00||0.5219512195121949|0.4743902439024388|0.3951219512195123|0.00|0.00|0.00|0.00|0.00|0.00|0.00|0.00|0.00|0.00|0.00|0.00|0.00|0.00|||||Anexo_5_Veículos_automotores.xlsx|Veic_automotores
25|24.0|2502400|87029000| Outros veículos automóveis para transporte de 10 pessoas ou mais, incluindo o motorista, com volume interno de habitáculo, destinado a passageiros e motorista, superior a 6 m³, mas inferior a 9 m³|DECRETO ICMS/PB Nº 44.681/23|2024-01-01 00:00:00||0.2|0.3|0.00|0.00|0.00|0.00|0.00|0.00|0.00|0.00|0.00||0.5599999999999998|0.5112499999999998|0.43000000000000016|0.00|0.00|0.00|0.00|0.00|0.00|0.00|0.00|0.00|0.00|0.00|0.00|0.00|0.00|||||Anexo_5_Veículos_automotores.xlsx|Veic_automotores
25|25.0|2502500|87034000|Automóveis equipados para propulsão, simultaneamente, com um motor de pistão alternativo de ignição por centelha (faísca*) e um motor elétrico, exceto os suscetíveis de serem carregados por conexão a uma fonte externa de energia elétrica, o carro celular e o carro funerário|DECRETO ICMS/PB Nº 39.158|2019-05-07 00:00:00|2023-12-31 00:00:00|0.18|0.3|0.00|0.00|0.00|0.00|0.00|0.00|0.00|0.00|0.00||0.5219512195121949|0.4743902439024388|0.3951219512195123|0.00|0.00|0.00|0.00|0.00|0.00|0.00|0.00|0.00|0.00|0.00|0.00|0.00|0.00|||||Anexo_5_Veículos_automotores.xlsx|Veic_automotores
25|25.0|2502500|87034000|Automóveis equipados para propulsão, simultaneamente, com um motor de pistão alternativo de ignição por centelha (faísca*) e um motor elétrico, exceto os suscetíveis de serem carregados por conexão a uma fonte externa de energia elétrica, o carro celular e o carro funerário|DECRETO ICMS/PB Nº 44.681/23|2024-01-01 00:00:00||0.2|0.3|0.00|0.00|0.00|0.00|0.00|0.00|0.00|0.00|0.00||0.5599999999999998|0.5112499999999998|0.43000000000000016|0.00|0.00|0.00|0.00|0.00|0.00|0.00|0.00|0.00|0.00|0.00|0.00|0.00|0.00|||||Anexo_5_Veículos_automotores.xlsx|Veic_automotores
25|26.0|2502600|87035000|Automóveis equipados para propulsão, simultaneamente, com um motor de pistão por compressão (diesel ou semidiesel) e um motor elétrico, exceto os suscetíveis de serem carregados por conexão a uma fonte externa de energia elétrica, exceto o carro celular e o carro funerário|DECRETO ICMS/PB Nº 39.158|2019-05-07 00:00:00|2023-12-31 00:00:00|0.18|0.3|0.00|0.00|0.00|0.00|0.00|0.00|0.00|0.00|0.00||0.5219512195121949|0.4743902439024388|0.3951219512195123|0.00|0.00|0.00|0.00|0.00|0.00|0.00|0.00|0.00|0.00|0.00|0.00|0.00|0.00|||||Anexo_5_Veículos_automotores.xlsx|Veic_automotores
25|26.0|2502600|87035000|Automóveis equipados para propulsão, simultaneamente, com um motor de pistão por compressão (diesel ou semidiesel) e um motor elétrico, exceto os suscetíveis de serem carregados por conexão a uma fonte externa de energia elétrica, exceto o carro celular e o carro funerário|DECRETO ICMS/PB Nº 44.681/23|2024-01-01 00:00:00||0.2|0.3|0.00|0.00|0.00|0.00|0.00|0.00|0.00|0.00|0.00||0.5599999999999998|0.5112499999999998|0.43000000000000016|0.00|0.00|0.00|0.00|0.00|0.00|0.00|0.00|0.00|0.00|0.00|0.00|0.00|0.00|||||Anexo_5_Veículos_automotores.xlsx|Veic_automotores
25|27.0|2502700|87036000|Automóveis equipados para propulsão, simultaneamente, com um motor de pistão alternativo de ignição por centelha (faísca*) e um motor elétrico, suscetíveis de serem carregados por conexão a uma fonte externa de energia elétrica, exceto o carro celular e o carro funerário|DECRETO ICMS/PB Nº 39.158|2019-05-07 00:00:00|2023-12-31 00:00:00|0.18|0.3|0.00|0.00|0.00|0.00|0.00|0.00|0.00|0.00|0.00||0.5219512195121949|0.4743902439024388|0.3951219512195123|0.00|0.00|0.00|0.00|0.00|0.00|0.00|0.00|0.00|0.00|0.00|0.00|0.00|0.00|||||Anexo_5_Veículos_automotores.xlsx|Veic_automotores
25|27.0|2502700|87036000|Automóveis equipados para propulsão, simultaneamente, com um motor de pistão alternativo de ignição por centelha (faísca*) e um motor elétrico, suscetíveis de serem carregados por conexão a uma fonte externa de energia elétrica, exceto o carro celular e o carro funerário|DECRETO ICMS/PB Nº 44.681/23|2024-01-01 00:00:00||0.2|0.3|0.00|0.00|0.00|0.00|0.00|0.00|0.00|0.00|0.00||0.5599999999999998|0.5112499999999998|0.43000000000000016|0.00|0.00|0.00|0.00|0.00|0.00|0.00|0.00|0.00|0.00|0.00|0.00|0.00|0.00|||||Anexo_5_Veículos_automotores.xlsx|Veic_automotores
25|28.0|2502800|87037000|Automóveis equipados para propulsão, simultaneamente, com um motor de pistão por compressão (diesel ou semidiesel) e um motor elétrico, suscetíveis de serem carregados por conexão a uma fonte externa de energia elétrica, exceto o carro celular e o carro funerário|DECRETO ICMS/PB Nº 39.158|2019-05-07 00:00:00|2023-12-31 00:00:00|0.18|0.3|0.00|0.00|0.00|0.00|0.00|0.00|0.00|0.00|0.00||0.5219512195121949|0.4743902439024388|0.3951219512195123|0.00|0.00|0.00|0.00|0.00|0.00|0.00|0.00|0.00|0.00|0.00|0.00|0.00|0.00|||||Anexo_5_Veículos_automotores.xlsx|Veic_automotores
25|28.0|2502800|87037000|Automóveis equipados para propulsão, simultaneamente, com um motor de pistão por compressão (diesel ou semidiesel) e um motor elétrico, suscetíveis de serem carregados por conexão a uma fonte externa de energia elétrica, exceto o carro celular e o carro funerário|DECRETO ICMS/PB Nº 44.681/23|2024-01-01 00:00:00||0.2|0.3|0.00|0.00|0.00|0.00|0.00|0.00|0.00|0.00|0.00||0.5599999999999998|0.5112499999999998|0.43000000000000016|0.00|0.00|0.00|0.00|0.00|0.00|0.00|0.00|0.00|0.00|0.00|0.00|0.00|0.00|||||Anexo_5_Veículos_automotores.xlsx|Veic_automotores
25|29.0|2502900|87038000|Outros veículos, equipados unicamente com motor elétrico para propulsão|DECRETO ICMS/PB Nº 39.158|2019-05-07 00:00:00|2023-12-31 00:00:00|0.18|0.3|0.00|0.00|0.00|0.00|0.00|0.00|0.00|0.00|0.00||0.5219512195121949|0.4743902439024388|0.3951219512195123|0.00|0.00|0.00|0.00|0.00|0.00|0.00|0.00|0.00|0.00|0.00|0.00|0.00|0.00|||||Anexo_5_Veículos_automotores.xlsx|Veic_automotores
25|29.0|2502900|87038000|Outros veículos, equipados unicamente com motor elétrico para propulsão|DECRETO ICMS/PB Nº 44.681/23|2024-01-01 00:00:00||0.2|0.3|0.00|0.00|0.00|0.00|0.00|0.00|0.00|0.00|0.00||0.5599999999999998|0.5112499999999998|0.43000000000000016|0.00|0.00|0.00|0.00|0.00|0.00|0.00|0.00|0.00|0.00|0.00|0.00|0.00|0.00|||||Anexo_5_Veículos_automotores.xlsx|Veic_automotores
25|30.0|2503000|87044100|Outros veículos para transportes de mercadorias equipados para propulsão, simultaneamente , com motor de pistão de ignição por compressão (diesel ou semidiesel) e motor elétrico de peso em carga máxima (bruto) não superior a 5 toneladas, exceto caminhão de peso em carga máxima superior a 3,9 toneladas|DECRETO ICMS/PB Nº46.210/25|2025-02-01 00:00:00||0.2|0.3|0.00|0.00|0.00|0.00|0.00|0.00|0.00|0.00|0.00||0.5599999999999998|0.5112499999999998|0.43000000000000016|0.00|0.00|0.00|0.00|0.00|0.00|0.00|0.00|0.00|0.00|0.00|0.00|0.00|0.00|||||Anexo_5_Veículos_automotores.xlsx|Veic_automotores
25|31.0|25.031.00|87045100|Outros veículos para transportes de mercadorias equipados para propulsão, simultaneamente , com motor de pistão de ignição por centelha (faísca) e motor  elétrico de peso em carga máxima (bruto) não superior a 5 toneladas, exceto caminhão de peso em carga máxima superior a 3,9 toneladas|DECRETO ICMS/PB Nº46.210/25|2025-02-01 00:00:00||0.2|0.3|0.00|0.00|0.00|0.00|0.00|0.00|0.00|0.00|0.00||0.5599999999999998|0.5112499999999998|0.43000000000000016|0.00|0.00|0.00|0.00|0.00|0.00|0.00|0.00|0.00|0.00|0.00|0.00|0.00|0.00|||||Anexo_5_Veículos_automotores.xlsx|Veic_automotores
25|32.0|25.032.00  |87046000|"Outros veículos para transporte de mercadorias, unicamente com motor elétrico para propulsão, exceto veículo de peso em carga máxima superior a 3,9 toneladas   

"|DECRETO ICMS/PB Nº46.210/25|2025-02-01 00:00:00||0.2|0.3|0.00|0.00|0.00|0.00|0.00|0.00|0.00|0.00|0.00||0.5599999999999998|0.5112499999999998|0.43000000000000016|0.00|0.00|0.00|0.00|0.00|0.00|0.00|0.00|0.00|0.00|0.00|0.00|0.00|0.00|||||Anexo_5_Veículos_automotores.xlsx|Veic_automotores
26|1.0|26.001.00|8711|Motocicletas (incluídos os ciclomotores) e outros ciclos equipados com motor auxiliar, mesmo com carro lateral; carros laterais|DECRETO ICMS/PB Nº 39.158|2019-05-07 00:00:00||0.18|0.34|0.00|0.00|0.00|0.00|0.00|0.00|0.00|0.00|0.00||0.5687804878048779|0.5197560975609754|0.4380487804878048|0.00|0.00|0.00|0.00|0.00|0.00|0.00|0.00|0.00|0.00|0.00|0.00|0.00|0.00|||||Anexo_5_Veículos_duas_e_três_rodas_automotores.xlsx|Veic_2 e 3 rodas
26|1.0|26.001.00|8711|Motocicletas (incluídos os ciclomotores) e outros ciclos equipados com motor auxiliar, mesmo com carro lateral; carros laterais|DECRETO ICMS/PB Nº 39.158// DECRETO 42.400/22|2019-05-07 00:00:00|2022-02-28 00:00:00|0.18|0.34|0.00|0.00|0.00|0.00|0.00|0.00|0.00|0.00|0.00||0.5687804878048779|0.5197560975609754|0.4380487804878048|0.00|0.00|0.00|0.00|0.00|0.00|0.00|0.00|0.00|0.00|0.00|0.00|0.00|0.00|||||Anexo_5_Veículos_duas_e_três_rodas_automotores_1.xlsx|Veic_2 e 3 rodas
26|1.0|26.001.00|8711|Motocicletas (incluídos os ciclomotores) e outros ciclos equipados com motor auxiliar, mesmo com carro lateral, exceto os classificados  no CEST 26.001.01; carros laterais|DECRETO ICMS/PB Nº 42.400/22|2022-03-01 00:00:00|2023-12-31 00:00:00|0.18|0.34|0.00|0.00|0.00|0.00|0.00|0.00|0.00|0.00|0.00||0.5687804878048779|0.5197560975609754|0.4380487804878048|0.00|0.00|0.00|0.00|0.00|0.00|0.00|0.00|0.00|0.00|0.00|0.00|0.00|0.00|||||Anexo_5_Veículos_duas_e_três_rodas_automotores_1.xlsx|Veic_2 e 3 rodas
26|1.0|26.001.00|8711|Motocicletas (incluídos os ciclomotores) e outros ciclos equipados com motor auxiliar, mesmo com carro lateral, exceto os classificados  no CEST 26.001.01; carros laterais|DECRETO ICMS/PB Nº 44.681/23|2024-01-01 00:00:00||0.2|0.34|0.00|0.00|0.00|0.00|0.00|0.00|0.00|0.00|0.00||0.6079999999999999|0.55775|0.474|0.00|0.00|0.00|0.00|0.00|0.00|0.00|0.00|0.00|0.00|0.00|0.00|0.00|0.00|||||Anexo_5_Veículos_duas_e_três_rodas_automotores_1.xlsx|Veic_2 e 3 rodas
26|1.1|26.001.01|8711|Bicicletas e outros ciclos ( incluídos os triciclos) com propulsão de motor elétrico auxiliar assistido pela força humana.|DECRETO ICMS/PB Nº 42.400/22|2022-03-01 00:00:00|2023-12-31 00:00:00|0.18|0.34|0.00|0.00|0.00|0.00|0.00|0.00|0.00|0.00|0.00||0.5687804878048779|0.5197560975609754|0.4380487804878048|0.00|0.00|0.00|0.00|0.00|0.00|0.00|0.00|0.00|0.00|0.00|0.00|0.00|0.00|||||Anexo_5_Veículos_duas_e_três_rodas_automotores_1.xlsx|Veic_2 e 3 rodas
26|1.1|26.001.01|8711|Bicicletas e outros ciclos ( incluídos os triciclos) com propulsão de motor elétrico auxiliar assistido pela força humana.|DECRETO ICMS/PB Nº 44.681/23|2024-01-01 00:00:00||0.2|0.34|0.00|0.00|0.00|0.00|0.00|0.00|0.00|0.00|0.00||0.6079999999999999|0.55775|0.474|0.00|0.00|0.00|0.00|0.00|0.00|0.00|0.00|0.00|0.00|0.00|0.00|0.00|0.00|||||Anexo_5_Veículos_duas_e_três_rodas_automotores_1.xlsx|Veic_2 e 3 rodas
||||||||||||||||||||||||||||||||||||||||||
||||||||||||||||||||||||||||||||||||||||||
||||||||||||||||||||||||||||||||||||||||||
||||||||||||||||||||||||||||||||||||||||||
||||||||||||||||||||||||||||||||||||||||||
||||||||||||||||||||||||||||||||||||||||||